Province ID,District ID,Municipality ID,Municipality Name,Ward No,Area Name,Total Households,Total Population,Male Population,Female Population
1,1,1,Phaktanlung Gaunpalika,1,Ward - 1,299,1211,588,623
1,1,1,Phaktanlung Gaunpalika,2,Ward - 2,544,2417,1240,1177
1,1,1,Phaktanlung Gaunpalika,3,Ward - 3,527,2180,1145,1035
1,1,1,Phaktanlung Gaunpalika,4,Ward - 4,472,2020,1025,995
1,1,1,Phaktanlung Gaunpalika,5,Ward - 5,403,1629,844,785
1,1,1,Phaktanlung Gaunpalika,6,Ward - 6,522,2147,1152,995
1,1,1,Phaktanlung Gaunpalika,7,Ward - 7,65,187,94,93
1,1,2,Mikwakhola Gaunpalika,1,Ward - 1,356,1527,762,765
1,1,2,Mikwakhola Gaunpalika,2,Ward - 2,348,1506,728,778
1,1,2,Mikwakhola Gaunpalika,3,Ward - 3,334,1466,716,750
1,1,2,Mikwakhola Gaunpalika,4,Ward - 4,551,2354,1199,1155
1,1,2,Mikwakhola Gaunpalika,5,Ward - 5,256,1111,549,562
1,1,3,Meringden Gaunpalika,1,Ward - 1,467,1969,992,977
1,1,3,Meringden Gaunpalika,2,Ward - 2,533,2586,1275,1311
1,1,3,Meringden Gaunpalika,3,Ward - 3,339,1395,693,702
1,1,3,Meringden Gaunpalika,4,Ward - 4,330,1581,783,798
1,1,3,Meringden Gaunpalika,5,Ward - 5,599,2524,1215,1309
1,1,3,Meringden Gaunpalika,6,Ward - 6,394,1783,901,882
1,1,4,Maiwakhola Gaunpalika,1,Ward - 1,415,1881,914,967
1,1,4,Maiwakhola Gaunpalika,2,Ward - 2,344,1599,802,797
1,1,4,Maiwakhola Gaunpalika,3,Ward - 3,432,1802,907,895
1,1,4,Maiwakhola Gaunpalika,4,Ward - 4,339,1557,770,787
1,1,4,Maiwakhola Gaunpalika,5,Ward - 5,391,1863,974,889
1,1,4,Maiwakhola Gaunpalika,6,Ward - 6,328,1511,786,725
1,1,5,Aatharai Tribeni Gaunpalika,1,Ward - 1,455,2152,1023,1129
1,1,5,Aatharai Tribeni Gaunpalika,2,Ward - 2,701,2988,1482,1506
1,1,5,Aatharai Tribeni Gaunpalika,3,Ward - 3,814,3478,1755,1723
1,1,5,Aatharai Tribeni Gaunpalika,4,Ward - 4,461,1859,928,931
1,1,5,Aatharai Tribeni Gaunpalika,5,Ward - 5,423,1819,878,941
1,1,6,Phungling Municipality,1,Ward - 1,269,1213,597,616
1,1,6,Phungling Municipality,2,Ward - 2,956,3711,1796,1915
1,1,6,Phungling Municipality,3,Ward - 3,650,2782,1342,1440
1,1,6,Phungling Municipality,4,Ward - 4,1072,4103,2016,2087
1,1,6,Phungling Municipality,5,Ward - 5,542,2081,1005,1076
1,1,6,Phungling Municipality,6,Ward - 6,779,3071,1489,1582
1,1,6,Phungling Municipality,7,Ward - 7,459,1713,841,872
1,1,6,Phungling Municipality,8,Ward - 8,508,2377,1187,1190
1,1,6,Phungling Municipality,9,Ward - 9,812,3584,1794,1790
1,1,6,Phungling Municipality,10,Ward - 10,569,2453,1238,1215
1,1,6,Phungling Municipality,11,Ward - 11,282,1361,676,685
1,1,7,Pathivara Yangwarak Gaunpalika,1,Ward - 1,757,3256,1637,1619
1,1,7,Pathivara Yangwarak Gaunpalika,2,Ward - 2,705,3141,1539,1602
1,1,7,Pathivara Yangwarak Gaunpalika,3,Ward - 3,341,1546,757,789
1,1,7,Pathivara Yangwarak Gaunpalika,4,Ward - 4,291,1294,646,648
1,1,7,Pathivara Yangwarak Gaunpalika,5,Ward - 5,177,807,395,412
1,1,7,Pathivara Yangwarak Gaunpalika,6,Ward - 6,434,1762,884,878
1,1,8,Sirijanga Gaunpalika,1,Ward - 1,426,1776,876,900
1,1,8,Sirijanga Gaunpalika,2,Ward - 2,616,2725,1395,1330
1,1,8,Sirijanga Gaunpalika,3,Ward - 3,428,1816,925,891
1,1,8,Sirijanga Gaunpalika,4,Ward - 4,555,2318,1203,1115
1,1,8,Sirijanga Gaunpalika,5,Ward - 5,337,1566,800,766
1,1,8,Sirijanga Gaunpalika,6,Ward - 6,226,1022,513,509
1,1,8,Sirijanga Gaunpalika,7,Ward - 7,501,2181,1100,1081
1,1,8,Sirijanga Gaunpalika,8,Ward - 8,166,710,363,347
1,1,9,Sidingba Gaunpalika,1,Ward - 1,145,653,328,325
1,1,9,Sidingba Gaunpalika,2,Ward - 2,226,965,489,476
1,1,9,Sidingba Gaunpalika,3,Ward - 3,490,2231,1115,1116
1,1,9,Sidingba Gaunpalika,4,Ward - 4,453,1970,995,975
1,1,9,Sidingba Gaunpalika,5,Ward - 5,354,1545,782,763
1,1,9,Sidingba Gaunpalika,6,Ward - 6,451,2000,1004,996
1,1,9,Sidingba Gaunpalika,7,Ward - 7,357,1615,818,797
1,2,1,Bhotkhola Gaunpalika,1,Ward - 1,83,300,142,158
1,2,1,Bhotkhola Gaunpalika,2,Ward - 2,387,1375,671,704
1,2,1,Bhotkhola Gaunpalika,3,Ward - 3,349,1082,527,555
1,2,1,Bhotkhola Gaunpalika,4,Ward - 4,505,2017,1006,1011
1,2,1,Bhotkhola Gaunpalika,5,Ward - 5,360,1664,854,810
1,2,2,Makalu Gaunpalika,1,Ward - 1,211,651,350,301
1,2,2,Makalu Gaunpalika,2,Ward - 2,694,2759,1425,1334
1,2,2,Makalu Gaunpalika,3,Ward - 3,859,3348,1718,1630
1,2,2,Makalu Gaunpalika,4,Ward - 4,372,1477,767,710
1,2,2,Makalu Gaunpalika,5,Ward - 5,1062,4142,2108,2034
1,2,2,Makalu Gaunpalika,6,Ward - 6,278,1047,536,511
1,2,3,Silichong Gaunpalika,1,Ward - 1,600,2383,1223,1160
1,2,3,Silichong Gaunpalika,2,Ward - 2,566,2509,1253,1256
1,2,3,Silichong Gaunpalika,3,Ward - 3,610,2590,1318,1272
1,2,3,Silichong Gaunpalika,4,Ward - 4,441,1801,893,908
1,2,3,Silichong Gaunpalika,5,Ward - 5,273,1013,524,489
1,2,4,Chichila Gaunpalika,1,Ward - 1,325,1238,618,620
1,2,4,Chichila Gaunpalika,2,Ward - 2,406,1612,804,808
1,2,4,Chichila Gaunpalika,3,Ward - 3,260,1011,515,496
1,2,4,Chichila Gaunpalika,4,Ward - 4,328,1300,622,678
1,2,4,Chichila Gaunpalika,5,Ward - 5,345,1416,703,713
1,2,5,Sabhapokhari Gaunpalika,1,Ward - 1,640,2311,1116,1195
1,2,5,Sabhapokhari Gaunpalika,2,Ward - 2,465,1876,948,928
1,2,5,Sabhapokhari Gaunpalika,3,Ward - 3,447,1859,950,909
1,2,5,Sabhapokhari Gaunpalika,4,Ward - 4,208,821,410,411
1,2,5,Sabhapokhari Gaunpalika,5,Ward - 5,163,731,397,334
1,2,5,Sabhapokhari Gaunpalika,6,Ward - 6,584,2372,1157,1215
1,2,6,Khandabari Municipality,1,Ward - 1,1612,5675,2807,2868
1,2,6,Khandabari Municipality,2,Ward - 2,470,1810,861,949
1,2,6,Khandabari Municipality,3,Ward - 3,1037,4024,1949,2075
1,2,6,Khandabari Municipality,4,Ward - 4,868,3350,1635,1715
1,2,6,Khandabari Municipality,5,Ward - 5,372,1496,752,744
1,2,6,Khandabari Municipality,6,Ward - 6,545,2094,1033,1061
1,2,6,Khandabari Municipality,7,Ward - 7,1017,3851,1854,1997
1,2,6,Khandabari Municipality,8,Ward - 8,831,3349,1672,1677
1,2,6,Khandabari Municipality,9,Ward - 9,1370,5488,2662,2826
1,2,6,Khandabari Municipality,10,Ward - 10,720,2635,1271,1364
1,2,6,Khandabari Municipality,11,Ward - 11,467,1793,860,933
1,2,7,Panchakhapan Municipality,1,Ward - 1,492,1998,982,1016
1,2,7,Panchakhapan Municipality,2,Ward - 2,401,1547,761,786
1,2,7,Panchakhapan Municipality,3,Ward - 3,513,2113,1073,1040
1,2,7,Panchakhapan Municipality,4,Ward - 4,510,2080,1019,1061
1,2,7,Panchakhapan Municipality,5,Ward - 5,324,1244,608,636
1,2,7,Panchakhapan Municipality,6,Ward - 6,473,1957,981,976
1,2,7,Panchakhapan Municipality,7,Ward - 7,463,1852,874,978
1,2,7,Panchakhapan Municipality,8,Ward - 8,447,1949,951,998
1,2,7,Panchakhapan Municipality,9,Ward - 9,377,1608,780,828
1,2,8,Chainapur Municipality,1,Ward - 1,539,1995,980,1015
1,2,8,Chainapur Municipality,2,Ward - 2,536,2273,1129,1144
1,2,8,Chainapur Municipality,3,Ward - 3,713,2992,1478,1514
1,2,8,Chainapur Municipality,4,Ward - 4,527,2257,1127,1130
1,2,8,Chainapur Municipality,5,Ward - 5,382,1658,823,835
1,2,8,Chainapur Municipality,6,Ward - 6,960,3638,1767,1871
1,2,8,Chainapur Municipality,7,Ward - 7,694,2727,1342,1385
1,2,8,Chainapur Municipality,8,Ward - 8,360,1521,741,780
1,2,8,Chainapur Municipality,9,Ward - 9,588,2363,1124,1239
1,2,8,Chainapur Municipality,10,Ward - 10,690,2763,1320,1443
1,2,8,Chainapur Municipality,11,Ward - 11,659,2612,1294,1318
1,2,9,Madi Municipality,1,Ward - 1,332,1420,724,696
1,2,9,Madi Municipality,2,Ward - 2,215,918,447,471
1,2,9,Madi Municipality,3,Ward - 3,493,1896,914,982
1,2,9,Madi Municipality,4,Ward - 4,707,2728,1299,1429
1,2,9,Madi Municipality,5,Ward - 5,490,2048,1006,1042
1,2,9,Madi Municipality,6,Ward - 6,328,1303,634,669
1,2,9,Madi Municipality,7,Ward - 7,226,884,430,454
1,2,9,Madi Municipality,8,Ward - 8,224,885,443,442
1,2,9,Madi Municipality,9,Ward - 9,266,1191,591,600
1,2,10,Dharmadevi Municipality,1,Ward - 1,541,2147,1079,1068
1,2,10,Dharmadevi Municipality,2,Ward - 2,389,1486,728,758
1,2,10,Dharmadevi Municipality,3,Ward - 3,777,3020,1508,1512
1,2,10,Dharmadevi Municipality,4,Ward - 4,379,1534,755,779
1,2,10,Dharmadevi Municipality,5,Ward - 5,497,1980,965,1015
1,2,10,Dharmadevi Municipality,6,Ward - 6,398,1629,766,863
1,2,10,Dharmadevi Municipality,7,Ward - 7,308,1211,571,640
1,2,10,Dharmadevi Municipality,8,Ward - 8,354,1411,669,742
1,2,10,Dharmadevi Municipality,9,Ward - 9,416,1635,784,851
1,3,1,Khumbu Pasanglhamu Gaunpalika,1,Ward - 1,425,1557,797,760
1,3,1,Khumbu Pasanglhamu Gaunpalika,2,Ward - 2,555,2286,1147,1139
1,3,1,Khumbu Pasanglhamu Gaunpalika,3,Ward - 3,508,1610,820,790
1,3,1,Khumbu Pasanglhamu Gaunpalika,4,Ward - 4,583,2012,976,1036
1,3,1,Khumbu Pasanglhamu Gaunpalika,5,Ward - 5,418,1255,651,604
1,3,2,Mahakulung Gaunpalika,1,Ward - 1,766,3269,1639,1630
1,3,2,Mahakulung Gaunpalika,2,Ward - 2,462,1970,969,1001
1,3,2,Mahakulung Gaunpalika,3,Ward - 3,835,3277,1624,1653
1,3,2,Mahakulung Gaunpalika,4,Ward - 4,454,1808,894,914
1,3,2,Mahakulung Gaunpalika,5,Ward - 5,395,1523,744,779
1,3,3,Sotang Gaunpalika,1,Ward - 1,373,1490,769,721
1,3,3,Sotang Gaunpalika,2,Ward - 2,215,794,423,371
1,3,3,Sotang Gaunpalika,3,Ward - 3,469,1991,993,998
1,3,3,Sotang Gaunpalika,4,Ward - 4,510,1977,989,988
1,3,3,Sotang Gaunpalika,5,Ward - 5,729,2773,1370,1403
1,3,4,Mapya Dudhkoshi Gaunpalika,1,Ward - 1,394,1528,765,763
1,3,4,Mapya Dudhkoshi Gaunpalika,2,Ward - 2,365,1451,734,717
1,3,4,Mapya Dudhkoshi Gaunpalika,3,Ward - 3,413,1696,853,843
1,3,4,Mapya Dudhkoshi Gaunpalika,4,Ward - 4,376,1363,703,660
1,3,4,Mapya Dudhkoshi Gaunpalika,5,Ward - 5,528,2072,1046,1026
1,3,4,Mapya Dudhkoshi Gaunpalika,6,Ward - 6,556,2329,1178,1151
1,3,4,Mapya Dudhkoshi Gaunpalika,7,Ward - 7,508,2209,1096,1113
1,3,5,Thulung Dudhkoshi Gaunpalika,1,Ward - 1,637,2402,1169,1233
1,3,5,Thulung Dudhkoshi Gaunpalika,2,Ward - 2,431,1750,863,887
1,3,5,Thulung Dudhkoshi Gaunpalika,3,Ward - 3,351,1456,731,725
1,3,5,Thulung Dudhkoshi Gaunpalika,4,Ward - 4,342,1316,640,676
1,3,5,Thulung Dudhkoshi Gaunpalika,5,Ward - 5,501,1921,953,968
1,3,5,Thulung Dudhkoshi Gaunpalika,6,Ward - 6,576,2244,1127,1117
1,3,5,Thulung Dudhkoshi Gaunpalika,7,Ward - 7,480,2003,1003,1000
1,3,5,Thulung Dudhkoshi Gaunpalika,8,Ward - 8,494,1976,1014,962
1,3,5,Thulung Dudhkoshi Gaunpalika,9,Ward - 9,812,3286,1658,1628
1,3,6,Necha Salyan Gaunpalika,1,Ward - 1,628,2668,1279,1389
1,3,6,Necha Salyan Gaunpalika,2,Ward - 2,513,2091,1045,1046
1,3,6,Necha Salyan Gaunpalika,3,Ward - 3,745,2948,1455,1493
1,3,6,Necha Salyan Gaunpalika,4,Ward - 4,424,1651,811,840
1,3,6,Necha Salyan Gaunpalika,5,Ward - 5,473,2023,1007,1016
1,3,7,Solu Dhudhakunda Municipality,1,Ward - 1,508,1888,962,926
1,3,7,Solu Dhudhakunda Municipality,2,Ward - 2,373,1631,871,760
1,3,7,Solu Dhudhakunda Municipality,3,Ward - 3,281,1016,488,528
1,3,7,Solu Dhudhakunda Municipality,4,Ward - 4,464,1824,896,928
1,3,7,Solu Dhudhakunda Municipality,5,Ward - 5,1105,4113,1985,2128
1,3,7,Solu Dhudhakunda Municipality,6,Ward - 6,608,2313,1180,1133
1,3,7,Solu Dhudhakunda Municipality,7,Ward - 7,628,2363,1153,1210
1,3,7,Solu Dhudhakunda Municipality,8,Ward - 8,957,3580,1751,1829
1,3,7,Solu Dhudhakunda Municipality,9,Ward - 9,310,1129,561,568
1,3,7,Solu Dhudhakunda Municipality,10,Ward - 10,538,1937,940,997
1,3,7,Solu Dhudhakunda Municipality,11,Ward - 11,972,3884,1885,1999
1,3,8,Likhu Pike Gaunpalika,1,Ward - 1,162,601,305,296
1,3,8,Likhu Pike Gaunpalika,2,Ward - 2,318,1263,631,632
1,3,8,Likhu Pike Gaunpalika,3,Ward - 3,242,1179,576,603
1,3,8,Likhu Pike Gaunpalika,4,Ward - 4,229,966,499,467
1,3,8,Likhu Pike Gaunpalika,5,Ward - 5,300,1325,662,663
1,4,1,Chishankhu Gadhi Gaunpalika,1,Ward - 1,382,1564,764,800
1,4,1,Chishankhu Gadhi Gaunpalika,2,Ward - 2,312,1207,570,637
1,4,1,Chishankhu Gadhi Gaunpalika,3,Ward - 3,486,2033,1011,1022
1,4,1,Chishankhu Gadhi Gaunpalika,4,Ward - 4,376,1779,905,874
1,4,1,Chishankhu Gadhi Gaunpalika,5,Ward - 5,393,1654,823,831
1,4,1,Chishankhu Gadhi Gaunpalika,6,Ward - 6,635,2759,1299,1460
1,4,1,Chishankhu Gadhi Gaunpalika,7,Ward - 7,333,1373,689,684
1,4,1,Chishankhu Gadhi Gaunpalika,8,Ward - 8,388,1475,723,752
1,4,2,Siddhicharan Municipality,1,Ward - 1,443,1889,931,958
1,4,2,Siddhicharan Municipality,2,Ward - 2,751,2766,1315,1451
1,4,2,Siddhicharan Municipality,3,Ward - 3,615,2203,1066,1137
1,4,2,Siddhicharan Municipality,4,Ward - 4,751,2682,1252,1430
1,4,2,Siddhicharan Municipality,5,Ward - 5,734,2918,1397,1521
1,4,2,Siddhicharan Municipality,6,Ward - 6,462,2022,987,1035
1,4,2,Siddhicharan Municipality,7,Ward - 7,577,2285,1157,1128
1,4,2,Siddhicharan Municipality,8,Ward - 8,423,1571,717,854
1,4,2,Siddhicharan Municipality,9,Ward - 9,564,1982,921,1061
1,4,2,Siddhicharan Municipality,10,Ward - 10,472,1814,830,984
1,4,2,Siddhicharan Municipality,11,Ward - 11,838,3341,1623,1718
1,4,2,Siddhicharan Municipality,12,Ward - 12,496,1878,901,977
1,4,3,Molung Gaunpalika,1,Ward - 1,584,2224,1055,1169
1,4,3,Molung Gaunpalika,2,Ward - 2,882,3327,1601,1726
1,4,3,Molung Gaunpalika,3,Ward - 3,299,1206,589,617
1,4,3,Molung Gaunpalika,4,Ward - 4,484,1899,892,1007
1,4,3,Molung Gaunpalika,5,Ward - 5,347,1441,699,742
1,4,3,Molung Gaunpalika,6,Ward - 6,527,2325,1166,1159
1,4,3,Molung Gaunpalika,7,Ward - 7,455,2031,1039,992
1,4,3,Molung Gaunpalika,8,Ward - 8,491,1987,986,1001
1,4,4,Khiji Demba Gaunpalika,1,Ward - 1,438,1945,974,971
1,4,4,Khiji Demba Gaunpalika,2,Ward - 2,353,1428,703,725
1,4,4,Khiji Demba Gaunpalika,3,Ward - 3,287,1515,745,770
1,4,4,Khiji Demba Gaunpalika,4,Ward - 4,373,1556,771,785
1,4,4,Khiji Demba Gaunpalika,5,Ward - 5,440,1782,878,904
1,4,4,Khiji Demba Gaunpalika,6,Ward - 6,488,2278,1168,1110
1,4,4,Khiji Demba Gaunpalika,7,Ward - 7,360,1512,791,721
1,4,4,Khiji Demba Gaunpalika,8,Ward - 8,343,1390,707,683
1,4,4,Khiji Demba Gaunpalika,9,Ward - 9,356,2153,1094,1059
1,4,5,Likhu Gaunpalika,1,Ward - 1,191,679,336,343
1,4,5,Likhu Gaunpalika,2,Ward - 2,296,1073,523,550
1,4,5,Likhu Gaunpalika,3,Ward - 3,359,1272,602,670
1,4,5,Likhu Gaunpalika,4,Ward - 4,294,1066,489,577
1,4,5,Likhu Gaunpalika,5,Ward - 5,351,1483,755,728
1,4,5,Likhu Gaunpalika,6,Ward - 6,265,1112,549,563
1,4,5,Likhu Gaunpalika,7,Ward - 7,327,1274,596,678
1,4,5,Likhu Gaunpalika,8,Ward - 8,457,1742,857,885
1,4,5,Likhu Gaunpalika,9,Ward - 9,621,2403,1211,1192
1,4,6,Champadevi Gaunpalika,1,Ward - 1,554,2163,989,1174
1,4,6,Champadevi Gaunpalika,2,Ward - 2,540,2445,1145,1300
1,4,6,Champadevi Gaunpalika,3,Ward - 3,383,1509,747,762
1,4,6,Champadevi Gaunpalika,4,Ward - 4,429,1746,880,866
1,4,6,Champadevi Gaunpalika,5,Ward - 5,338,1410,683,727
1,4,6,Champadevi Gaunpalika,6,Ward - 6,537,2018,961,1057
1,4,6,Champadevi Gaunpalika,7,Ward - 7,321,1246,619,627
1,4,6,Champadevi Gaunpalika,8,Ward - 8,272,1151,566,585
1,4,6,Champadevi Gaunpalika,9,Ward - 9,269,1092,535,557
1,4,6,Champadevi Gaunpalika,10,Ward - 10,391,1531,733,798
1,4,7,Sunkoshi Gaunpalika,1,Ward - 1,484,2145,1051,1094
1,4,7,Sunkoshi Gaunpalika,2,Ward - 2,433,1773,878,895
1,4,7,Sunkoshi Gaunpalika,3,Ward - 3,445,1922,925,997
1,4,7,Sunkoshi Gaunpalika,4,Ward - 4,452,2276,1139,1137
1,4,7,Sunkoshi Gaunpalika,5,Ward - 5,489,1713,853,860
1,4,7,Sunkoshi Gaunpalika,6,Ward - 6,403,1719,807,912
1,4,7,Sunkoshi Gaunpalika,7,Ward - 7,353,1338,634,704
1,4,7,Sunkoshi Gaunpalika,8,Ward - 8,307,1135,551,584
1,4,7,Sunkoshi Gaunpalika,9,Ward - 9,506,1870,911,959
1,4,7,Sunkoshi Gaunpalika,10,Ward - 10,496,1892,924,968
1,4,8,Manebhanjyang Gaunpalika,1,Ward - 1,413,1640,782,858
1,4,8,Manebhanjyang Gaunpalika,2,Ward - 2,548,2034,948,1086
1,4,8,Manebhanjyang Gaunpalika,3,Ward - 3,734,2649,1239,1410
1,4,8,Manebhanjyang Gaunpalika,4,Ward - 4,727,2819,1385,1434
1,4,8,Manebhanjyang Gaunpalika,5,Ward - 5,685,3012,1469,1543
1,4,8,Manebhanjyang Gaunpalika,6,Ward - 6,570,2714,1321,1393
1,4,8,Manebhanjyang Gaunpalika,7,Ward - 7,364,1690,846,844
1,4,8,Manebhanjyang Gaunpalika,8,Ward - 8,253,1019,466,553
1,4,8,Manebhanjyang Gaunpalika,9,Ward - 9,491,2020,924,1096
1,5,1,Kepilasgadhi Gaunpalika,1,Ward - 1,656,2767,1323,1444
1,5,1,Kepilasgadhi Gaunpalika,2,Ward - 2,399,1526,789,737
1,5,1,Kepilasgadhi Gaunpalika,3,Ward - 3,310,1212,593,619
1,5,1,Kepilasgadhi Gaunpalika,4,Ward - 4,813,3083,1532,1551
1,5,1,Kepilasgadhi Gaunpalika,5,Ward - 5,414,1716,821,895
1,5,1,Kepilasgadhi Gaunpalika,6,Ward - 6,188,806,420,386
1,5,1,Kepilasgadhi Gaunpalika,7,Ward - 7,538,2121,1057,1064
1,5,2,Aiselukharka Gaunpalika,1,Ward - 1,481,1986,982,1004
1,5,2,Aiselukharka Gaunpalika,2,Ward - 2,597,2315,1153,1162
1,5,2,Aiselukharka Gaunpalika,3,Ward - 3,710,2849,1404,1445
1,5,2,Aiselukharka Gaunpalika,4,Ward - 4,477,1792,872,920
1,5,2,Aiselukharka Gaunpalika,5,Ward - 5,475,1995,983,1012
1,5,2,Aiselukharka Gaunpalika,6,Ward - 6,264,1042,542,500
1,5,2,Aiselukharka Gaunpalika,7,Ward - 7,351,1238,620,618
1,5,3,Rawa Besi Gaunpalika,1,Ward - 1,457,1838,899,939
1,5,3,Rawa Besi Gaunpalika,2,Ward - 2,413,1695,854,841
1,5,3,Rawa Besi Gaunpalika,3,Ward - 3,538,2344,1120,1224
1,5,3,Rawa Besi Gaunpalika,4,Ward - 4,525,2096,993,1103
1,5,3,Rawa Besi Gaunpalika,5,Ward - 5,300,1248,584,664
1,5,3,Rawa Besi Gaunpalika,6,Ward - 6,482,1978,938,1040
1,5,4,Halesi Tuwachung Municipality,1,Ward - 1,563,2665,1362,1303
1,5,4,Halesi Tuwachung Municipality,2,Ward - 2,463,2910,1480,1430
1,5,4,Halesi Tuwachung Municipality,3,Ward - 3,579,2958,1478,1480
1,5,4,Halesi Tuwachung Municipality,4,Ward - 4,329,1299,650,649
1,5,4,Halesi Tuwachung Municipality,5,Ward - 5,767,3369,1632,1737
1,5,4,Halesi Tuwachung Municipality,6,Ward - 6,444,1974,955,1019
1,5,4,Halesi Tuwachung Municipality,7,Ward - 7,771,3092,1529,1563
1,5,4,Halesi Tuwachung Municipality,8,Ward - 8,519,2150,1036,1114
1,5,4,Halesi Tuwachung Municipality,9,Ward - 9,308,1195,580,615
1,5,4,Halesi Tuwachung Municipality,10,Ward - 10,672,2783,1336,1447
1,5,4,Halesi Tuwachung Municipality,11,Ward - 11,620,2683,1320,1363
1,5,5,Diktel Rupakot Majhuwagadhi Municipality,1,Ward - 1,1822,6482,3158,3324
1,5,5,Diktel Rupakot Majhuwagadhi Municipality,2,Ward - 2,924,3520,1711,1809
1,5,5,Diktel Rupakot Majhuwagadhi Municipality,3,Ward - 3,725,2823,1333,1490
1,5,5,Diktel Rupakot Majhuwagadhi Municipality,4,Ward - 4,630,2713,1321,1392
1,5,5,Diktel Rupakot Majhuwagadhi Municipality,5,Ward - 5,595,2538,1205,1333
1,5,5,Diktel Rupakot Majhuwagadhi Municipality,6,Ward - 6,644,2604,1277,1327
1,5,5,Diktel Rupakot Majhuwagadhi Municipality,7,Ward - 7,603,2561,1258,1303
1,5,5,Diktel Rupakot Majhuwagadhi Municipality,8,Ward - 8,471,2027,988,1039
1,5,5,Diktel Rupakot Majhuwagadhi Municipality,9,Ward - 9,439,1772,873,899
1,5,5,Diktel Rupakot Majhuwagadhi Municipality,10,Ward - 10,776,3382,1617,1765
1,5,5,Diktel Rupakot Majhuwagadhi Municipality,11,Ward - 11,727,3034,1502,1532
1,5,5,Diktel Rupakot Majhuwagadhi Municipality,12,Ward - 12,596,2399,1146,1253
1,5,5,Diktel Rupakot Majhuwagadhi Municipality,13,Ward - 13,351,1401,685,716
1,5,5,Diktel Rupakot Majhuwagadhi Municipality,14,Ward - 14,942,3802,1855,1947
1,5,5,Diktel Rupakot Majhuwagadhi Municipality,15,Ward - 15,522,1950,894,1056
1,5,6,Sakela Gaunpalika,1,Ward - 1,567,2599,1316,1283
1,5,6,Sakela Gaunpalika,2,Ward - 2,514,1968,960,1008
1,5,6,Sakela Gaunpalika,3,Ward - 3,403,1762,864,898
1,5,6,Sakela Gaunpalika,4,Ward - 4,441,1850,951,899
1,5,6,Sakela Gaunpalika,5,Ward - 5,374,1444,734,710
1,5,7,Diprung Chuichumma Gaunpalika,1,Ward - 1,551,2367,1150,1217
1,5,7,Diprung Chuichumma Gaunpalika,2,Ward - 2,522,2154,1028,1126
1,5,7,Diprung Chuichumma Gaunpalika,3,Ward - 3,462,1895,950,945
1,5,7,Diprung Chuichumma Gaunpalika,4,Ward - 4,679,3126,1563,1563
1,5,7,Diprung Chuichumma Gaunpalika,5,Ward - 5,532,2368,1143,1225
1,5,7,Diprung Chuichumma Gaunpalika,6,Ward - 6,374,1554,801,753
1,5,7,Diprung Chuichumma Gaunpalika,7,Ward - 7,681,2841,1408,1433
1,5,8,Khotehang Gaunpalika,1,Ward - 1,396,1610,801,809
1,5,8,Khotehang Gaunpalika,2,Ward - 2,430,1782,878,904
1,5,8,Khotehang Gaunpalika,3,Ward - 3,493,1988,972,1016
1,5,8,Khotehang Gaunpalika,4,Ward - 4,446,1811,886,925
1,5,8,Khotehang Gaunpalika,5,Ward - 5,213,958,491,467
1,5,8,Khotehang Gaunpalika,6,Ward - 6,496,2043,1013,1030
1,5,8,Khotehang Gaunpalika,7,Ward - 7,430,1624,787,837
1,5,8,Khotehang Gaunpalika,8,Ward - 8,621,2469,1147,1322
1,5,8,Khotehang Gaunpalika,9,Ward - 9,590,2561,1285,1276
1,5,9,Jante Dhunga Gaunpalika,1,Ward - 1,378,1800,897,903
1,5,9,Jante Dhunga Gaunpalika,2,Ward - 2,407,1860,948,912
1,5,9,Jante Dhunga Gaunpalika,3,Ward - 3,334,1320,623,697
1,5,9,Jante Dhunga Gaunpalika,4,Ward - 4,448,1993,998,995
1,5,9,Jante Dhunga Gaunpalika,5,Ward - 5,848,3676,1779,1897
1,5,9,Jante Dhunga Gaunpalika,6,Ward - 6,332,1367,665,702
1,5,10,Baraha Pokhari Gaunpalika,1,Ward - 1,632,2925,1477,1448
1,5,10,Baraha Pokhari Gaunpalika,2,Ward - 2,433,1879,903,976
1,5,10,Baraha Pokhari Gaunpalika,3,Ward - 3,404,1643,815,828
1,5,10,Baraha Pokhari Gaunpalika,4,Ward - 4,436,1878,912,966
1,5,10,Baraha Pokhari Gaunpalika,5,Ward - 5,412,1954,994,960
1,5,10,Baraha Pokhari Gaunpalika,6,Ward - 6,251,1118,569,549
1,6,1,Shadananda Municipality,1,Ward - 1,844,3278,1640,1638
1,6,1,Shadananda Municipality,2,Ward - 2,525,2093,1083,1010
1,6,1,Shadananda Municipality,3,Ward - 3,343,1404,697,707
1,6,1,Shadananda Municipality,4,Ward - 4,515,2070,1030,1040
1,6,1,Shadananda Municipality,5,Ward - 5,504,2109,1044,1065
1,6,1,Shadananda Municipality,6,Ward - 6,531,2021,987,1034
1,6,1,Shadananda Municipality,7,Ward - 7,486,2026,1020,1006
1,6,1,Shadananda Municipality,8,Ward - 8,564,2370,1170,1200
1,6,1,Shadananda Municipality,9,Ward - 9,336,1310,659,651
1,6,1,Shadananda Municipality,10,Ward - 10,740,2864,1410,1454
1,6,1,Shadananda Municipality,11,Ward - 11,604,2450,1196,1254
1,6,1,Shadananda Municipality,12,Ward - 12,570,2379,1183,1196
1,6,1,Shadananda Municipality,13,Ward - 13,355,1315,634,681
1,6,1,Shadananda Municipality,14,Ward - 14,394,1653,805,848
1,6,2,Salpa Silichho Gaunpalika,1,Ward - 1,551,2200,1099,1101
1,6,2,Salpa Silichho Gaunpalika,2,Ward - 2,477,2026,1001,1025
1,6,2,Salpa Silichho Gaunpalika,3,Ward - 3,495,1931,942,989
1,6,2,Salpa Silichho Gaunpalika,4,Ward - 4,431,1782,877,905
1,6,2,Salpa Silichho Gaunpalika,5,Ward - 5,516,2034,1005,1029
1,6,2,Salpa Silichho Gaunpalika,6,Ward - 6,528,2311,1184,1127
1,6,3,Temkemaiyum Gaunpalika,1,Ward - 1,535,2051,1048,1003
1,6,3,Temkemaiyum Gaunpalika,2,Ward - 2,563,2192,1094,1098
1,6,3,Temkemaiyum Gaunpalika,3,Ward - 3,355,1430,709,721
1,6,3,Temkemaiyum Gaunpalika,4,Ward - 4,262,1163,569,594
1,6,3,Temkemaiyum Gaunpalika,5,Ward - 5,432,1682,828,854
1,6,3,Temkemaiyum Gaunpalika,6,Ward - 6,337,1284,620,664
1,6,3,Temkemaiyum Gaunpalika,7,Ward - 7,418,1726,834,892
1,6,3,Temkemaiyum Gaunpalika,8,Ward - 8,457,1863,879,984
1,6,3,Temkemaiyum Gaunpalika,9,Ward - 9,495,2073,1044,1029
1,6,4,Bhojpur Municipality,1,Ward - 1,304,1268,645,623
1,6,4,Bhojpur Municipality,2,Ward - 2,430,1882,972,910
1,6,4,Bhojpur Municipality,3,Ward - 3,453,1830,887,943
1,6,4,Bhojpur Municipality,4,Ward - 4,659,2678,1290,1388
1,6,4,Bhojpur Municipality,5,Ward - 5,662,2579,1260,1319
1,6,4,Bhojpur Municipality,6,Ward - 6,461,1800,838,962
1,6,4,Bhojpur Municipality,7,Ward - 7,900,3106,1514,1592
1,6,4,Bhojpur Municipality,8,Ward - 8,380,1398,661,737
1,6,4,Bhojpur Municipality,9,Ward - 9,611,2187,1059,1128
1,6,4,Bhojpur Municipality,10,Ward - 10,543,1997,980,1017
1,6,4,Bhojpur Municipality,11,Ward - 11,529,2186,1077,1109
1,6,4,Bhojpur Municipality,12,Ward - 12,812,3096,1462,1634
1,6,5,Arun Gaunpalika,1,Ward - 1,654,2584,1250,1334
1,6,5,Arun Gaunpalika,2,Ward - 2,588,2399,1183,1216
1,6,5,Arun Gaunpalika,3,Ward - 3,487,1992,971,1021
1,6,5,Arun Gaunpalika,4,Ward - 4,547,2305,1156,1149
1,6,5,Arun Gaunpalika,5,Ward - 5,424,1854,883,971
1,6,5,Arun Gaunpalika,6,Ward - 6,665,2681,1306,1375
1,6,5,Arun Gaunpalika,7,Ward - 7,173,776,386,390
1,6,6,Pauwa Dunma Gaunpalika,1,Ward - 1,520,2045,965,1080
1,6,6,Pauwa Dunma Gaunpalika,2,Ward - 2,543,2355,1130,1225
1,6,6,Pauwa Dunma Gaunpalika,3,Ward - 3,532,2297,1113,1184
1,6,6,Pauwa Dunma Gaunpalika,4,Ward - 4,476,2146,1056,1090
1,6,6,Pauwa Dunma Gaunpalika,5,Ward - 5,442,1864,882,982
1,6,6,Pauwa Dunma Gaunpalika,6,Ward - 6,400,1400,697,703
1,6,7,Ramprasad Rai Gaunpalika,1,Ward - 1,565,2460,1175,1285
1,6,7,Ramprasad Rai Gaunpalika,2,Ward - 2,365,1508,734,774
1,6,7,Ramprasad Rai Gaunpalika,3,Ward - 3,458,1966,955,1011
1,6,7,Ramprasad Rai Gaunpalika,4,Ward - 4,519,2172,1065,1107
1,6,7,Ramprasad Rai Gaunpalika,5,Ward - 5,456,1952,988,964
1,6,7,Ramprasad Rai Gaunpalika,6,Ward - 6,550,2136,1056,1080
1,6,7,Ramprasad Rai Gaunpalika,7,Ward - 7,459,1968,1002,966
1,6,7,Ramprasad Rai Gaunpalika,8,Ward - 8,337,1511,759,752
1,6,8,Hatuwagadhi Gaunpalika,1,Ward - 1,481,2049,1041,1008
1,6,8,Hatuwagadhi Gaunpalika,2,Ward - 2,584,2493,1222,1271
1,6,8,Hatuwagadhi Gaunpalika,3,Ward - 3,243,935,459,476
1,6,8,Hatuwagadhi Gaunpalika,4,Ward - 4,486,2083,1021,1062
1,6,8,Hatuwagadhi Gaunpalika,5,Ward - 5,514,1971,951,1020
1,6,8,Hatuwagadhi Gaunpalika,6,Ward - 6,629,2305,1118,1187
1,6,8,Hatuwagadhi Gaunpalika,7,Ward - 7,348,1332,656,676
1,6,8,Hatuwagadhi Gaunpalika,8,Ward - 8,249,946,478,468
1,6,8,Hatuwagadhi Gaunpalika,9,Ward - 9,500,2061,1028,1033
1,6,9,Aamchowk Gaunpalika,1,Ward - 1,334,1353,646,707
1,6,9,Aamchowk Gaunpalika,2,Ward - 2,350,1519,755,764
1,6,9,Aamchowk Gaunpalika,3,Ward - 3,410,1770,857,913
1,6,9,Aamchowk Gaunpalika,4,Ward - 4,364,1462,742,720
1,6,9,Aamchowk Gaunpalika,5,Ward - 5,233,984,487,497
1,6,9,Aamchowk Gaunpalika,6,Ward - 6,329,1463,733,730
1,6,9,Aamchowk Gaunpalika,7,Ward - 7,242,974,482,492
1,6,9,Aamchowk Gaunpalika,8,Ward - 8,326,1486,755,731
1,6,9,Aamchowk Gaunpalika,9,Ward - 9,468,2081,1026,1055
1,6,9,Aamchowk Gaunpalika,10,Ward - 10,423,1876,921,955
1,7,1,Mahalaxmi Municipality,1,Ward - 1,691,3011,1477,1534
1,7,1,Mahalaxmi Municipality,2,Ward - 2,650,2725,1342,1383
1,7,1,Mahalaxmi Municipality,3,Ward - 3,424,1824,899,925
1,7,1,Mahalaxmi Municipality,4,Ward - 4,749,3180,1545,1635
1,7,1,Mahalaxmi Municipality,5,Ward - 5,555,2195,1078,1117
1,7,1,Mahalaxmi Municipality,6,Ward - 6,445,1699,827,872
1,7,1,Mahalaxmi Municipality,7,Ward - 7,831,3102,1523,1579
1,7,1,Mahalaxmi Municipality,8,Ward - 8,495,2020,980,1040
1,7,1,Mahalaxmi Municipality,9,Ward - 9,572,2426,1188,1238
1,7,2,Pakhribas Municipality,1,Ward - 1,283,1086,539,547
1,7,2,Pakhribas Municipality,2,Ward - 2,551,2178,1041,1137
1,7,2,Pakhribas Municipality,3,Ward - 3,542,2098,1012,1086
1,7,2,Pakhribas Municipality,4,Ward - 4,813,3077,1489,1588
1,7,2,Pakhribas Municipality,5,Ward - 5,540,2086,1014,1072
1,7,2,Pakhribas Municipality,6,Ward - 6,483,1908,922,986
1,7,2,Pakhribas Municipality,7,Ward - 7,300,1212,560,652
1,7,2,Pakhribas Municipality,8,Ward - 8,502,1988,955,1033
1,7,2,Pakhribas Municipality,9,Ward - 9,447,1883,906,977
1,7,2,Pakhribas Municipality,10,Ward - 10,383,1588,766,822
1,7,3,Chhathar Jorpati Gaunpalika,1,Ward - 1,667,2726,1346,1380
1,7,3,Chhathar Jorpati Gaunpalika,2,Ward - 2,824,3188,1559,1629
1,7,3,Chhathar Jorpati Gaunpalika,3,Ward - 3,577,2170,1037,1133
1,7,3,Chhathar Jorpati Gaunpalika,4,Ward - 4,453,1798,863,935
1,7,3,Chhathar Jorpati Gaunpalika,5,Ward - 5,711,2891,1377,1514
1,7,3,Chhathar Jorpati Gaunpalika,6,Ward - 6,916,3683,1764,1919
1,7,4,Dhankuta Municipality,1,Ward - 1,1913,7113,3436,3677
1,7,4,Dhankuta Municipality,2,Ward - 2,964,3833,1811,2022
1,7,4,Dhankuta Municipality,3,Ward - 3,518,2112,1005,1107
1,7,4,Dhankuta Municipality,4,Ward - 4,873,2889,1369,1520
1,7,4,Dhankuta Municipality,5,Ward - 5,759,2805,1312,1493
1,7,4,Dhankuta Municipality,6,Ward - 6,1153,4096,1966,2130
1,7,4,Dhankuta Municipality,7,Ward - 7,1519,5216,2429,2787
1,7,4,Dhankuta Municipality,8,Ward - 8,479,1844,869,975
1,7,4,Dhankuta Municipality,9,Ward - 9,936,4006,1982,2024
1,7,4,Dhankuta Municipality,10,Ward - 10,523,2069,1013,1056
1,7,5,Shahidbhumi Gaunpalika,1,Ward - 1,604,2668,1341,1327
1,7,5,Shahidbhumi Gaunpalika,2,Ward - 2,649,2980,1477,1503
1,7,5,Shahidbhumi Gaunpalika,3,Ward - 3,658,3025,1519,1506
1,7,5,Shahidbhumi Gaunpalika,4,Ward - 4,515,2189,1023,1166
1,7,5,Shahidbhumi Gaunpalika,5,Ward - 5,380,1665,838,827
1,7,5,Shahidbhumi Gaunpalika,6,Ward - 6,778,3109,1519,1590
1,7,5,Shahidbhumi Gaunpalika,7,Ward - 7,506,2131,1060,1071
1,7,6,Sangurigadhi Gaunpalika,1,Ward - 1,451,1878,941,937
1,7,6,Sangurigadhi Gaunpalika,2,Ward - 2,387,1529,735,794
1,7,6,Sangurigadhi Gaunpalika,3,Ward - 3,590,2179,1090,1089
1,7,6,Sangurigadhi Gaunpalika,4,Ward - 4,369,1354,678,676
1,7,6,Sangurigadhi Gaunpalika,5,Ward - 5,629,2389,1134,1255
1,7,6,Sangurigadhi Gaunpalika,6,Ward - 6,697,2932,1471,1461
1,7,6,Sangurigadhi Gaunpalika,7,Ward - 7,456,1701,833,868
1,7,6,Sangurigadhi Gaunpalika,8,Ward - 8,515,2017,986,1031
1,7,6,Sangurigadhi Gaunpalika,9,Ward - 9,491,1899,924,975
1,7,6,Sangurigadhi Gaunpalika,10,Ward - 10,420,1683,799,884
1,7,7,Chaubise Gaunpalika,1,Ward - 1,452,1741,834,907
1,7,7,Chaubise Gaunpalika,2,Ward - 2,722,2716,1291,1425
1,7,7,Chaubise Gaunpalika,3,Ward - 3,392,1554,775,779
1,7,7,Chaubise Gaunpalika,4,Ward - 4,264,1129,564,565
1,7,7,Chaubise Gaunpalika,5,Ward - 5,650,2588,1273,1315
1,7,7,Chaubise Gaunpalika,6,Ward - 6,696,2712,1305,1407
1,7,7,Chaubise Gaunpalika,7,Ward - 7,619,2474,1171,1303
1,7,7,Chaubise Gaunpalika,8,Ward - 8,685,2763,1365,1398
1,8,1,Aatharai Gaunpalika,1,Ward - 1,686,2741,1330,1411
1,8,1,Aatharai Gaunpalika,2,Ward - 2,615,2487,1233,1254
1,8,1,Aatharai Gaunpalika,3,Ward - 3,582,2516,1247,1269
1,8,1,Aatharai Gaunpalika,4,Ward - 4,787,3226,1589,1637
1,8,1,Aatharai Gaunpalika,5,Ward - 5,549,2394,1163,1231
1,8,1,Aatharai Gaunpalika,6,Ward - 6,722,3030,1503,1527
1,8,1,Aatharai Gaunpalika,7,Ward - 7,432,1762,891,871
1,8,2,Phedap Gaunpalika,1,Ward - 1,889,3623,1776,1847
1,8,2,Phedap Gaunpalika,2,Ward - 2,1006,4351,2116,2235
1,8,2,Phedap Gaunpalika,3,Ward - 3,699,2850,1376,1474
1,8,2,Phedap Gaunpalika,4,Ward - 4,472,1939,987,952
1,8,2,Phedap Gaunpalika,5,Ward - 5,596,2406,1226,1180
1,8,3,Menchhayayem Gaunpalika,1,Ward - 1,184,717,354,363
1,8,3,Menchhayayem Gaunpalika,2,Ward - 2,236,932,445,487
1,8,3,Menchhayayem Gaunpalika,3,Ward - 3,207,883,430,453
1,8,3,Menchhayayem Gaunpalika,4,Ward - 4,279,1035,530,505
1,8,3,Menchhayayem Gaunpalika,5,Ward - 5,422,1643,806,837
1,8,3,Menchhayayem Gaunpalika,6,Ward - 6,375,1468,688,780
1,8,4,Myanglung Municipality,1,Ward - 1,1039,3662,1750,1912
1,8,4,Myanglung Municipality,2,Ward - 2,669,2336,1101,1235
1,8,4,Myanglung Municipality,3,Ward - 3,244,958,448,510
1,8,4,Myanglung Municipality,4,Ward - 4,332,1395,699,696
1,8,4,Myanglung Municipality,5,Ward - 5,213,837,423,414
1,8,4,Myanglung Municipality,6,Ward - 6,555,2184,1078,1106
1,8,4,Myanglung Municipality,7,Ward - 7,465,1903,947,956
1,8,4,Myanglung Municipality,8,Ward - 8,356,1534,764,770
1,8,4,Myanglung Municipality,9,Ward - 9,544,2169,1053,1116
1,8,4,Myanglung Municipality,10,Ward - 10,455,1772,851,921
1,8,5,Laligurans Municipality,1,Ward - 1,302,1233,588,645
1,8,5,Laligurans Municipality,2,Ward - 2,569,1958,945,1013
1,8,5,Laligurans Municipality,3,Ward - 3,345,1536,744,792
1,8,5,Laligurans Municipality,4,Ward - 4,373,1558,764,794
1,8,5,Laligurans Municipality,5,Ward - 5,528,2221,1073,1148
1,8,5,Laligurans Municipality,6,Ward - 6,373,1521,717,804
1,8,5,Laligurans Municipality,7,Ward - 7,410,1750,850,900
1,8,5,Laligurans Municipality,8,Ward - 8,386,1614,809,805
1,8,5,Laligurans Municipality,9,Ward - 9,473,1938,923,1015
1,8,6,Chhathar Gaunpalika,1,Ward - 1,441,1721,823,898
1,8,6,Chhathar Gaunpalika,2,Ward - 2,788,3107,1494,1613
1,8,6,Chhathar Gaunpalika,3,Ward - 3,346,1452,698,754
1,8,6,Chhathar Gaunpalika,4,Ward - 4,485,1850,912,938
1,8,6,Chhathar Gaunpalika,5,Ward - 5,724,3114,1541,1573
1,8,6,Chhathar Gaunpalika,6,Ward - 6,692,2953,1463,1490
1,9,1,Yangbarak Gaunpalika,1,Ward - 1,511,2154,1062,1092
1,9,1,Yangbarak Gaunpalika,2,Ward - 2,680,3110,1619,1491
1,9,1,Yangbarak Gaunpalika,3,Ward - 3,798,3378,1731,1647
1,9,1,Yangbarak Gaunpalika,4,Ward - 4,755,3154,1563,1591
1,9,1,Yangbarak Gaunpalika,5,Ward - 5,570,2328,1164,1164
1,9,1,Yangbarak Gaunpalika,6,Ward - 6,642,2697,1375,1322
1,9,2,Hilihan Gaunpalika,1,Ward - 1,581,2314,1124,1190
1,9,2,Hilihan Gaunpalika,2,Ward - 2,709,3020,1494,1526
1,9,2,Hilihan Gaunpalika,3,Ward - 3,515,2153,1068,1085
1,9,2,Hilihan Gaunpalika,4,Ward - 4,451,1901,932,969
1,9,2,Hilihan Gaunpalika,5,Ward - 5,805,3456,1732,1724
1,9,2,Hilihan Gaunpalika,6,Ward - 6,752,3053,1470,1583
1,9,2,Hilihan Gaunpalika,7,Ward - 7,775,3188,1566,1622
1,9,3,Falelung Gaunpalika,1,Ward - 1,502,2092,1035,1057
1,9,3,Falelung Gaunpalika,2,Ward - 2,691,2771,1372,1399
1,9,3,Falelung Gaunpalika,3,Ward - 3,723,2924,1459,1465
1,9,3,Falelung Gaunpalika,4,Ward - 4,508,2184,1100,1084
1,9,3,Falelung Gaunpalika,5,Ward - 5,858,3436,1702,1734
1,9,3,Falelung Gaunpalika,6,Ward - 6,426,1748,893,855
1,9,3,Falelung Gaunpalika,7,Ward - 7,590,2609,1276,1333
1,9,3,Falelung Gaunpalika,8,Ward - 8,617,2597,1282,1315
1,9,4,Phidim Municipality,1,Ward - 1,2558,8944,4343,4601
1,9,4,Phidim Municipality,2,Ward - 2,1087,4113,2002,2111
1,9,4,Phidim Municipality,3,Ward - 3,532,2242,1069,1173
1,9,4,Phidim Municipality,4,Ward - 4,1139,4381,2142,2239
1,9,4,Phidim Municipality,5,Ward - 5,751,3067,1486,1581
1,9,4,Phidim Municipality,6,Ward - 6,805,3332,1604,1728
1,9,4,Phidim Municipality,7,Ward - 7,654,2658,1298,1360
1,9,4,Phidim Municipality,8,Ward - 8,745,3002,1437,1565
1,9,4,Phidim Municipality,9,Ward - 9,496,1992,980,1012
1,9,4,Phidim Municipality,10,Ward - 10,614,2638,1280,1358
1,9,4,Phidim Municipality,11,Ward - 11,724,2943,1447,1496
1,9,4,Phidim Municipality,12,Ward - 12,766,3199,1566,1633
1,9,4,Phidim Municipality,13,Ward - 13,754,3124,1565,1559
1,9,4,Phidim Municipality,14,Ward - 14,711,2860,1460,1400
1,9,5,Falgunanda Gaunpalika,1,Ward - 1,848,3445,1677,1768
1,9,5,Falgunanda Gaunpalika,2,Ward - 2,489,1910,956,954
1,9,5,Falgunanda Gaunpalika,3,Ward - 3,1042,4127,2025,2102
1,9,5,Falgunanda Gaunpalika,4,Ward - 4,840,3385,1652,1733
1,9,5,Falgunanda Gaunpalika,5,Ward - 5,904,3612,1793,1819
1,9,5,Falgunanda Gaunpalika,6,Ward - 6,583,2497,1179,1318
1,9,5,Falgunanda Gaunpalika,7,Ward - 7,572,2313,1125,1188
1,9,6,Kummayak Gaunpalika,1,Ward - 1,897,3472,1690,1782
1,9,6,Kummayak Gaunpalika,2,Ward - 2,755,3118,1532,1586
1,9,6,Kummayak Gaunpalika,3,Ward - 3,430,1761,906,855
1,9,6,Kummayak Gaunpalika,4,Ward - 4,464,1816,943,873
1,9,6,Kummayak Gaunpalika,5,Ward - 5,612,2579,1219,1360
1,9,7,Tumbewa Gaunpalika,1,Ward - 1,498,1962,974,988
1,9,7,Tumbewa Gaunpalika,2,Ward - 2,576,2527,1234,1293
1,9,7,Tumbewa Gaunpalika,3,Ward - 3,509,2174,1106,1068
1,9,7,Tumbewa Gaunpalika,4,Ward - 4,579,2184,1078,1106
1,9,7,Tumbewa Gaunpalika,5,Ward - 5,585,2342,1185,1157
1,9,8,Miklajung Gaunpalika,1,Ward - 1,564,2245,1107,1138
1,9,8,Miklajung Gaunpalika,2,Ward - 2,698,2684,1306,1378
1,9,8,Miklajung Gaunpalika,3,Ward - 3,715,2900,1433,1467
1,9,8,Miklajung Gaunpalika,4,Ward - 4,1132,4098,2049,2049
1,9,8,Miklajung Gaunpalika,5,Ward - 5,758,3032,1508,1524
1,9,8,Miklajung Gaunpalika,6,Ward - 6,436,1593,813,780
1,9,8,Miklajung Gaunpalika,7,Ward - 7,490,1907,960,947
1,9,8,Miklajung Gaunpalika,8,Ward - 8,666,2602,1278,1324
1,10,1,Mai Jogmai Gaunpalika,1,Ward - 1,1067,4066,2076,1990
1,10,1,Mai Jogmai Gaunpalika,2,Ward - 2,665,2602,1336,1266
1,10,1,Mai Jogmai Gaunpalika,3,Ward - 3,674,2634,1335,1299
1,10,1,Mai Jogmai Gaunpalika,4,Ward - 4,732,2745,1372,1373
1,10,1,Mai Jogmai Gaunpalika,5,Ward - 5,1177,4630,2367,2263
1,10,1,Mai Jogmai Gaunpalika,6,Ward - 6,627,2454,1227,1227
1,10,2,Sandakpur Gaunpalika,1,Ward - 1,686,2610,1347,1263
1,10,2,Sandakpur Gaunpalika,2,Ward - 2,843,3219,1687,1532
1,10,2,Sandakpur Gaunpalika,3,Ward - 3,898,3581,1777,1804
1,10,2,Sandakpur Gaunpalika,4,Ward - 4,788,3005,1516,1489
1,10,2,Sandakpur Gaunpalika,5,Ward - 5,798,3029,1530,1499
1,10,3,Illam Municipality,1,Ward - 1,1178,4569,2226,2343
1,10,3,Illam Municipality,2,Ward - 2,617,2453,1206,1247
1,10,3,Illam Municipality,3,Ward - 3,738,3125,1551,1574
1,10,3,Illam Municipality,4,Ward - 4,775,3034,1501,1533
1,10,3,Illam Municipality,5,Ward - 5,1321,5187,2561,2626
1,10,3,Illam Municipality,6,Ward - 6,1229,4511,2162,2349
1,10,3,Illam Municipality,7,Ward - 7,1424,5009,2411,2598
1,10,3,Illam Municipality,8,Ward - 8,1228,4566,2200,2366
1,10,3,Illam Municipality,9,Ward - 9,1645,6424,3068,3356
1,10,3,Illam Municipality,10,Ward - 10,1201,4611,2262,2349
1,10,3,Illam Municipality,11,Ward - 11,854,3535,1775,1760
1,10,3,Illam Municipality,12,Ward - 12,742,3061,1488,1573
1,10,4,Deumai Municipality,1,Ward - 1,962,4126,2075,2051
1,10,4,Deumai Municipality,2,Ward - 2,838,3280,1618,1662
1,10,4,Deumai Municipality,3,Ward - 3,962,3869,1920,1949
1,10,4,Deumai Municipality,4,Ward - 4,827,3262,1615,1647
1,10,4,Deumai Municipality,5,Ward - 5,879,3568,1745,1823
1,10,4,Deumai Municipality,6,Ward - 6,662,2604,1295,1309
1,10,4,Deumai Municipality,7,Ward - 7,767,3000,1497,1503
1,10,4,Deumai Municipality,8,Ward - 8,780,3050,1513,1537
1,10,4,Deumai Municipality,9,Ward - 9,1009,4210,2070,2140
1,10,5,Fakfokathum Gaunpalika,1,Ward - 1,857,3461,1730,1731
1,10,5,Fakfokathum Gaunpalika,2,Ward - 2,656,2636,1329,1307
1,10,5,Fakfokathum Gaunpalika,3,Ward - 3,688,2712,1362,1350
1,10,5,Fakfokathum Gaunpalika,4,Ward - 4,841,3375,1652,1723
1,10,5,Fakfokathum Gaunpalika,5,Ward - 5,538,2201,1115,1086
1,10,5,Fakfokathum Gaunpalika,6,Ward - 6,590,2463,1198,1265
1,10,5,Fakfokathum Gaunpalika,7,Ward - 7,728,2858,1415,1443
1,10,6,Mangsebung Gaunpalika,1,Ward - 1,753,3067,1542,1525
1,10,6,Mangsebung Gaunpalika,2,Ward - 2,781,3493,1756,1737
1,10,6,Mangsebung Gaunpalika,3,Ward - 3,801,3553,1817,1736
1,10,6,Mangsebung Gaunpalika,4,Ward - 4,453,1913,993,920
1,10,6,Mangsebung Gaunpalika,5,Ward - 5,593,2659,1323,1336
1,10,6,Mangsebung Gaunpalika,6,Ward - 6,508,2125,1046,1079
1,10,7,Chulachuli Gaunpalika,1,Ward - 1,1236,5222,2518,2704
1,10,7,Chulachuli Gaunpalika,2,Ward - 2,976,4031,1932,2099
1,10,7,Chulachuli Gaunpalika,3,Ward - 3,1049,4301,2108,2193
1,10,7,Chulachuli Gaunpalika,4,Ward - 4,808,3313,1644,1669
1,10,7,Chulachuli Gaunpalika,5,Ward - 5,731,3001,1508,1493
1,10,7,Chulachuli Gaunpalika,6,Ward - 6,813,3289,1624,1665
1,10,8,Mai Municipality,1,Ward - 1,834,3126,1575,1551
1,10,8,Mai Municipality,2,Ward - 2,790,3148,1551,1597
1,10,8,Mai Municipality,3,Ward - 3,609,2387,1165,1222
1,10,8,Mai Municipality,4,Ward - 4,996,3727,1780,1947
1,10,8,Mai Municipality,5,Ward - 5,1014,3849,1892,1957
1,10,8,Mai Municipality,6,Ward - 6,756,3011,1502,1509
1,10,8,Mai Municipality,7,Ward - 7,755,2922,1441,1481
1,10,8,Mai Municipality,8,Ward - 8,881,3422,1704,1718
1,10,8,Mai Municipality,9,Ward - 9,668,2603,1286,1317
1,10,8,Mai Municipality,10,Ward - 10,636,2537,1234,1303
1,10,9,Suryodaya Municipality,1,Ward - 1,1268,4909,2480,2429
1,10,9,Suryodaya Municipality,2,Ward - 2,890,3522,1742,1780
1,10,9,Suryodaya Municipality,3,Ward - 3,962,3903,1981,1922
1,10,9,Suryodaya Municipality,4,Ward - 4,1323,5127,2586,2541
1,10,9,Suryodaya Municipality,5,Ward - 5,1070,4297,2186,2111
1,10,9,Suryodaya Municipality,6,Ward - 6,761,2843,1420,1423
1,10,9,Suryodaya Municipality,7,Ward - 7,573,2177,1112,1065
1,10,9,Suryodaya Municipality,8,Ward - 8,1102,4258,2161,2097
1,10,9,Suryodaya Municipality,9,Ward - 9,1196,4764,2359,2405
1,10,9,Suryodaya Municipality,10,Ward - 10,1299,4961,2431,2530
1,10,9,Suryodaya Municipality,11,Ward - 11,1066,4153,2068,2085
1,10,9,Suryodaya Municipality,12,Ward - 12,1025,3930,1954,1976
1,10,9,Suryodaya Municipality,13,Ward - 13,612,2515,1257,1258
1,10,9,Suryodaya Municipality,14,Ward - 14,885,3368,1645,1723
1,10,10,Rong Gaunpalika,1,Ward - 1,531,1983,989,994
1,10,10,Rong Gaunpalika,2,Ward - 2,689,2622,1299,1323
1,10,10,Rong Gaunpalika,3,Ward - 3,909,3530,1768,1762
1,10,10,Rong Gaunpalika,4,Ward - 4,579,2232,1089,1143
1,10,10,Rong Gaunpalika,5,Ward - 5,701,2738,1391,1347
1,10,10,Rong Gaunpalika,6,Ward - 6,1128,4262,2154,2108
1,11,1,Mechinagar Municipality,1,Ward - 1,1536,6341,3120,3221
1,11,1,Mechinagar Municipality,2,Ward - 2,1722,6804,3294,3510
1,11,1,Mechinagar Municipality,3,Ward - 3,1811,7227,3480,3747
1,11,1,Mechinagar Municipality,4,Ward - 4,1343,5439,2619,2820
1,11,1,Mechinagar Municipality,5,Ward - 5,1332,5326,2496,2830
1,11,1,Mechinagar Municipality,6,Ward - 6,4004,15738,7478,8260
1,11,1,Mechinagar Municipality,7,Ward - 7,3135,13188,6425,6763
1,11,1,Mechinagar Municipality,8,Ward - 8,2050,8296,3923,4373
1,11,1,Mechinagar Municipality,9,Ward - 9,3043,11989,5707,6282
1,11,1,Mechinagar Municipality,10,Ward - 10,3656,15500,7612,7888
1,11,1,Mechinagar Municipality,11,Ward - 11,1595,6550,3104,3446
1,11,1,Mechinagar Municipality,12,Ward - 12,2014,8139,3799,4340
1,11,1,Mechinagar Municipality,13,Ward - 13,1910,7404,3561,3843
1,11,1,Mechinagar Municipality,14,Ward - 14,1653,6904,3357,3547
1,11,1,Mechinagar Municipality,15,Ward - 15,1891,8228,4026,4202
1,11,2,Buddhashanti Gaunpalika,1,Ward - 1,2627,10387,5006,5381
1,11,2,Buddhashanti Gaunpalika,2,Ward - 2,2220,9149,4349,4800
1,11,2,Buddhashanti Gaunpalika,3,Ward - 3,3069,12240,5738,6502
1,11,2,Buddhashanti Gaunpalika,4,Ward - 4,2954,11692,5585,6107
1,11,2,Buddhashanti Gaunpalika,5,Ward - 5,991,4027,1956,2071
1,11,2,Buddhashanti Gaunpalika,6,Ward - 6,835,3250,1580,1670
1,11,2,Buddhashanti Gaunpalika,7,Ward - 7,589,2265,1046,1219
1,11,3,Arjundhara Municipality,1,Ward - 1,1650,6604,3162,3442
1,11,3,Arjundhara Municipality,2,Ward - 2,1397,5523,2648,2875
1,11,3,Arjundhara Municipality,3,Ward - 3,1670,6676,3176,3500
1,11,3,Arjundhara Municipality,4,Ward - 4,1564,6376,3044,3332
1,11,3,Arjundhara Municipality,5,Ward - 5,2413,9818,4703,5115
1,11,3,Arjundhara Municipality,6,Ward - 6,2895,11353,5433,5920
1,11,3,Arjundhara Municipality,7,Ward - 7,1161,4722,2338,2384
1,11,3,Arjundhara Municipality,8,Ward - 8,1588,6510,3152,3358
1,11,3,Arjundhara Municipality,9,Ward - 9,1983,7897,3803,4094
1,11,3,Arjundhara Municipality,10,Ward - 10,1656,6898,3266,3632
1,11,3,Arjundhara Municipality,11,Ward - 11,2958,11641,5455,6186
1,11,4,Kankai Municipality,1,Ward - 1,1211,4947,2360,2587
1,11,4,Kankai Municipality,2,Ward - 2,1223,4998,2344,2654
1,11,4,Kankai Municipality,3,Ward - 3,3357,13196,6196,7000
1,11,4,Kankai Municipality,4,Ward - 4,1834,7446,3566,3880
1,11,4,Kankai Municipality,5,Ward - 5,1503,6349,2952,3397
1,11,4,Kankai Municipality,6,Ward - 6,673,2672,1296,1376
1,11,4,Kankai Municipality,7,Ward - 7,1146,4537,2193,2344
1,11,4,Kankai Municipality,8,Ward - 8,1356,5377,2533,2844
1,11,4,Kankai Municipality,9,Ward - 9,866,3626,1750,1876
1,11,5,Shivasatakshi Municipality,1,Ward - 1,1528,6203,2872,3331
1,11,5,Shivasatakshi Municipality,2,Ward - 2,1449,5997,2833,3164
1,11,5,Shivasatakshi Municipality,3,Ward - 3,1112,4535,2167,2368
1,11,5,Shivasatakshi Municipality,4,Ward - 4,1496,6221,2927,3294
1,11,5,Shivasatakshi Municipality,5,Ward - 5,1126,4633,2190,2443
1,11,5,Shivasatakshi Municipality,6,Ward - 6,1467,6088,2915,3173
1,11,5,Shivasatakshi Municipality,7,Ward - 7,1960,8034,3762,4272
1,11,5,Shivasatakshi Municipality,8,Ward - 8,2328,9409,4471,4938
1,11,5,Shivasatakshi Municipality,9,Ward - 9,1647,6642,3105,3537
1,11,5,Shivasatakshi Municipality,10,Ward - 10,1886,7340,3516,3824
1,11,5,Shivasatakshi Municipality,11,Ward - 11,2254,8975,4197,4778
1,11,6,Kamal Gaunpalika,1,Ward - 1,1584,6741,3214,3527
1,11,6,Kamal Gaunpalika,2,Ward - 2,1630,6668,3143,3525
1,11,6,Kamal Gaunpalika,3,Ward - 3,1559,6421,2997,3424
1,11,6,Kamal Gaunpalika,4,Ward - 4,1994,8000,3741,4259
1,11,6,Kamal Gaunpalika,5,Ward - 5,2706,10852,5130,5722
1,11,6,Kamal Gaunpalika,6,Ward - 6,1880,7910,3811,4099
1,11,6,Kamal Gaunpalika,7,Ward - 7,1812,7302,3390,3912
1,11,7,Damak Municipality,1,Ward - 1,3669,13738,6314,7424
1,11,7,Damak Municipality,2,Ward - 2,2880,11632,5494,6138
1,11,7,Damak Municipality,3,Ward - 3,2687,11037,5236,5801
1,11,7,Damak Municipality,4,Ward - 4,2900,11297,5413,5884
1,11,7,Damak Municipality,5,Ward - 5,4084,15171,7096,8075
1,11,7,Damak Municipality,6,Ward - 6,1645,6378,3106,3272
1,11,7,Damak Municipality,7,Ward - 7,1801,7387,3552,3835
1,11,7,Damak Municipality,8,Ward - 8,2812,10717,5156,5561
1,11,7,Damak Municipality,9,Ward - 9,3657,13996,6673,7323
1,11,7,Damak Municipality,10,Ward - 10,1434,5874,2779,3095
1,11,8,Gauradaha Municipality,1,Ward - 1,2483,9780,4622,5158
1,11,8,Gauradaha Municipality,2,Ward - 2,1254,4933,2361,2572
1,11,8,Gauradaha Municipality,3,Ward - 3,1146,4713,2275,2438
1,11,8,Gauradaha Municipality,4,Ward - 4,1777,7461,3508,3953
1,11,8,Gauradaha Municipality,5,Ward - 5,1992,8138,3846,4292
1,11,8,Gauradaha Municipality,6,Ward - 6,1638,6677,3166,3511
1,11,8,Gauradaha Municipality,7,Ward - 7,1703,6875,3250,3625
1,11,8,Gauradaha Municipality,8,Ward - 8,1355,5599,2669,2930
1,11,8,Gauradaha Municipality,9,Ward - 9,1498,6275,2998,3277
1,11,9,Gauriganj Gaunpalika,1,Ward - 1,1780,7208,3402,3806
1,11,9,Gauriganj Gaunpalika,2,Ward - 2,1505,6250,3027,3223
1,11,9,Gauriganj Gaunpalika,3,Ward - 3,1730,7085,3308,3777
1,11,9,Gauriganj Gaunpalika,4,Ward - 4,1135,4842,2349,2493
1,11,9,Gauriganj Gaunpalika,5,Ward - 5,1027,4276,2014,2262
1,11,9,Gauriganj Gaunpalika,6,Ward - 6,1370,5845,2807,3038
1,11,10,Jhapa Gaunpalika,1,Ward - 1,1095,4937,2347,2590
1,11,10,Jhapa Gaunpalika,2,Ward - 2,1189,5186,2500,2686
1,11,10,Jhapa Gaunpalika,3,Ward - 3,1388,6308,3040,3268
1,11,10,Jhapa Gaunpalika,4,Ward - 4,1197,6305,3083,3222
1,11,10,Jhapa Gaunpalika,5,Ward - 5,1215,6133,3028,3105
1,11,10,Jhapa Gaunpalika,6,Ward - 6,1359,5757,2744,3013
1,11,10,Jhapa Gaunpalika,7,Ward - 7,1072,4676,2212,2464
1,11,11,Barhadashi Gaunpalika,1,Ward - 1,1068,4551,2171,2380
1,11,11,Barhadashi Gaunpalika,2,Ward - 2,1493,6264,2939,3325
1,11,11,Barhadashi Gaunpalika,3,Ward - 3,1624,6742,3226,3516
1,11,11,Barhadashi Gaunpalika,4,Ward - 4,1040,4448,2106,2342
1,11,11,Barhadashi Gaunpalika,5,Ward - 5,1749,7307,3428,3879
1,11,11,Barhadashi Gaunpalika,6,Ward - 6,1271,5360,2628,2732
1,11,11,Barhadashi Gaunpalika,7,Ward - 7,790,3274,1540,1734
1,11,12,Birtamod Municipality,1,Ward - 1,3735,13707,6670,7037
1,11,12,Birtamod Municipality,2,Ward - 2,3339,13415,6500,6915
1,11,12,Birtamod Municipality,3,Ward - 3,3371,13283,6401,6882
1,11,12,Birtamod Municipality,4,Ward - 4,4384,16668,8121,8547
1,11,12,Birtamod Municipality,5,Ward - 5,6156,22484,10718,11766
1,11,12,Birtamod Municipality,6,Ward - 6,2182,8710,4232,4478
1,11,12,Birtamod Municipality,7,Ward - 7,1935,8273,4006,4267
1,11,12,Birtamod Municipality,8,Ward - 8,1410,5937,2839,3098
1,11,12,Birtamod Municipality,9,Ward - 9,1345,5546,2682,2864
1,11,12,Birtamod Municipality,10,Ward - 10,1995,8169,3936,4233
1,11,13,Haldibari Gaunpalika,1,Ward - 1,2015,8331,3920,4411
1,11,13,Haldibari Gaunpalika,2,Ward - 2,2290,9414,4565,4849
1,11,13,Haldibari Gaunpalika,3,Ward - 3,1260,5334,2546,2788
1,11,13,Haldibari Gaunpalika,4,Ward - 4,1387,5856,2768,3088
1,11,13,Haldibari Gaunpalika,5,Ward - 5,926,3787,1812,1975
1,11,14,Bhadrapur Municipality,1,Ward - 1,1454,5841,2690,3151
1,11,14,Bhadrapur Municipality,2,Ward - 2,1928,7568,3511,4057
1,11,14,Bhadrapur Municipality,3,Ward - 3,1646,6677,3189,3488
1,11,14,Bhadrapur Municipality,4,Ward - 4,1692,7077,3382,3695
1,11,14,Bhadrapur Municipality,5,Ward - 5,1503,6822,3346,3476
1,11,14,Bhadrapur Municipality,6,Ward - 6,1651,7154,3575,3579
1,11,14,Bhadrapur Municipality,7,Ward - 7,2023,8193,3911,4282
1,11,14,Bhadrapur Municipality,8,Ward - 8,1484,5698,2735,2963
1,11,14,Bhadrapur Municipality,9,Ward - 9,1856,7787,3723,4064
1,11,14,Bhadrapur Municipality,10,Ward - 10,2092,8096,3828,4268
1,11,15,Kachanakawal Gaunpalika,1,Ward - 1,1710,7220,3381,3839
1,11,15,Kachanakawal Gaunpalika,2,Ward - 2,969,3981,1903,2078
1,11,15,Kachanakawal Gaunpalika,3,Ward - 3,1585,6410,3061,3349
1,11,15,Kachanakawal Gaunpalika,4,Ward - 4,1501,6479,3009,3470
1,11,15,Kachanakawal Gaunpalika,5,Ward - 5,1112,4732,2213,2519
1,11,15,Kachanakawal Gaunpalika,6,Ward - 6,1594,6476,3093,3383
1,11,15,Kachanakawal Gaunpalika,7,Ward - 7,1475,6019,2897,3122
1,12,1,Miklajung Gaunpalika,1,Ward - 1,701,3042,1558,1484
1,12,1,Miklajung Gaunpalika,2,Ward - 2,691,2792,1364,1428
1,12,1,Miklajung Gaunpalika,3,Ward - 3,1023,3956,1881,2075
1,12,1,Miklajung Gaunpalika,4,Ward - 4,865,3340,1571,1769
1,12,1,Miklajung Gaunpalika,5,Ward - 5,432,1639,787,852
1,12,1,Miklajung Gaunpalika,6,Ward - 6,1541,6202,2954,3248
1,12,1,Miklajung Gaunpalika,7,Ward - 7,1244,4778,2249,2529
1,12,1,Miklajung Gaunpalika,8,Ward - 8,600,2445,1152,1293
1,12,1,Miklajung Gaunpalika,9,Ward - 9,1212,4973,2372,2601
1,12,2,Letang Municipality,1,Ward - 1,898,3722,1764,1958
1,12,2,Letang Municipality,2,Ward - 2,1309,5202,2477,2725
1,12,2,Letang Municipality,3,Ward - 3,1380,5615,2633,2982
1,12,2,Letang Municipality,4,Ward - 4,685,2846,1308,1538
1,12,2,Letang Municipality,5,Ward - 5,1370,5661,2637,3024
1,12,2,Letang Municipality,6,Ward - 6,904,3575,1662,1913
1,12,2,Letang Municipality,7,Ward - 7,758,3164,1610,1554
1,12,2,Letang Municipality,8,Ward - 8,922,3813,1824,1989
1,12,2,Letang Municipality,9,Ward - 9,1131,4554,2123,2431
1,12,3,Kerabari Gaunpalika,1,Ward - 1,476,1994,973,1021
1,12,3,Kerabari Gaunpalika,2,Ward - 2,562,2192,1063,1129
1,12,3,Kerabari Gaunpalika,3,Ward - 3,812,3390,1647,1743
1,12,3,Kerabari Gaunpalika,4,Ward - 4,415,1682,838,844
1,12,3,Kerabari Gaunpalika,5,Ward - 5,944,3892,1839,2053
1,12,3,Kerabari Gaunpalika,6,Ward - 6,982,3991,1924,2067
1,12,3,Kerabari Gaunpalika,7,Ward - 7,1034,4169,1967,2202
1,12,3,Kerabari Gaunpalika,8,Ward - 8,1041,4088,1925,2163
1,12,3,Kerabari Gaunpalika,9,Ward - 9,1401,5564,2576,2988
1,12,3,Kerabari Gaunpalika,10,Ward - 10,906,3542,1663,1879
1,12,4,Sundarharaicha Municipality,1,Ward - 1,1768,7335,3560,3775
1,12,4,Sundarharaicha Municipality,2,Ward - 2,1850,7671,3767,3904
1,12,4,Sundarharaicha Municipality,3,Ward - 3,2339,9324,4406,4918
1,12,4,Sundarharaicha Municipality,4,Ward - 4,2507,10008,4858,5150
1,12,4,Sundarharaicha Municipality,5,Ward - 5,2556,10304,4887,5417
1,12,4,Sundarharaicha Municipality,6,Ward - 6,2723,10919,5158,5761
1,12,4,Sundarharaicha Municipality,7,Ward - 7,2612,10781,5202,5579
1,12,4,Sundarharaicha Municipality,8,Ward - 8,2079,8202,3844,4358
1,12,4,Sundarharaicha Municipality,9,Ward - 9,2981,12423,5830,6593
1,12,4,Sundarharaicha Municipality,10,Ward - 10,3668,14230,6576,7654
1,12,4,Sundarharaicha Municipality,11,Ward - 11,2477,10154,4741,5413
1,12,4,Sundarharaicha Municipality,12,Ward - 12,2266,8862,4189,4673
1,12,5,Belbari Municipality,1,Ward - 1,2152,8351,3871,4480
1,12,5,Belbari Municipality,2,Ward - 2,1834,7422,3437,3985
1,12,5,Belbari Municipality,3,Ward - 3,1957,7543,3594,3949
1,12,5,Belbari Municipality,4,Ward - 4,2380,9465,4381,5084
1,12,5,Belbari Municipality,5,Ward - 5,1510,5890,2815,3075
1,12,5,Belbari Municipality,6,Ward - 6,1012,3985,1886,2099
1,12,5,Belbari Municipality,7,Ward - 7,1533,6179,2972,3207
1,12,5,Belbari Municipality,8,Ward - 8,1949,8130,3825,4305
1,12,5,Belbari Municipality,9,Ward - 9,2294,9243,4324,4919
1,12,5,Belbari Municipality,10,Ward - 10,1684,6759,3158,3601
1,12,5,Belbari Municipality,11,Ward - 11,2154,8804,4034,4770
1,12,6,Kanepokhari Gaunpalika,1,Ward - 1,1294,5348,2581,2767
1,12,6,Kanepokhari Gaunpalika,2,Ward - 2,1635,6496,3109,3387
1,12,6,Kanepokhari Gaunpalika,3,Ward - 3,1356,5648,2663,2985
1,12,6,Kanepokhari Gaunpalika,4,Ward - 4,1575,6446,3050,3396
1,12,6,Kanepokhari Gaunpalika,5,Ward - 5,1840,7352,3441,3911
1,12,6,Kanepokhari Gaunpalika,6,Ward - 6,1738,6974,3260,3714
1,12,6,Kanepokhari Gaunpalika,7,Ward - 7,1225,4929,2301,2628
1,12,7,Pathari Shanishchare Municipality,1,Ward - 1,2668,10605,4953,5652
1,12,7,Pathari Shanishchare Municipality,2,Ward - 2,2168,8600,4040,4560
1,12,7,Pathari Shanishchare Municipality,3,Ward - 3,1784,7319,3436,3883
1,12,7,Pathari Shanishchare Municipality,4,Ward - 4,2080,7926,3687,4239
1,12,7,Pathari Shanishchare Municipality,5,Ward - 5,1459,6091,2904,3187
1,12,7,Pathari Shanishchare Municipality,6,Ward - 6,1638,6859,3266,3593
1,12,7,Pathari Shanishchare Municipality,7,Ward - 7,1332,5391,2471,2920
1,12,7,Pathari Shanishchare Municipality,8,Ward - 8,1426,5785,2727,3058
1,12,7,Pathari Shanishchare Municipality,9,Ward - 9,1679,6749,3145,3604
1,12,7,Pathari Shanishchare Municipality,10,Ward - 10,1746,7126,3355,3771
1,12,8,Urlabari Municipality,1,Ward - 1,2190,8804,4161,4643
1,12,8,Urlabari Municipality,2,Ward - 2,2101,8413,3955,4458
1,12,8,Urlabari Municipality,3,Ward - 3,1902,7302,3486,3816
1,12,8,Urlabari Municipality,4,Ward - 4,2448,9790,4621,5169
1,12,8,Urlabari Municipality,5,Ward - 5,1390,5535,2566,2969
1,12,8,Urlabari Municipality,6,Ward - 6,1440,5670,2649,3021
1,12,8,Urlabari Municipality,7,Ward - 7,2600,10719,5068,5651
1,12,8,Urlabari Municipality,8,Ward - 8,1955,7851,3639,4212
1,12,8,Urlabari Municipality,9,Ward - 9,1624,6824,3211,3613
1,12,9,Ratuwamai Municipality,1,Ward - 1,1029,5020,2497,2523
1,12,9,Ratuwamai Municipality,2,Ward - 2,1258,5320,2418,2902
1,12,9,Ratuwamai Municipality,3,Ward - 3,1260,5186,2445,2741
1,12,9,Ratuwamai Municipality,4,Ward - 4,1675,7048,3374,3674
1,12,9,Ratuwamai Municipality,5,Ward - 5,1890,8240,3966,4274
1,12,9,Ratuwamai Municipality,6,Ward - 6,1611,6508,3089,3419
1,12,9,Ratuwamai Municipality,7,Ward - 7,1327,5541,2613,2928
1,12,9,Ratuwamai Municipality,8,Ward - 8,1650,6701,3110,3591
1,12,9,Ratuwamai Municipality,9,Ward - 9,1400,5808,2786,3022
1,12,9,Ratuwamai Municipality,10,Ward - 10,1408,5767,2701,3066
1,12,10,Sunwarshi Municipality,1,Ward - 1,1206,5145,2422,2723
1,12,10,Sunwarshi Municipality,2,Ward - 2,975,3958,1884,2074
1,12,10,Sunwarshi Municipality,3,Ward - 3,687,2830,1343,1487
1,12,10,Sunwarshi Municipality,4,Ward - 4,1731,7398,3555,3843
1,12,10,Sunwarshi Municipality,5,Ward - 5,1352,5628,2692,2936
1,12,10,Sunwarshi Municipality,6,Ward - 6,1733,7590,3630,3960
1,12,10,Sunwarshi Municipality,7,Ward - 7,1511,7033,3339,3694
1,12,10,Sunwarshi Municipality,8,Ward - 8,1710,8285,4044,4241
1,12,10,Sunwarshi Municipality,9,Ward - 9,1779,8167,4086,4081
1,12,11,Rangeli Municipality,1,Ward - 1,1871,7757,3716,4041
1,12,11,Rangeli Municipality,2,Ward - 2,2077,8855,4251,4604
1,12,11,Rangeli Municipality,3,Ward - 3,1335,5631,2680,2951
1,12,11,Rangeli Municipality,4,Ward - 4,735,3417,1686,1731
1,12,11,Rangeli Municipality,5,Ward - 5,1407,6337,3120,3217
1,12,11,Rangeli Municipality,6,Ward - 6,1564,6994,3499,3495
1,12,11,Rangeli Municipality,7,Ward - 7,1363,6345,3184,3161
1,12,11,Rangeli Municipality,8,Ward - 8,1311,5628,2698,2930
1,12,11,Rangeli Municipality,9,Ward - 9,1543,6530,3140,3390
1,12,12,Gramthan Gaunpalika,1,Ward - 1,1207,4723,2299,2424
1,12,12,Gramthan Gaunpalika,2,Ward - 2,1476,6014,2997,3017
1,12,12,Gramthan Gaunpalika,3,Ward - 3,1086,3908,1896,2012
1,12,12,Gramthan Gaunpalika,4,Ward - 4,1362,5033,2433,2600
1,12,12,Gramthan Gaunpalika,5,Ward - 5,1691,6341,3068,3273
1,12,12,Gramthan Gaunpalika,6,Ward - 6,1349,5210,2532,2678
1,12,12,Gramthan Gaunpalika,7,Ward - 7,1206,4795,2272,2523
1,12,13,Budhiganga Gaunpalika,1,Ward - 1,2205,9389,4534,4855
1,12,13,Budhiganga Gaunpalika,2,Ward - 2,2122,9016,4516,4500
1,12,13,Budhiganga Gaunpalika,3,Ward - 3,2152,9125,4502,4623
1,12,13,Budhiganga Gaunpalika,4,Ward - 4,1630,6673,3331,3342
1,12,13,Budhiganga Gaunpalika,5,Ward - 5,1363,6196,3057,3139
1,12,13,Budhiganga Gaunpalika,6,Ward - 6,1443,5581,2678,2903
1,12,13,Budhiganga Gaunpalika,7,Ward - 7,1445,5517,2689,2828
1,12,14,Biratnagar Metropolitian City,1,Ward - 1,3650,14463,7069,7394
1,12,14,Biratnagar Metropolitian City,2,Ward - 2,1976,8328,4110,4218
1,12,14,Biratnagar Metropolitian City,3,Ward - 3,5726,21100,10414,10686
1,12,14,Biratnagar Metropolitian City,4,Ward - 4,5521,21944,10917,11027
1,12,14,Biratnagar Metropolitian City,5,Ward - 5,4304,17602,8873,8729
1,12,14,Biratnagar Metropolitian City,6,Ward - 6,4098,19892,10117,9775
1,12,14,Biratnagar Metropolitian City,7,Ward - 7,1736,6571,3306,3265
1,12,14,Biratnagar Metropolitian City,8,Ward - 8,4255,18076,9037,9039
1,12,14,Biratnagar Metropolitian City,9,Ward - 9,1186,5776,2938,2838
1,12,14,Biratnagar Metropolitian City,10,Ward - 10,2770,11183,5554,5629
1,12,14,Biratnagar Metropolitian City,11,Ward - 11,2982,12827,6403,6424
1,12,14,Biratnagar Metropolitian City,12,Ward - 12,4345,19006,9502,9504
1,12,14,Biratnagar Metropolitian City,13,Ward - 13,1885,7772,3999,3773
1,12,14,Biratnagar Metropolitian City,14,Ward - 14,2810,13850,6921,6929
1,12,14,Biratnagar Metropolitian City,15,Ward - 15,2737,12537,6364,6173
1,12,14,Biratnagar Metropolitian City,16,Ward - 16,1499,6856,3337,3519
1,12,14,Biratnagar Metropolitian City,17,Ward - 17,1811,9327,4570,4757
1,12,14,Biratnagar Metropolitian City,18,Ward - 18,1941,9609,4938,4671
1,12,14,Biratnagar Metropolitian City,19,Ward - 19,1687,7208,3585,3623
1,12,15,Katahari Gaunpalika,1,Ward - 1,1631,7194,3582,3612
1,12,15,Katahari Gaunpalika,2,Ward - 2,2184,9465,4814,4651
1,12,15,Katahari Gaunpalika,3,Ward - 3,1219,6015,3038,2977
1,12,15,Katahari Gaunpalika,4,Ward - 4,1652,8397,4257,4140
1,12,15,Katahari Gaunpalika,5,Ward - 5,910,4206,2104,2102
1,12,15,Katahari Gaunpalika,6,Ward - 6,1702,7935,3953,3982
1,12,15,Katahari Gaunpalika,7,Ward - 7,1197,5298,2594,2704
1,12,16,Dhanapalthan Gaunpalika,1,Ward - 1,985,4683,2357,2326
1,12,16,Dhanapalthan Gaunpalika,2,Ward - 2,1724,7254,3587,3667
1,12,16,Dhanapalthan Gaunpalika,3,Ward - 3,1335,6034,2935,3099
1,12,16,Dhanapalthan Gaunpalika,4,Ward - 4,1684,7654,3651,4003
1,12,16,Dhanapalthan Gaunpalika,5,Ward - 5,1232,5422,2537,2885
1,12,16,Dhanapalthan Gaunpalika,6,Ward - 6,1705,8117,4030,4087
1,12,16,Dhanapalthan Gaunpalika,7,Ward - 7,1260,6184,3099,3085
1,12,17,Jahada Gaunpalika,1,Ward - 1,1591,7657,3836,3821
1,12,17,Jahada Gaunpalika,2,Ward - 2,1482,7405,3683,3722
1,12,17,Jahada Gaunpalika,3,Ward - 3,1674,8032,4143,3889
1,12,17,Jahada Gaunpalika,4,Ward - 4,1599,7475,3818,3657
1,12,17,Jahada Gaunpalika,5,Ward - 5,1423,6970,3520,3450
1,12,17,Jahada Gaunpalika,6,Ward - 6,786,3637,1810,1827
1,12,17,Jahada Gaunpalika,7,Ward - 7,1314,6463,3225,3238
1,13,1,Dharan Sub-Metropolitian City,1,Ward - 1,1247,4962,2413,2549
1,13,1,Dharan Sub-Metropolitian City,2,Ward - 2,514,2275,1124,1151
1,13,1,Dharan Sub-Metropolitian City,3,Ward - 3,1101,4662,2304,2358
1,13,1,Dharan Sub-Metropolitian City,4,Ward - 4,992,3783,1822,1961
1,13,1,Dharan Sub-Metropolitian City,5,Ward - 5,3441,13651,6380,7271
1,13,1,Dharan Sub-Metropolitian City,6,Ward - 6,2142,8455,3983,4472
1,13,1,Dharan Sub-Metropolitian City,7,Ward - 7,768,2967,1480,1487
1,13,1,Dharan Sub-Metropolitian City,8,Ward - 8,3090,12126,5829,6297
1,13,1,Dharan Sub-Metropolitian City,9,Ward - 9,873,3564,1727,1837
1,13,1,Dharan Sub-Metropolitian City,10,Ward - 10,1269,4612,2144,2468
1,13,1,Dharan Sub-Metropolitian City,11,Ward - 11,4288,17168,7904,9264
1,13,1,Dharan Sub-Metropolitian City,12,Ward - 12,756,3029,1468,1561
1,13,1,Dharan Sub-Metropolitian City,13,Ward - 13,2313,9138,4167,4971
1,13,1,Dharan Sub-Metropolitian City,14,Ward - 14,1241,4803,2286,2517
1,13,1,Dharan Sub-Metropolitian City,15,Ward - 15,7015,27441,12845,14596
1,13,1,Dharan Sub-Metropolitian City,16,Ward - 16,3828,14665,6835,7830
1,13,1,Dharan Sub-Metropolitian City,17,Ward - 17,3942,15912,7509,8403
1,13,1,Dharan Sub-Metropolitian City,18,Ward - 18,1342,4579,2072,2507
1,13,1,Dharan Sub-Metropolitian City,19,Ward - 19,1347,5313,2415,2898
1,13,1,Dharan Sub-Metropolitian City,20,Ward - 20,887,3426,1703,1723
1,13,2,Barahachhetra Municipality,1,Ward - 1,1552,5980,2864,3116
1,13,2,Barahachhetra Municipality,2,Ward - 2,2026,8042,3807,4235
1,13,2,Barahachhetra Municipality,3,Ward - 3,2347,9866,4634,5232
1,13,2,Barahachhetra Municipality,4,Ward - 4,1490,6113,2896,3217
1,13,2,Barahachhetra Municipality,5,Ward - 5,2402,10338,4848,5490
1,13,2,Barahachhetra Municipality,6,Ward - 6,1607,6714,3186,3528
1,13,2,Barahachhetra Municipality,7,Ward - 7,2729,11113,5249,5864
1,13,2,Barahachhetra Municipality,8,Ward - 8,2372,9642,4490,5152
1,13,2,Barahachhetra Municipality,9,Ward - 9,1604,7130,3393,3737
1,13,2,Barahachhetra Municipality,10,Ward - 10,1954,7899,3678,4221
1,13,2,Barahachhetra Municipality,11,Ward - 11,1744,8250,3952,4298
1,13,3,Koshi Gaunpalika,1,Ward - 1,1101,5264,2661,2603
1,13,3,Koshi Gaunpalika,2,Ward - 2,1160,5909,2969,2940
1,13,3,Koshi Gaunpalika,3,Ward - 3,1332,7094,3504,3590
1,13,3,Koshi Gaunpalika,4,Ward - 4,762,4442,2135,2307
1,13,3,Koshi Gaunpalika,5,Ward - 5,1110,6690,3341,3349
1,13,3,Koshi Gaunpalika,6,Ward - 6,1072,5725,2939,2786
1,13,3,Koshi Gaunpalika,7,Ward - 7,1384,6774,3356,3418
1,13,3,Koshi Gaunpalika,8,Ward - 8,1248,6906,3453,3453
1,13,4,Bhokraha Narsingh Gaunpalika,1,Ward - 1,1182,5897,2895,3002
1,13,4,Bhokraha Narsingh Gaunpalika,2,Ward - 2,1236,6935,3416,3519
1,13,4,Bhokraha Narsingh Gaunpalika,3,Ward - 3,1004,4932,2440,2492
1,13,4,Bhokraha Narsingh Gaunpalika,4,Ward - 4,1037,5484,2648,2836
1,13,4,Bhokraha Narsingh Gaunpalika,5,Ward - 5,1093,6251,3057,3194
1,13,4,Bhokraha Narsingh Gaunpalika,6,Ward - 6,1190,6492,3183,3309
1,13,4,Bhokraha Narsingh Gaunpalika,7,Ward - 7,1183,6596,3381,3215
1,13,4,Bhokraha Narsingh Gaunpalika,8,Ward - 8,1007,6693,3273,3420
1,13,5,Ramdhuni Municipality,1,Ward - 1,1861,7708,3644,4064
1,13,5,Ramdhuni Municipality,2,Ward - 2,1565,6566,3039,3527
1,13,5,Ramdhuni Municipality,3,Ward - 3,2115,8587,4012,4575
1,13,5,Ramdhuni Municipality,4,Ward - 4,1518,6098,2835,3263
1,13,5,Ramdhuni Municipality,5,Ward - 5,2147,8344,3921,4423
1,13,5,Ramdhuni Municipality,6,Ward - 6,1880,7566,3593,3973
1,13,5,Ramdhuni Municipality,7,Ward - 7,2074,8464,3936,4528
1,13,5,Ramdhuni Municipality,8,Ward - 8,1046,4224,1998,2226
1,13,5,Ramdhuni Municipality,9,Ward - 9,1438,5895,2842,3053
1,13,6,Itahari Sub-Metropolitian City,1,Ward - 1,2684,10641,4896,5745
1,13,6,Itahari Sub-Metropolitian City,2,Ward - 2,4867,19594,9126,10468
1,13,6,Itahari Sub-Metropolitian City,3,Ward - 3,1595,6548,3103,3445
1,13,6,Itahari Sub-Metropolitian City,4,Ward - 4,5303,19512,9164,10348
1,13,6,Itahari Sub-Metropolitian City,5,Ward - 5,5500,21233,10052,11181
1,13,6,Itahari Sub-Metropolitian City,6,Ward - 6,1846,7259,3612,3647
1,13,6,Itahari Sub-Metropolitian City,7,Ward - 7,1451,6004,2832,3172
1,13,6,Itahari Sub-Metropolitian City,8,Ward - 8,3060,12320,5955,6365
1,13,6,Itahari Sub-Metropolitian City,9,Ward - 9,2408,9199,4394,4805
1,13,6,Itahari Sub-Metropolitian City,10,Ward - 10,1772,6779,3313,3466
1,13,6,Itahari Sub-Metropolitian City,11,Ward - 11,1346,5073,2447,2626
1,13,6,Itahari Sub-Metropolitian City,12,Ward - 12,1461,4870,2430,2440
1,13,6,Itahari Sub-Metropolitian City,13,Ward - 13,2572,9937,4815,5122
1,13,6,Itahari Sub-Metropolitian City,14,Ward - 14,1440,6266,3016,3250
1,13,6,Itahari Sub-Metropolitian City,15,Ward - 15,729,2940,1414,1526
1,13,6,Itahari Sub-Metropolitian City,16,Ward - 16,2360,9309,4382,4927
1,13,6,Itahari Sub-Metropolitian City,17,Ward - 17,2969,12107,5699,6408
1,13,6,Itahari Sub-Metropolitian City,18,Ward - 18,1334,5310,2484,2826
1,13,6,Itahari Sub-Metropolitian City,19,Ward - 19,2333,9242,4192,5050
1,13,6,Itahari Sub-Metropolitian City,20,Ward - 20,3320,13098,5964,7134
1,13,7,Duhabi Municipality,1,Ward - 1,903,4648,2300,2348
1,13,7,Duhabi Municipality,2,Ward - 2,1111,4567,2297,2270
1,13,7,Duhabi Municipality,3,Ward - 3,1252,4829,2418,2411
1,13,7,Duhabi Municipality,4,Ward - 4,1068,5062,2424,2638
1,13,7,Duhabi Municipality,5,Ward - 5,754,3225,1688,1537
1,13,7,Duhabi Municipality,6,Ward - 6,781,3867,1949,1918
1,13,7,Duhabi Municipality,7,Ward - 7,967,3764,1860,1904
1,13,7,Duhabi Municipality,8,Ward - 8,2149,8187,4142,4045
1,13,7,Duhabi Municipality,9,Ward - 9,1238,6644,3246,3398
1,13,7,Duhabi Municipality,10,Ward - 10,1467,6328,3061,3267
1,13,7,Duhabi Municipality,11,Ward - 11,1474,6312,3121,3191
1,13,7,Duhabi Municipality,12,Ward - 12,1866,8641,4291,4350
1,13,8,Gadhi Gaunpalika,1,Ward - 1,1847,7705,3756,3949
1,13,8,Gadhi Gaunpalika,2,Ward - 2,2131,9306,4619,4687
1,13,8,Gadhi Gaunpalika,3,Ward - 3,1135,5277,2624,2653
1,13,8,Gadhi Gaunpalika,4,Ward - 4,1196,5449,2700,2749
1,13,8,Gadhi Gaunpalika,5,Ward - 5,993,5196,2603,2593
1,13,8,Gadhi Gaunpalika,6,Ward - 6,1263,5806,2794,3012
1,13,9,Inaruwa Municipality,1,Ward - 1,1179,5356,2623,2733
1,13,9,Inaruwa Municipality,2,Ward - 2,1436,7018,3579,3439
1,13,9,Inaruwa Municipality,3,Ward - 3,2154,9200,4520,4680
1,13,9,Inaruwa Municipality,4,Ward - 4,1424,6922,3471,3451
1,13,9,Inaruwa Municipality,5,Ward - 5,1334,5480,2663,2817
1,13,9,Inaruwa Municipality,6,Ward - 6,1794,7370,3475,3895
1,13,9,Inaruwa Municipality,7,Ward - 7,1694,7531,3675,3856
1,13,9,Inaruwa Municipality,8,Ward - 8,1821,8539,4192,4347
1,13,9,Inaruwa Municipality,9,Ward - 9,1894,9813,4827,4986
1,13,9,Inaruwa Municipality,10,Ward - 10,1299,7685,3664,4021
1,13,10,Harinagar Gaunpalika,1,Ward - 1,1397,8207,4047,4160
1,13,10,Harinagar Gaunpalika,2,Ward - 2,1277,7716,3681,4035
1,13,10,Harinagar Gaunpalika,3,Ward - 3,921,4450,2164,2286
1,13,10,Harinagar Gaunpalika,4,Ward - 4,1666,9144,4575,4569
1,13,10,Harinagar Gaunpalika,5,Ward - 5,1127,6781,3468,3313
1,13,10,Harinagar Gaunpalika,6,Ward - 6,1314,7660,3701,3959
1,13,10,Harinagar Gaunpalika,7,Ward - 7,1036,5887,2931,2956
1,13,11,Dewangunj Gaunpalika,1,Ward - 1,1236,6094,3036,3058
1,13,11,Dewangunj Gaunpalika,2,Ward - 2,1586,8385,4192,4193
1,13,11,Dewangunj Gaunpalika,3,Ward - 3,1080,5368,2637,2731
1,13,11,Dewangunj Gaunpalika,4,Ward - 4,909,4773,2418,2355
1,13,11,Dewangunj Gaunpalika,5,Ward - 5,850,4159,2060,2099
1,13,11,Dewangunj Gaunpalika,6,Ward - 6,1008,4891,2452,2439
1,13,11,Dewangunj Gaunpalika,7,Ward - 7,1136,5360,2693,2667
1,13,12,Barju Gaunpalika,1,Ward - 1,1034,4830,2438,2392
1,13,12,Barju Gaunpalika,2,Ward - 2,936,4619,2367,2252
1,13,12,Barju Gaunpalika,3,Ward - 3,1099,5104,2591,2513
1,13,12,Barju Gaunpalika,4,Ward - 4,1297,5895,2929,2966
1,13,12,Barju Gaunpalika,5,Ward - 5,1823,8398,4191,4207
1,13,12,Barju Gaunpalika,6,Ward - 6,1733,7403,3653,3750
1,14,1,Belaka Municipality,1,Ward - 1,1292,5396,2503,2893
1,14,1,Belaka Municipality,2,Ward - 2,1845,7706,3711,3995
1,14,1,Belaka Municipality,3,Ward - 3,1846,7483,3587,3896
1,14,1,Belaka Municipality,4,Ward - 4,1177,4644,2126,2518
1,14,1,Belaka Municipality,5,Ward - 5,1767,7515,3573,3942
1,14,1,Belaka Municipality,6,Ward - 6,989,4482,2238,2244
1,14,1,Belaka Municipality,7,Ward - 7,618,2939,1405,1534
1,14,1,Belaka Municipality,8,Ward - 8,1243,5314,2592,2722
1,14,1,Belaka Municipality,9,Ward - 9,1381,5564,2665,2899
1,14,2,Chaudandigadhi Municipality,1,Ward - 1,773,3442,1691,1751
1,14,2,Chaudandigadhi Municipality,2,Ward - 2,1144,5138,2378,2760
1,14,2,Chaudandigadhi Municipality,3,Ward - 3,1000,4016,1853,2163
1,14,2,Chaudandigadhi Municipality,4,Ward - 4,1668,6936,3230,3706
1,14,2,Chaudandigadhi Municipality,5,Ward - 5,1523,6359,2999,3360
1,14,2,Chaudandigadhi Municipality,6,Ward - 6,1352,5550,2610,2940
1,14,2,Chaudandigadhi Municipality,7,Ward - 7,1427,6117,2881,3236
1,14,2,Chaudandigadhi Municipality,8,Ward - 8,861,3729,1771,1958
1,14,2,Chaudandigadhi Municipality,9,Ward - 9,1806,7546,3539,4007
1,14,2,Chaudandigadhi Municipality,10,Ward - 10,1149,4798,2205,2593
1,14,3,Triyuga Municipality,1,Ward - 1,1126,4658,2182,2476
1,14,3,Triyuga Municipality,2,Ward - 2,1417,5830,2744,3086
1,14,3,Triyuga Municipality,3,Ward - 3,2515,9997,4692,5305
1,14,3,Triyuga Municipality,4,Ward - 4,1412,5666,2613,3053
1,14,3,Triyuga Municipality,5,Ward - 5,1741,6983,3317,3666
1,14,3,Triyuga Municipality,6,Ward - 6,2144,8820,4264,4556
1,14,3,Triyuga Municipality,7,Ward - 7,1685,6733,3147,3586
1,14,3,Triyuga Municipality,8,Ward - 8,1372,5468,2559,2909
1,14,3,Triyuga Municipality,9,Ward - 9,1373,5575,2620,2955
1,14,3,Triyuga Municipality,10,Ward - 10,2125,8265,3884,4381
1,14,3,Triyuga Municipality,11,Ward - 11,2973,11400,5335,6065
1,14,3,Triyuga Municipality,12,Ward - 12,1882,7907,3770,4137
1,14,3,Triyuga Municipality,13,Ward - 13,1638,6386,2982,3404
1,14,3,Triyuga Municipality,14,Ward - 14,590,2312,1112,1200
1,14,3,Triyuga Municipality,15,Ward - 15,807,3541,1736,1805
1,14,3,Triyuga Municipality,16,Ward - 16,823,3184,1506,1678
1,14,4,Rautamai Gaunpalika,1,Ward - 1,416,1966,969,997
1,14,4,Rautamai Gaunpalika,2,Ward - 2,590,2627,1267,1360
1,14,4,Rautamai Gaunpalika,3,Ward - 3,510,2317,1126,1191
1,14,4,Rautamai Gaunpalika,4,Ward - 4,535,2346,1152,1194
1,14,4,Rautamai Gaunpalika,5,Ward - 5,577,2505,1212,1293
1,14,4,Rautamai Gaunpalika,6,Ward - 6,398,1656,808,848
1,14,4,Rautamai Gaunpalika,7,Ward - 7,1064,4606,2283,2323
1,14,4,Rautamai Gaunpalika,8,Ward - 8,482,2301,1156,1145
1,14,5,Limchunbung Gaunpalika,1,Ward - 1,412,1762,883,879
1,14,5,Limchunbung Gaunpalika,2,Ward - 2,410,1578,772,806
1,14,5,Limchunbung Gaunpalika,3,Ward - 3,539,2610,1286,1324
1,14,5,Limchunbung Gaunpalika,4,Ward - 4,456,1996,1006,990
1,14,5,Limchunbung Gaunpalika,5,Ward - 5,410,1743,843,900
1,14,6,Tapli Gaunpalika,1,Ward - 1,534,2658,1311,1347
1,14,6,Tapli Gaunpalika,2,Ward - 2,474,2112,1028,1084
1,14,6,Tapli Gaunpalika,3,Ward - 3,627,2945,1429,1516
1,14,6,Tapli Gaunpalika,4,Ward - 4,495,2392,1206,1186
1,14,6,Tapli Gaunpalika,5,Ward - 5,732,3237,1634,1603
1,14,7,Katari Municipality,1,Ward - 1,1003,4234,2065,2169
1,14,7,Katari Municipality,2,Ward - 2,1198,5026,2404,2622
1,14,7,Katari Municipality,3,Ward - 3,1586,6385,3122,3263
1,14,7,Katari Municipality,4,Ward - 4,2610,10378,4996,5382
1,14,7,Katari Municipality,5,Ward - 5,1824,7767,3702,4065
1,14,7,Katari Municipality,6,Ward - 6,853,3507,1627,1880
1,14,7,Katari Municipality,7,Ward - 7,1168,4453,2108,2345
1,14,7,Katari Municipality,8,Ward - 8,832,4369,2139,2230
1,14,7,Katari Municipality,9,Ward - 9,531,2402,1162,1240
1,14,7,Katari Municipality,10,Ward - 10,668,3025,1534,1491
1,14,7,Katari Municipality,11,Ward - 11,374,1718,851,867
1,14,7,Katari Municipality,12,Ward - 12,474,1956,966,990
1,14,7,Katari Municipality,13,Ward - 13,433,1964,983,981
1,14,7,Katari Municipality,14,Ward - 14,552,2323,1209,1114
1,14,8,Udayapurgadhi Gaunpalika,1,Ward - 1,886,3934,1960,1974
1,14,8,Udayapurgadhi Gaunpalika,2,Ward - 2,562,2380,1154,1226
1,14,8,Udayapurgadhi Gaunpalika,3,Ward - 3,613,2750,1318,1432
1,14,8,Udayapurgadhi Gaunpalika,4,Ward - 4,465,1984,956,1028
1,14,8,Udayapurgadhi Gaunpalika,5,Ward - 5,943,3775,1816,1959
1,14,8,Udayapurgadhi Gaunpalika,6,Ward - 6,1250,5178,2531,2647
1,14,8,Udayapurgadhi Gaunpalika,7,Ward - 7,1308,5486,2657,2829
1,14,8,Udayapurgadhi Gaunpalika,8,Ward - 8,773,3439,1705,1734
2,15,1,Saptakoshi Municipality,1,Ward - 1,1084,4628,2254,2374
2,15,1,Saptakoshi Municipality,2,Ward - 2,602,2734,1256,1478
2,15,1,Saptakoshi Municipality,3,Ward - 3,308,1348,620,728
2,15,1,Saptakoshi Municipality,4,Ward - 4,553,2418,1135,1283
2,15,1,Saptakoshi Municipality,5,Ward - 5,337,1467,710,757
2,15,1,Saptakoshi Municipality,6,Ward - 6,349,1710,823,887
2,15,1,Saptakoshi Municipality,7,Ward - 7,320,1402,718,684
2,15,1,Saptakoshi Municipality,8,Ward - 8,448,1990,989,1001
2,15,1,Saptakoshi Municipality,9,Ward - 9,368,1756,879,877
2,15,1,Saptakoshi Municipality,10,Ward - 10,467,2236,1119,1117
2,15,1,Saptakoshi Municipality,11,Ward - 11,382,1821,895,926
2,15,2,Kanchanrup Municipality,1,Ward - 1,988,4982,2434,2548
2,15,2,Kanchanrup Municipality,2,Ward - 2,898,4572,2257,2315
2,15,2,Kanchanrup Municipality,3,Ward - 3,847,3371,1634,1737
2,15,2,Kanchanrup Municipality,4,Ward - 4,1138,5453,2725,2728
2,15,2,Kanchanrup Municipality,5,Ward - 5,1069,5017,2508,2509
2,15,2,Kanchanrup Municipality,6,Ward - 6,994,4766,2242,2524
2,15,2,Kanchanrup Municipality,7,Ward - 7,768,3695,1810,1885
2,15,2,Kanchanrup Municipality,8,Ward - 8,1672,7704,3909,3795
2,15,2,Kanchanrup Municipality,9,Ward - 9,980,4540,2170,2370
2,15,2,Kanchanrup Municipality,10,Ward - 10,691,3231,1645,1586
2,15,2,Kanchanrup Municipality,11,Ward - 11,1477,6905,3282,3623
2,15,2,Kanchanrup Municipality,12,Ward - 12,1013,4230,2023,2207
2,15,3,Agnisair Krishna Sabaran Gaunpalika,1,Ward - 1,1052,5011,2385,2626
2,15,3,Agnisair Krishna Sabaran Gaunpalika,2,Ward - 2,1032,4965,2396,2569
2,15,3,Agnisair Krishna Sabaran Gaunpalika,3,Ward - 3,1023,4749,2366,2383
2,15,3,Agnisair Krishna Sabaran Gaunpalika,4,Ward - 4,1545,7025,3439,3586
2,15,3,Agnisair Krishna Sabaran Gaunpalika,5,Ward - 5,861,4673,2242,2431
2,15,3,Agnisair Krishna Sabaran Gaunpalika,6,Ward - 6,1068,5211,2582,2629
2,15,4,Rupani Gaunpalika,1,Ward - 1,1239,5959,2971,2988
2,15,4,Rupani Gaunpalika,2,Ward - 2,1091,5334,2584,2750
2,15,4,Rupani Gaunpalika,3,Ward - 3,1230,5787,2892,2895
2,15,4,Rupani Gaunpalika,4,Ward - 4,505,2596,1292,1304
2,15,4,Rupani Gaunpalika,5,Ward - 5,887,4124,2024,2100
2,15,4,Rupani Gaunpalika,6,Ward - 6,1372,6077,2958,3119
2,15,5,Shambhunath Municipality,1,Ward - 1,544,2393,1175,1218
2,15,5,Shambhunath Municipality,2,Ward - 2,686,3198,1576,1622
2,15,5,Shambhunath Municipality,3,Ward - 3,943,4306,2043,2263
2,15,5,Shambhunath Municipality,4,Ward - 4,662,2803,1312,1491
2,15,5,Shambhunath Municipality,5,Ward - 5,492,2205,1051,1154
2,15,5,Shambhunath Municipality,6,Ward - 6,784,3776,1869,1907
2,15,5,Shambhunath Municipality,7,Ward - 7,1073,5000,2392,2608
2,15,5,Shambhunath Municipality,8,Ward - 8,678,3028,1401,1627
2,15,5,Shambhunath Municipality,9,Ward - 9,532,2536,1226,1310
2,15,5,Shambhunath Municipality,10,Ward - 10,395,1957,960,997
2,15,5,Shambhunath Municipality,11,Ward - 11,586,2554,1163,1391
2,15,5,Shambhunath Municipality,12,Ward - 12,1304,5878,2838,3040
2,15,6,Khadak Municipality,1,Ward - 1,928,4067,2024,2043
2,15,6,Khadak Municipality,2,Ward - 2,643,3086,1517,1569
2,15,6,Khadak Municipality,3,Ward - 3,1273,5916,2797,3119
2,15,6,Khadak Municipality,4,Ward - 4,957,4400,2048,2352
2,15,6,Khadak Municipality,5,Ward - 5,1213,5765,2897,2868
2,15,6,Khadak Municipality,6,Ward - 6,550,2769,1282,1487
2,15,6,Khadak Municipality,7,Ward - 7,941,4259,2097,2162
2,15,6,Khadak Municipality,8,Ward - 8,1079,5617,2845,2772
2,15,6,Khadak Municipality,9,Ward - 9,1109,5640,2663,2977
2,15,6,Khadak Municipality,10,Ward - 10,1046,4945,2345,2600
2,15,6,Khadak Municipality,11,Ward - 11,1330,6314,2965,3349
2,15,7,Surunga Municipality,1,Ward - 1,1060,4501,2103,2398
2,15,7,Surunga Municipality,2,Ward - 2,1426,6241,2960,3281
2,15,7,Surunga Municipality,3,Ward - 3,1189,5484,2704,2780
2,15,7,Surunga Municipality,4,Ward - 4,1057,5190,2555,2635
2,15,7,Surunga Municipality,5,Ward - 5,889,4550,2143,2407
2,15,7,Surunga Municipality,6,Ward - 6,587,2943,1398,1545
2,15,7,Surunga Municipality,7,Ward - 7,1196,5673,2701,2972
2,15,7,Surunga Municipality,8,Ward - 8,1000,4600,2189,2411
2,15,7,Surunga Municipality,9,Ward - 9,803,3895,1847,2048
2,15,7,Surunga Municipality,10,Ward - 10,608,2926,1434,1492
2,15,7,Surunga Municipality,11,Ward - 11,672,3457,1681,1776
2,15,8,Balan-Bihul Gaunpalika,1,Ward - 1,806,3773,1916,1857
2,15,8,Balan-Bihul Gaunpalika,2,Ward - 2,708,3260,1702,1558
2,15,8,Balan-Bihul Gaunpalika,3,Ward - 3,1068,4839,2381,2458
2,15,8,Balan-Bihul Gaunpalika,4,Ward - 4,949,4752,2318,2434
2,15,8,Balan-Bihul Gaunpalika,5,Ward - 5,600,3044,1594,1450
2,15,8,Balan-Bihul Gaunpalika,6,Ward - 6,817,3859,1912,1947
2,15,9,Bode Barsain Municipality,1,Ward - 1,908,4170,2090,2080
2,15,9,Bode Barsain Municipality,2,Ward - 2,1121,5235,2596,2639
2,15,9,Bode Barsain Municipality,3,Ward - 3,1307,5935,2928,3007
2,15,9,Bode Barsain Municipality,4,Ward - 4,350,1713,845,868
2,15,9,Bode Barsain Municipality,5,Ward - 5,1197,6163,2956,3207
2,15,9,Bode Barsain Municipality,6,Ward - 6,728,3178,1624,1554
2,15,9,Bode Barsain Municipality,7,Ward - 7,953,4412,2169,2243
2,15,9,Bode Barsain Municipality,8,Ward - 8,952,4523,2238,2285
2,15,9,Bode Barsain Municipality,9,Ward - 9,1060,5266,2664,2602
2,15,9,Bode Barsain Municipality,10,Ward - 10,1146,5422,2808,2614
2,15,10,Dakneshwori Municipality,1,Ward - 1,861,4210,2152,2058
2,15,10,Dakneshwori Municipality,2,Ward - 2,491,2424,1125,1299
2,15,10,Dakneshwori Municipality,3,Ward - 3,1051,4741,2319,2422
2,15,10,Dakneshwori Municipality,4,Ward - 4,451,2131,1065,1066
2,15,10,Dakneshwori Municipality,5,Ward - 5,1393,6662,3330,3332
2,15,10,Dakneshwori Municipality,6,Ward - 6,1195,5137,2541,2596
2,15,10,Dakneshwori Municipality,7,Ward - 7,1119,5234,2557,2677
2,15,10,Dakneshwori Municipality,8,Ward - 8,1477,7164,3587,3577
2,15,10,Dakneshwori Municipality,9,Ward - 9,1244,6287,3167,3120
2,15,10,Dakneshwori Municipality,10,Ward - 10,720,3749,1847,1902
2,15,11,Rajgadh Gaunpalika,1,Ward - 1,890,4611,2360,2251
2,15,11,Rajgadh Gaunpalika,2,Ward - 2,842,4022,1936,2086
2,15,11,Rajgadh Gaunpalika,3,Ward - 3,1606,7238,3607,3631
2,15,11,Rajgadh Gaunpalika,4,Ward - 4,1338,6761,3292,3469
2,15,11,Rajgadh Gaunpalika,5,Ward - 5,765,3479,1743,1736
2,15,11,Rajgadh Gaunpalika,6,Ward - 6,1234,6351,3179,3172
2,15,12,Bishnupur Gaunpalika,1,Ward - 1,1595,8385,4198,4187
2,15,12,Bishnupur Gaunpalika,2,Ward - 2,520,2425,1222,1203
2,15,12,Bishnupur Gaunpalika,3,Ward - 3,471,2207,1097,1110
2,15,12,Bishnupur Gaunpalika,4,Ward - 4,692,3410,1737,1673
2,15,12,Bishnupur Gaunpalika,5,Ward - 5,499,2757,1435,1322
2,15,12,Bishnupur Gaunpalika,6,Ward - 6,1084,5373,2784,2589
2,15,12,Bishnupur Gaunpalika,7,Ward - 7,604,3146,1626,1520
2,15,13,Rajbiraj Municipality,1,Ward - 1,1216,6708,3375,3333
2,15,13,Rajbiraj Municipality,2,Ward - 2,1218,5852,2997,2855
2,15,13,Rajbiraj Municipality,3,Ward - 3,477,2412,1236,1176
2,15,13,Rajbiraj Municipality,4,Ward - 4,463,2747,1419,1328
2,15,13,Rajbiraj Municipality,5,Ward - 5,577,2727,1416,1311
2,15,13,Rajbiraj Municipality,6,Ward - 6,1331,6369,3234,3135
2,15,13,Rajbiraj Municipality,7,Ward - 7,1082,5162,2719,2443
2,15,13,Rajbiraj Municipality,8,Ward - 8,1138,5428,2864,2564
2,15,13,Rajbiraj Municipality,9,Ward - 9,1514,7851,3932,3919
2,15,13,Rajbiraj Municipality,10,Ward - 10,1027,4904,2387,2517
2,15,13,Rajbiraj Municipality,11,Ward - 11,870,4239,2199,2040
2,15,13,Rajbiraj Municipality,12,Ward - 12,629,3446,1786,1660
2,15,13,Rajbiraj Municipality,13,Ward - 13,754,3714,1953,1761
2,15,13,Rajbiraj Municipality,14,Ward - 14,555,2756,1394,1362
2,15,13,Rajbiraj Municipality,15,Ward - 15,709,3612,1883,1729
2,15,13,Rajbiraj Municipality,16,Ward - 16,573,2876,1490,1386
2,15,14,Mahadewa Gaunpalika,1,Ward - 1,1493,7244,3630,3614
2,15,14,Mahadewa Gaunpalika,2,Ward - 2,1311,6863,3571,3292
2,15,14,Mahadewa Gaunpalika,3,Ward - 3,373,1649,817,832
2,15,14,Mahadewa Gaunpalika,4,Ward - 4,1389,6294,3045,3249
2,15,14,Mahadewa Gaunpalika,5,Ward - 5,930,4556,2275,2281
2,15,14,Mahadewa Gaunpalika,6,Ward - 6,783,3709,1887,1822
2,15,15,Tirahut Gaunpalika,1,Ward - 1,1019,4710,2374,2336
2,15,15,Tirahut Gaunpalika,2,Ward - 2,760,3543,1776,1767
2,15,15,Tirahut Gaunpalika,3,Ward - 3,1073,5217,2655,2562
2,15,15,Tirahut Gaunpalika,4,Ward - 4,950,4433,2216,2217
2,15,15,Tirahut Gaunpalika,5,Ward - 5,1314,6131,3035,3096
2,15,16,Hanumannagar Kankalini Municipality,1,Ward - 1,1630,8194,4199,3995
2,15,16,Hanumannagar Kankalini Municipality,2,Ward - 2,441,2092,1070,1022
2,15,16,Hanumannagar Kankalini Municipality,3,Ward - 3,1209,6114,3147,2967
2,15,16,Hanumannagar Kankalini Municipality,4,Ward - 4,1743,8127,4044,4083
2,15,16,Hanumannagar Kankalini Municipality,5,Ward - 5,436,2165,1097,1068
2,15,16,Hanumannagar Kankalini Municipality,6,Ward - 6,755,3813,1909,1904
2,15,16,Hanumannagar Kankalini Municipality,7,Ward - 7,564,2622,1337,1285
2,15,16,Hanumannagar Kankalini Municipality,8,Ward - 8,399,1940,966,974
2,15,16,Hanumannagar Kankalini Municipality,9,Ward - 9,435,2293,1153,1140
2,15,16,Hanumannagar Kankalini Municipality,10,Ward - 10,437,2221,1106,1115
2,15,16,Hanumannagar Kankalini Municipality,11,Ward - 11,463,2416,1246,1170
2,15,16,Hanumannagar Kankalini Municipality,12,Ward - 12,525,2541,1240,1301
2,15,16,Hanumannagar Kankalini Municipality,13,Ward - 13,144,700,388,312
2,15,16,Hanumannagar Kankalini Municipality,14,Ward - 14,1464,7558,3863,3695
2,15,17,Tilathi Koiladi Gaunpalika,1,Ward - 1,768,3737,1899,1838
2,15,17,Tilathi Koiladi Gaunpalika,2,Ward - 2,779,3921,2009,1912
2,15,17,Tilathi Koiladi Gaunpalika,3,Ward - 3,1001,4979,2569,2410
2,15,17,Tilathi Koiladi Gaunpalika,4,Ward - 4,910,4705,2452,2253
2,15,17,Tilathi Koiladi Gaunpalika,5,Ward - 5,1234,5971,2955,3016
2,15,17,Tilathi Koiladi Gaunpalika,6,Ward - 6,385,2032,1057,975
2,15,17,Tilathi Koiladi Gaunpalika,7,Ward - 7,911,4497,2222,2275
2,15,17,Tilathi Koiladi Gaunpalika,8,Ward - 8,780,3816,1968,1848
2,15,18,Chhinnamasta Gaunpalika,1,Ward - 1,895,4484,2214,2270
2,15,18,Chhinnamasta Gaunpalika,2,Ward - 2,833,4234,2181,2053
2,15,18,Chhinnamasta Gaunpalika,3,Ward - 3,1394,6785,3416,3369
2,15,18,Chhinnamasta Gaunpalika,4,Ward - 4,944,4249,2101,2148
2,15,18,Chhinnamasta Gaunpalika,5,Ward - 5,767,3614,1851,1763
2,15,18,Chhinnamasta Gaunpalika,6,Ward - 6,772,3810,1936,1874
2,15,18,Chhinnamasta Gaunpalika,7,Ward - 7,565,2770,1401,1369
2,16,1,Lahan Municipality,1,Ward - 1,1274,5907,2935,2972
2,16,1,Lahan Municipality,2,Ward - 2,689,3316,1634,1682
2,16,1,Lahan Municipality,3,Ward - 3,1192,5830,2962,2868
2,16,1,Lahan Municipality,4,Ward - 4,806,4468,2281,2187
2,16,1,Lahan Municipality,5,Ward - 5,966,4907,2467,2440
2,16,1,Lahan Municipality,6,Ward - 6,532,2610,1309,1301
2,16,1,Lahan Municipality,7,Ward - 7,465,2414,1230,1184
2,16,1,Lahan Municipality,8,Ward - 8,650,3175,1635,1540
2,16,1,Lahan Municipality,9,Ward - 9,469,2334,1154,1180
2,16,1,Lahan Municipality,10,Ward - 10,755,3610,1869,1741
2,16,1,Lahan Municipality,11,Ward - 11,743,3593,1708,1885
2,16,1,Lahan Municipality,12,Ward - 12,716,3518,1745,1773
2,16,1,Lahan Municipality,13,Ward - 13,960,4476,2153,2323
2,16,1,Lahan Municipality,14,Ward - 14,551,2601,1289,1312
2,16,1,Lahan Municipality,15,Ward - 15,1082,5174,2550,2624
2,16,1,Lahan Municipality,16,Ward - 16,426,2105,1051,1054
2,16,1,Lahan Municipality,17,Ward - 17,665,3337,1645,1692
2,16,1,Lahan Municipality,18,Ward - 18,1290,6723,3184,3539
2,16,1,Lahan Municipality,19,Ward - 19,963,4906,2425,2481
2,16,1,Lahan Municipality,20,Ward - 20,776,3820,1879,1941
2,16,1,Lahan Municipality,21,Ward - 21,811,4254,2145,2109
2,16,1,Lahan Municipality,22,Ward - 22,1245,6360,3084,3276
2,16,1,Lahan Municipality,23,Ward - 23,1013,5058,2481,2577
2,16,1,Lahan Municipality,24,Ward - 24,1538,7535,3752,3783
2,16,2,Dhangadhimai Municipality,1,Ward - 1,616,2947,1409,1538
2,16,2,Dhangadhimai Municipality,2,Ward - 2,709,3316,1564,1752
2,16,2,Dhangadhimai Municipality,3,Ward - 3,995,4595,2163,2432
2,16,2,Dhangadhimai Municipality,4,Ward - 4,513,2642,1269,1373
2,16,2,Dhangadhimai Municipality,5,Ward - 5,729,3785,1825,1960
2,16,2,Dhangadhimai Municipality,6,Ward - 6,705,3478,1719,1759
2,16,2,Dhangadhimai Municipality,7,Ward - 7,703,3703,1835,1868
2,16,2,Dhangadhimai Municipality,8,Ward - 8,685,3558,1784,1774
2,16,2,Dhangadhimai Municipality,9,Ward - 9,659,3328,1607,1721
2,16,2,Dhangadhimai Municipality,10,Ward - 10,944,4700,2383,2317
2,16,2,Dhangadhimai Municipality,11,Ward - 11,1076,5296,2621,2675
2,16,2,Dhangadhimai Municipality,12,Ward - 12,1109,4936,2395,2541
2,16,2,Dhangadhimai Municipality,13,Ward - 13,825,4259,2082,2177
2,16,2,Dhangadhimai Municipality,14,Ward - 14,574,2812,1382,1430
2,16,3,Golbazar Municipality,1,Ward - 1,831,4230,2087,2143
2,16,3,Golbazar Municipality,2,Ward - 2,1213,5727,2858,2869
2,16,3,Golbazar Municipality,3,Ward - 3,1127,4965,2425,2540
2,16,3,Golbazar Municipality,4,Ward - 4,1383,6756,3459,3297
2,16,3,Golbazar Municipality,5,Ward - 5,604,2995,1452,1543
2,16,3,Golbazar Municipality,6,Ward - 6,1805,8378,4212,4166
2,16,3,Golbazar Municipality,7,Ward - 7,656,3109,1541,1568
2,16,3,Golbazar Municipality,8,Ward - 8,849,4167,2081,2086
2,16,3,Golbazar Municipality,9,Ward - 9,676,3420,1688,1732
2,16,3,Golbazar Municipality,10,Ward - 10,572,3052,1507,1545
2,16,3,Golbazar Municipality,11,Ward - 11,1184,6098,2937,3161
2,16,3,Golbazar Municipality,12,Ward - 12,1176,6014,2960,3054
2,16,3,Golbazar Municipality,13,Ward - 13,1057,4974,2404,2570
2,16,4,Mirchaiya Municipality,1,Ward - 1,1144,5350,2491,2859
2,16,4,Mirchaiya Municipality,2,Ward - 2,908,4426,2122,2304
2,16,4,Mirchaiya Municipality,3,Ward - 3,993,5034,2558,2476
2,16,4,Mirchaiya Municipality,4,Ward - 4,840,4156,2100,2056
2,16,4,Mirchaiya Municipality,5,Ward - 5,1473,7027,3584,3443
2,16,4,Mirchaiya Municipality,6,Ward - 6,1568,7282,3794,3488
2,16,4,Mirchaiya Municipality,7,Ward - 7,809,3920,1920,2000
2,16,4,Mirchaiya Municipality,8,Ward - 8,609,2987,1517,1470
2,16,4,Mirchaiya Municipality,9,Ward - 9,927,4411,2161,2250
2,16,4,Mirchaiya Municipality,10,Ward - 10,1102,5539,2739,2800
2,16,4,Mirchaiya Municipality,11,Ward - 11,1081,5424,2701,2723
2,16,4,Mirchaiya Municipality,12,Ward - 12,796,3869,1884,1985
2,16,5,Karjanha Municipality,1,Ward - 1,610,2709,1258,1451
2,16,5,Karjanha Municipality,2,Ward - 2,1077,5045,2483,2562
2,16,5,Karjanha Municipality,3,Ward - 3,965,4428,2134,2294
2,16,5,Karjanha Municipality,4,Ward - 4,681,2881,1398,1483
2,16,5,Karjanha Municipality,5,Ward - 5,557,2603,1261,1342
2,16,5,Karjanha Municipality,6,Ward - 6,949,4323,2133,2190
2,16,5,Karjanha Municipality,7,Ward - 7,881,4153,2017,2136
2,16,5,Karjanha Municipality,8,Ward - 8,627,3070,1419,1651
2,16,5,Karjanha Municipality,9,Ward - 9,531,2577,1233,1344
2,16,5,Karjanha Municipality,10,Ward - 10,756,3672,1786,1886
2,16,5,Karjanha Municipality,11,Ward - 11,655,3096,1527,1569
2,16,6,Kalyanpur Municipality,1,Ward - 1,878,4194,1906,2288
2,16,6,Kalyanpur Municipality,2,Ward - 2,669,3207,1478,1729
2,16,6,Kalyanpur Municipality,3,Ward - 3,1042,4969,2345,2624
2,16,6,Kalyanpur Municipality,4,Ward - 4,1236,6119,3009,3110
2,16,6,Kalyanpur Municipality,5,Ward - 5,943,4587,2199,2388
2,16,6,Kalyanpur Municipality,6,Ward - 6,437,2141,1018,1123
2,16,6,Kalyanpur Municipality,7,Ward - 7,1003,4695,2219,2476
2,16,6,Kalyanpur Municipality,8,Ward - 8,1110,5582,2718,2864
2,16,6,Kalyanpur Municipality,9,Ward - 9,882,4430,2164,2266
2,16,6,Kalyanpur Municipality,10,Ward - 10,1364,7035,3330,3705
2,16,6,Kalyanpur Municipality,11,Ward - 11,973,4811,2414,2397
2,16,6,Kalyanpur Municipality,12,Ward - 12,1298,7102,3398,3704
2,16,7,Naraha Gaunpalika,1,Ward - 1,873,4574,2234,2340
2,16,7,Naraha Gaunpalika,2,Ward - 2,548,2721,1361,1360
2,16,7,Naraha Gaunpalika,3,Ward - 3,1034,5950,2947,3003
2,16,7,Naraha Gaunpalika,4,Ward - 4,871,4217,2091,2126
2,16,7,Naraha Gaunpalika,5,Ward - 5,1047,5298,2631,2667
2,16,8,Bishnupur Gaunpalika,1,Ward - 1,1272,6564,3345,3219
2,16,8,Bishnupur Gaunpalika,2,Ward - 2,504,2649,1327,1322
2,16,8,Bishnupur Gaunpalika,3,Ward - 3,715,3371,1640,1731
2,16,8,Bishnupur Gaunpalika,4,Ward - 4,1132,5651,2832,2819
2,16,8,Bishnupur Gaunpalika,5,Ward - 5,943,4546,2177,2369
2,16,9,Arnama Gaunpalika,1,Ward - 1,1432,7935,3719,4216
2,16,9,Arnama Gaunpalika,2,Ward - 2,726,3611,1731,1880
2,16,9,Arnama Gaunpalika,3,Ward - 3,1448,7573,3784,3789
2,16,9,Arnama Gaunpalika,4,Ward - 4,682,3774,1833,1941
2,16,9,Arnama Gaunpalika,5,Ward - 5,891,5006,2525,2481
2,16,10,Sukhipur Municipality,1,Ward - 1,646,3239,1649,1590
2,16,10,Sukhipur Municipality,2,Ward - 2,1068,5521,2741,2780
2,16,10,Sukhipur Municipality,3,Ward - 3,726,3997,1963,2034
2,16,10,Sukhipur Municipality,4,Ward - 4,773,3908,1906,2002
2,16,10,Sukhipur Municipality,5,Ward - 5,930,4768,2278,2490
2,16,10,Sukhipur Municipality,6,Ward - 6,768,3682,1859,1823
2,16,10,Sukhipur Municipality,7,Ward - 7,736,3602,1803,1799
2,16,10,Sukhipur Municipality,8,Ward - 8,1149,5834,2907,2927
2,16,10,Sukhipur Municipality,9,Ward - 9,583,2758,1315,1443
2,16,10,Sukhipur Municipality,10,Ward - 10,942,4724,2356,2368
2,16,11,Laxmipur Patari Gaunpalika,1,Ward - 1,908,4680,2274,2406
2,16,11,Laxmipur Patari Gaunpalika,2,Ward - 2,831,4223,1989,2234
2,16,11,Laxmipur Patari Gaunpalika,3,Ward - 3,883,4588,2223,2365
2,16,11,Laxmipur Patari Gaunpalika,4,Ward - 4,1050,5391,2637,2754
2,16,11,Laxmipur Patari Gaunpalika,5,Ward - 5,998,5352,2572,2780
2,16,11,Laxmipur Patari Gaunpalika,6,Ward - 6,1374,6884,3373,3511
2,16,12,Sakhuwa Nankarkatti Gaunpalika,1,Ward - 1,760,3869,1823,2046
2,16,12,Sakhuwa Nankarkatti Gaunpalika,2,Ward - 2,726,3416,1674,1742
2,16,12,Sakhuwa Nankarkatti Gaunpalika,3,Ward - 3,1143,5230,2635,2595
2,16,12,Sakhuwa Nankarkatti Gaunpalika,4,Ward - 4,741,3716,1828,1888
2,16,12,Sakhuwa Nankarkatti Gaunpalika,5,Ward - 5,866,4613,2246,2367
2,16,13,Bhagawanpur Gaunpalika,1,Ward - 1,964,4869,2397,2472
2,16,13,Bhagawanpur Gaunpalika,2,Ward - 2,1262,6571,3276,3295
2,16,13,Bhagawanpur Gaunpalika,3,Ward - 3,744,3634,1740,1894
2,16,13,Bhagawanpur Gaunpalika,4,Ward - 4,925,4992,2505,2487
2,16,13,Bhagawanpur Gaunpalika,5,Ward - 5,711,3314,1563,1751
2,16,14,Nawarajpur Gaunpalika,1,Ward - 1,1086,5221,2537,2684
2,16,14,Nawarajpur Gaunpalika,2,Ward - 2,409,1967,926,1041
2,16,14,Nawarajpur Gaunpalika,3,Ward - 3,850,3975,1982,1993
2,16,14,Nawarajpur Gaunpalika,4,Ward - 4,872,4470,2269,2201
2,16,14,Nawarajpur Gaunpalika,5,Ward - 5,1009,5155,2475,2680
2,16,15,Bariyarpatti Gaunpalika,1,Ward - 1,1358,7625,3778,3847
2,16,15,Bariyarpatti Gaunpalika,2,Ward - 2,987,5296,2651,2645
2,16,15,Bariyarpatti Gaunpalika,3,Ward - 3,1219,5814,2816,2998
2,16,15,Bariyarpatti Gaunpalika,4,Ward - 4,1020,5379,2690,2689
2,16,15,Bariyarpatti Gaunpalika,5,Ward - 5,1102,5598,2781,2817
2,16,16,Aurahi Gaunpalika,1,Ward - 1,697,3530,1795,1735
2,16,16,Aurahi Gaunpalika,2,Ward - 2,893,4323,2167,2156
2,16,16,Aurahi Gaunpalika,3,Ward - 3,1428,7062,3513,3549
2,16,16,Aurahi Gaunpalika,4,Ward - 4,1138,5362,2632,2730
2,16,16,Aurahi Gaunpalika,5,Ward - 5,1313,6201,3059,3142
2,16,17,Siraha Municipality,1,Ward - 1,505,2616,1311,1305
2,16,17,Siraha Municipality,2,Ward - 2,1017,5177,2560,2617
2,16,17,Siraha Municipality,3,Ward - 3,501,2374,1130,1244
2,16,17,Siraha Municipality,4,Ward - 4,673,3741,1737,2004
2,16,17,Siraha Municipality,5,Ward - 5,674,3452,1682,1770
2,16,17,Siraha Municipality,6,Ward - 6,901,4175,2009,2166
2,16,17,Siraha Municipality,7,Ward - 7,833,4328,2186,2142
2,16,17,Siraha Municipality,8,Ward - 8,604,2857,1416,1441
2,16,17,Siraha Municipality,9,Ward - 9,845,4370,2204,2166
2,16,17,Siraha Municipality,10,Ward - 10,791,4024,1907,2117
2,16,17,Siraha Municipality,11,Ward - 11,805,3926,1859,2067
2,16,17,Siraha Municipality,12,Ward - 12,1460,7220,3360,3860
2,16,17,Siraha Municipality,13,Ward - 13,587,2979,1468,1511
2,16,17,Siraha Municipality,14,Ward - 14,893,4199,2047,2152
2,16,17,Siraha Municipality,15,Ward - 15,736,3630,1820,1810
2,16,17,Siraha Municipality,16,Ward - 16,883,4835,2329,2506
2,16,17,Siraha Municipality,17,Ward - 17,877,4266,2140,2126
2,16,17,Siraha Municipality,18,Ward - 18,951,5120,2614,2506
2,16,17,Siraha Municipality,19,Ward - 19,1351,6703,3404,3299
2,16,17,Siraha Municipality,20,Ward - 20,1233,6085,2933,3152
2,16,17,Siraha Municipality,21,Ward - 21,740,3939,1957,1982
2,16,17,Siraha Municipality,22,Ward - 22,1057,5394,2680,2714
2,17,1,Ganeshman Charnath Municipality,1,Ward - 1,1276,6182,2991,3191
2,17,1,Ganeshman Charnath Municipality,2,Ward - 2,948,4639,2170,2469
2,17,1,Ganeshman Charnath Municipality,3,Ward - 3,1017,4871,2337,2534
2,17,1,Ganeshman Charnath Municipality,4,Ward - 4,800,3831,1918,1913
2,17,1,Ganeshman Charnath Municipality,5,Ward - 5,1248,5281,2584,2697
2,17,1,Ganeshman Charnath Municipality,6,Ward - 6,718,3707,1815,1892
2,17,1,Ganeshman Charnath Municipality,7,Ward - 7,636,3163,1567,1596
2,17,1,Ganeshman Charnath Municipality,8,Ward - 8,497,2517,1249,1268
2,17,1,Ganeshman Charnath Municipality,9,Ward - 9,880,4329,2119,2210
2,17,1,Ganeshman Charnath Municipality,10,Ward - 10,679,3297,1603,1694
2,17,1,Ganeshman Charnath Municipality,11,Ward - 11,468,2265,1072,1193
2,17,2,Dhanushadham Municipality,1,Ward - 1,1106,5527,2741,2786
2,17,2,Dhanushadham Municipality,2,Ward - 2,1060,5451,2664,2787
2,17,2,Dhanushadham Municipality,3,Ward - 3,1305,6399,2994,3405
2,17,2,Dhanushadham Municipality,4,Ward - 4,818,4065,1852,2213
2,17,2,Dhanushadham Municipality,5,Ward - 5,1502,7922,3991,3931
2,17,2,Dhanushadham Municipality,6,Ward - 6,1083,5498,2737,2761
2,17,2,Dhanushadham Municipality,7,Ward - 7,1319,6414,3030,3384
2,17,2,Dhanushadham Municipality,8,Ward - 8,929,4173,2019,2154
2,17,2,Dhanushadham Municipality,9,Ward - 9,1466,6575,3157,3418
2,17,3,Mithila Municipality,1,Ward - 1,731,3581,1875,1706
2,17,3,Mithila Municipality,2,Ward - 2,1258,5967,2977,2990
2,17,3,Mithila Municipality,3,Ward - 3,1245,6115,3080,3035
2,17,3,Mithila Municipality,4,Ward - 4,641,2784,1351,1433
2,17,3,Mithila Municipality,5,Ward - 5,552,2973,1514,1459
2,17,3,Mithila Municipality,6,Ward - 6,1273,6162,3138,3024
2,17,3,Mithila Municipality,7,Ward - 7,902,3987,2013,1974
2,17,3,Mithila Municipality,8,Ward - 8,961,4289,2087,2202
2,17,3,Mithila Municipality,9,Ward - 9,1019,4440,2212,2228
2,17,3,Mithila Municipality,10,Ward - 10,1036,4221,2053,2168
2,17,3,Mithila Municipality,11,Ward - 11,1038,4157,2014,2143
2,17,4,Bateshwor Gaunpalika,1,Ward - 1,803,3872,1967,1905
2,17,4,Bateshwor Gaunpalika,2,Ward - 2,1146,5208,2543,2665
2,17,4,Bateshwor Gaunpalika,3,Ward - 3,686,3162,1593,1569
2,17,4,Bateshwor Gaunpalika,4,Ward - 4,916,4011,1956,2055
2,17,4,Bateshwor Gaunpalika,5,Ward - 5,1096,5489,2649,2840
2,17,5,Chhireshwornath Municipality,1,Ward - 1,770,3784,1881,1903
2,17,5,Chhireshwornath Municipality,2,Ward - 2,686,3254,1587,1667
2,17,5,Chhireshwornath Municipality,3,Ward - 3,819,3936,1898,2038
2,17,5,Chhireshwornath Municipality,4,Ward - 4,664,3211,1613,1598
2,17,5,Chhireshwornath Municipality,5,Ward - 5,2246,10370,5322,5048
2,17,5,Chhireshwornath Municipality,6,Ward - 6,1387,6759,3442,3317
2,17,5,Chhireshwornath Municipality,7,Ward - 7,1037,4773,2407,2366
2,17,5,Chhireshwornath Municipality,8,Ward - 8,1042,4945,2522,2423
2,17,5,Chhireshwornath Municipality,9,Ward - 9,1130,5389,2622,2767
2,17,5,Chhireshwornath Municipality,10,Ward - 10,952,4654,2282,2372
2,17,6,Laxminiya Gaunpalika,1,Ward - 1,934,5184,2643,2541
2,17,6,Laxminiya Gaunpalika,2,Ward - 2,985,4654,2194,2460
2,17,6,Laxminiya Gaunpalika,3,Ward - 3,968,4997,2462,2535
2,17,6,Laxminiya Gaunpalika,4,Ward - 4,920,4606,2269,2337
2,17,6,Laxminiya Gaunpalika,5,Ward - 5,860,4412,2227,2185
2,17,6,Laxminiya Gaunpalika,6,Ward - 6,557,2798,1404,1394
2,17,6,Laxminiya Gaunpalika,7,Ward - 7,1077,5230,2648,2582
2,17,7,Mithila Bihari Municipality,1,Ward - 1,993,4890,2381,2509
2,17,7,Mithila Bihari Municipality,2,Ward - 2,736,3654,1800,1854
2,17,7,Mithila Bihari Municipality,3,Ward - 3,874,4211,2036,2175
2,17,7,Mithila Bihari Municipality,4,Ward - 4,689,3587,1770,1817
2,17,7,Mithila Bihari Municipality,5,Ward - 5,796,3804,1847,1957
2,17,7,Mithila Bihari Municipality,6,Ward - 6,955,4963,2539,2424
2,17,7,Mithila Bihari Municipality,7,Ward - 7,817,4147,2082,2065
2,17,7,Mithila Bihari Municipality,8,Ward - 8,730,3633,1807,1826
2,17,7,Mithila Bihari Municipality,9,Ward - 9,450,2145,1083,1062
2,17,7,Mithila Bihari Municipality,10,Ward - 10,614,3239,1571,1668
2,17,8,Hansapur Municipality,1,Ward - 1,411,1988,947,1041
2,17,8,Hansapur Municipality,2,Ward - 2,1120,5656,2729,2927
2,17,8,Hansapur Municipality,3,Ward - 3,1082,5953,3056,2897
2,17,8,Hansapur Municipality,4,Ward - 4,1226,6525,3111,3414
2,17,8,Hansapur Municipality,5,Ward - 5,1225,6111,2953,3158
2,17,8,Hansapur Municipality,6,Ward - 6,747,3826,1850,1976
2,17,8,Hansapur Municipality,7,Ward - 7,967,4743,2295,2448
2,17,8,Hansapur Municipality,8,Ward - 8,1378,6523,3145,3378
2,17,8,Hansapur Municipality,9,Ward - 9,734,3624,1748,1876
2,17,9,Sabaila Municipality,1,Ward - 1,558,2799,1330,1469
2,17,9,Sabaila Municipality,2,Ward - 2,893,4436,2226,2210
2,17,9,Sabaila Municipality,3,Ward - 3,613,3112,1555,1557
2,17,9,Sabaila Municipality,4,Ward - 4,1148,5772,2743,3029
2,17,9,Sabaila Municipality,5,Ward - 5,516,2547,1275,1272
2,17,9,Sabaila Municipality,6,Ward - 6,420,2074,1034,1040
2,17,9,Sabaila Municipality,7,Ward - 7,565,2761,1375,1386
2,17,9,Sabaila Municipality,8,Ward - 8,827,4345,2027,2318
2,17,9,Sabaila Municipality,9,Ward - 9,1494,7828,3794,4034
2,17,9,Sabaila Municipality,10,Ward - 10,2049,10479,5008,5471
2,17,9,Sabaila Municipality,11,Ward - 11,530,2773,1383,1390
2,17,9,Sabaila Municipality,12,Ward - 12,1176,5838,2759,3079
2,17,9,Sabaila Municipality,13,Ward - 13,1551,7518,3585,3933
2,17,10,Shahidnagar Municipality,1,Ward - 1,1811,8776,4325,4451
2,17,10,Shahidnagar Municipality,2,Ward - 2,1062,5266,2620,2646
2,17,10,Shahidnagar Municipality,3,Ward - 3,1552,7633,3749,3884
2,17,10,Shahidnagar Municipality,4,Ward - 4,1067,5356,2583,2773
2,17,10,Shahidnagar Municipality,5,Ward - 5,887,4192,2031,2161
2,17,10,Shahidnagar Municipality,6,Ward - 6,964,4550,2201,2349
2,17,10,Shahidnagar Municipality,7,Ward - 7,1688,8302,4007,4295
2,17,10,Shahidnagar Municipality,8,Ward - 8,1152,5374,2605,2769
2,17,10,Shahidnagar Municipality,9,Ward - 9,941,4363,2087,2276
2,17,11,Kamala Municipality,1,Ward - 1,825,4012,1917,2095
2,17,11,Kamala Municipality,2,Ward - 2,1211,6024,2949,3075
2,17,11,Kamala Municipality,3,Ward - 3,1073,5231,2584,2647
2,17,11,Kamala Municipality,4,Ward - 4,976,4756,2248,2508
2,17,11,Kamala Municipality,5,Ward - 5,1036,5038,2418,2620
2,17,11,Kamala Municipality,6,Ward - 6,1047,5545,2737,2808
2,17,11,Kamala Municipality,7,Ward - 7,988,4679,2224,2455
2,17,11,Kamala Municipality,8,Ward - 8,1059,5478,2672,2806
2,17,11,Kamala Municipality,9,Ward - 9,764,3834,1810,2024
2,17,12,Janak Nandini Gaunpalika,1,Ward - 1,543,2729,1353,1376
2,17,12,Janak Nandini Gaunpalika,2,Ward - 2,830,4518,2177,2341
2,17,12,Janak Nandini Gaunpalika,3,Ward - 3,1113,5656,2665,2991
2,17,12,Janak Nandini Gaunpalika,4,Ward - 4,1331,6519,3091,3428
2,17,12,Janak Nandini Gaunpalika,5,Ward - 5,742,3763,1788,1975
2,17,12,Janak Nandini Gaunpalika,6,Ward - 6,820,3961,1889,2072
2,17,13,Bideha Municipality,1,Ward - 1,889,4742,2338,2404
2,17,13,Bideha Municipality,2,Ward - 2,686,3527,1682,1845
2,17,13,Bideha Municipality,3,Ward - 3,827,4212,1983,2229
2,17,13,Bideha Municipality,4,Ward - 4,870,4191,1966,2225
2,17,13,Bideha Municipality,5,Ward - 5,753,3625,1745,1880
2,17,13,Bideha Municipality,6,Ward - 6,847,4006,1988,2018
2,17,13,Bideha Municipality,7,Ward - 7,910,4383,2134,2249
2,17,13,Bideha Municipality,8,Ward - 8,737,3472,1684,1788
2,17,13,Bideha Municipality,9,Ward - 9,1152,5539,2634,2905
2,17,14,Aurahi Gaunpalika,1,Ward - 1,1209,6596,3319,3277
2,17,14,Aurahi Gaunpalika,2,Ward - 2,1111,5237,2497,2740
2,17,14,Aurahi Gaunpalika,3,Ward - 3,652,3253,1565,1688
2,17,14,Aurahi Gaunpalika,4,Ward - 4,474,2564,1306,1258
2,17,14,Aurahi Gaunpalika,5,Ward - 5,584,2879,1398,1481
2,17,14,Aurahi Gaunpalika,6,Ward - 6,763,3524,1604,1920
2,17,15,Janakpurdham Sub-Metropolitian City,1,Ward - 1,2080,10214,5338,4876
2,17,15,Janakpurdham Sub-Metropolitian City,2,Ward - 2,1459,6278,3268,3010
2,17,15,Janakpurdham Sub-Metropolitian City,3,Ward - 3,313,1705,907,798
2,17,15,Janakpurdham Sub-Metropolitian City,4,Ward - 4,4395,18234,9554,8680
2,17,15,Janakpurdham Sub-Metropolitian City,5,Ward - 5,306,1825,941,884
2,17,15,Janakpurdham Sub-Metropolitian City,6,Ward - 6,559,3254,1668,1586
2,17,15,Janakpurdham Sub-Metropolitian City,7,Ward - 7,2291,10956,5781,5175
2,17,15,Janakpurdham Sub-Metropolitian City,8,Ward - 8,3123,13951,7393,6558
2,17,15,Janakpurdham Sub-Metropolitian City,9,Ward - 9,1699,7249,3829,3420
2,17,15,Janakpurdham Sub-Metropolitian City,10,Ward - 10,675,3218,1666,1552
2,17,15,Janakpurdham Sub-Metropolitian City,11,Ward - 11,1126,5225,2738,2487
2,17,15,Janakpurdham Sub-Metropolitian City,12,Ward - 12,1706,7859,4108,3751
2,17,15,Janakpurdham Sub-Metropolitian City,13,Ward - 13,1626,7994,4119,3875
2,17,15,Janakpurdham Sub-Metropolitian City,14,Ward - 14,2129,10607,5480,5127
2,17,15,Janakpurdham Sub-Metropolitian City,15,Ward - 15,713,3416,1727,1689
2,17,15,Janakpurdham Sub-Metropolitian City,16,Ward - 16,1915,9485,4803,4682
2,17,15,Janakpurdham Sub-Metropolitian City,17,Ward - 17,2018,10136,5120,5016
2,17,15,Janakpurdham Sub-Metropolitian City,18,Ward - 18,1182,6114,2955,3159
2,17,15,Janakpurdham Sub-Metropolitian City,19,Ward - 19,2086,11093,5724,5369
2,17,15,Janakpurdham Sub-Metropolitian City,20,Ward - 20,1817,8944,4347,4597
2,17,15,Janakpurdham Sub-Metropolitian City,21,Ward - 21,1723,8547,4338,4209
2,17,15,Janakpurdham Sub-Metropolitian City,22,Ward - 22,672,3506,1742,1764
2,17,15,Janakpurdham Sub-Metropolitian City,23,Ward - 23,1772,8954,4460,4494
2,17,15,Janakpurdham Sub-Metropolitian City,24,Ward - 24,1626,8454,4148,4306
2,17,15,Janakpurdham Sub-Metropolitian City,25,Ward - 25,1398,7338,3610,3728
2,17,16,Dhanauji Gaunpalika,1,Ward - 1,689,3491,1694,1797
2,17,16,Dhanauji Gaunpalika,2,Ward - 2,835,3917,1927,1990
2,17,16,Dhanauji Gaunpalika,3,Ward - 3,869,4525,2170,2355
2,17,16,Dhanauji Gaunpalika,4,Ward - 4,911,4457,2094,2363
2,17,16,Dhanauji Gaunpalika,5,Ward - 5,1104,5552,2671,2881
2,17,17,Nagarain Municipality,1,Ward - 1,882,4334,2148,2186
2,17,17,Nagarain Municipality,2,Ward - 2,1020,4693,2317,2376
2,17,17,Nagarain Municipality,3,Ward - 3,1092,5183,2562,2621
2,17,17,Nagarain Municipality,4,Ward - 4,883,4408,2210,2198
2,17,17,Nagarain Municipality,5,Ward - 5,599,2727,1352,1375
2,17,17,Nagarain Municipality,6,Ward - 6,1177,5810,2750,3060
2,17,17,Nagarain Municipality,7,Ward - 7,675,3268,1579,1689
2,17,17,Nagarain Municipality,8,Ward - 8,772,3837,1894,1943
2,17,17,Nagarain Municipality,9,Ward - 9,821,3777,1789,1988
2,17,18,Mukhiyapatti Musaharmiya Gaunpalika,1,Ward - 1,722,3930,1955,1975
2,17,18,Mukhiyapatti Musaharmiya Gaunpalika,2,Ward - 2,757,4065,2114,1951
2,17,18,Mukhiyapatti Musaharmiya Gaunpalika,3,Ward - 3,1306,6834,3429,3405
2,17,18,Mukhiyapatti Musaharmiya Gaunpalika,4,Ward - 4,914,4583,2259,2324
2,17,18,Mukhiyapatti Musaharmiya Gaunpalika,5,Ward - 5,809,4061,2003,2058
2,17,18,Mukhiyapatti Musaharmiya Gaunpalika,6,Ward - 6,923,4735,2409,2326
2,18,1,Bardibas Municipality,1,Ward - 1,2360,9198,4641,4557
2,18,1,Bardibas Municipality,2,Ward - 2,861,3790,1895,1895
2,18,1,Bardibas Municipality,3,Ward - 3,2175,8602,4154,4448
2,18,1,Bardibas Municipality,4,Ward - 4,1151,4846,2343,2503
2,18,1,Bardibas Municipality,5,Ward - 5,1390,5815,2735,3080
2,18,1,Bardibas Municipality,6,Ward - 6,1171,5388,2662,2726
2,18,1,Bardibas Municipality,7,Ward - 7,704,3458,1723,1735
2,18,1,Bardibas Municipality,8,Ward - 8,1304,5828,2892,2936
2,18,1,Bardibas Municipality,9,Ward - 9,1004,4849,2452,2397
2,18,1,Bardibas Municipality,10,Ward - 10,828,3876,1938,1938
2,18,1,Bardibas Municipality,11,Ward - 11,975,4626,2297,2329
2,18,1,Bardibas Municipality,12,Ward - 12,947,4550,2193,2357
2,18,1,Bardibas Municipality,13,Ward - 13,887,4215,2063,2152
2,18,1,Bardibas Municipality,14,Ward - 14,1067,5320,2723,2597
2,18,2,Gaushala Municipality,1,Ward - 1,1594,7638,3845,3793
2,18,2,Gaushala Municipality,2,Ward - 2,1645,8613,4166,4447
2,18,2,Gaushala Municipality,3,Ward - 3,828,4234,2148,2086
2,18,2,Gaushala Municipality,4,Ward - 4,1612,8194,4138,4056
2,18,2,Gaushala Municipality,5,Ward - 5,1451,7702,3916,3786
2,18,2,Gaushala Municipality,6,Ward - 6,669,3180,1615,1565
2,18,2,Gaushala Municipality,7,Ward - 7,769,4446,2243,2203
2,18,2,Gaushala Municipality,8,Ward - 8,1231,5827,2916,2911
2,18,2,Gaushala Municipality,9,Ward - 9,1149,5822,2885,2937
2,18,2,Gaushala Municipality,10,Ward - 10,1269,6236,3085,3151
2,18,2,Gaushala Municipality,11,Ward - 11,1192,5833,2901,2932
2,18,2,Gaushala Municipality,12,Ward - 12,1037,4756,2392,2364
2,18,3,Sonama Gaunpalika,1,Ward - 1,1093,5774,2920,2854
2,18,3,Sonama Gaunpalika,2,Ward - 2,896,5183,2646,2537
2,18,3,Sonama Gaunpalika,3,Ward - 3,1348,7388,3764,3624
2,18,3,Sonama Gaunpalika,4,Ward - 4,1008,5398,2719,2679
2,18,3,Sonama Gaunpalika,5,Ward - 5,859,4799,2525,2274
2,18,3,Sonama Gaunpalika,6,Ward - 6,804,4972,2529,2443
2,18,3,Sonama Gaunpalika,7,Ward - 7,969,5536,2722,2814
2,18,3,Sonama Gaunpalika,8,Ward - 8,625,4032,2097,1935
2,18,4,Aurahi Municipality,1,Ward - 1,951,5138,2554,2584
2,18,4,Aurahi Municipality,2,Ward - 2,917,4893,2460,2433
2,18,4,Aurahi Municipality,3,Ward - 3,958,4990,2509,2481
2,18,4,Aurahi Municipality,4,Ward - 4,970,5092,2535,2557
2,18,4,Aurahi Municipality,5,Ward - 5,539,2935,1458,1477
2,18,4,Aurahi Municipality,6,Ward - 6,670,3304,1642,1662
2,18,4,Aurahi Municipality,7,Ward - 7,556,2980,1505,1475
2,18,4,Aurahi Municipality,8,Ward - 8,709,3857,1914,1943
2,18,4,Aurahi Municipality,9,Ward - 9,772,4172,2134,2038
2,18,5,Bhangaha Municipality,1,Ward - 1,857,4347,2001,2346
2,18,5,Bhangaha Municipality,2,Ward - 2,956,4862,2361,2501
2,18,5,Bhangaha Municipality,3,Ward - 3,1047,4997,2313,2684
2,18,5,Bhangaha Municipality,4,Ward - 4,962,4998,2571,2427
2,18,5,Bhangaha Municipality,5,Ward - 5,1116,5533,2609,2924
2,18,5,Bhangaha Municipality,6,Ward - 6,1587,8039,3850,4189
2,18,5,Bhangaha Municipality,7,Ward - 7,1310,6905,3367,3538
2,18,5,Bhangaha Municipality,8,Ward - 8,1435,7645,3678,3967
2,18,5,Bhangaha Municipality,9,Ward - 9,1645,8028,3984,4044
2,18,6,Loharpatti Municipality,1,Ward - 1,837,4249,2115,2134
2,18,6,Loharpatti Municipality,2,Ward - 2,598,2940,1431,1509
2,18,6,Loharpatti Municipality,3,Ward - 3,1357,6739,3231,3508
2,18,6,Loharpatti Municipality,4,Ward - 4,1885,9545,4578,4967
2,18,6,Loharpatti Municipality,5,Ward - 5,959,4756,2273,2483
2,18,6,Loharpatti Municipality,6,Ward - 6,920,4484,2182,2302
2,18,6,Loharpatti Municipality,7,Ward - 7,1066,5218,2437,2781
2,18,6,Loharpatti Municipality,8,Ward - 8,1042,5305,2498,2807
2,18,6,Loharpatti Municipality,9,Ward - 9,469,2537,1201,1336
2,18,7,Balawa Municipality,1,Ward - 1,790,4138,2034,2104
2,18,7,Balawa Municipality,2,Ward - 2,619,3104,1528,1576
2,18,7,Balawa Municipality,3,Ward - 3,564,2840,1422,1418
2,18,7,Balawa Municipality,4,Ward - 4,730,4507,2183,2324
2,18,7,Balawa Municipality,5,Ward - 5,666,3397,1716,1681
2,18,7,Balawa Municipality,6,Ward - 6,1230,6286,3104,3182
2,18,7,Balawa Municipality,7,Ward - 7,693,3542,1796,1746
2,18,7,Balawa Municipality,8,Ward - 8,838,4238,2142,2096
2,18,7,Balawa Municipality,9,Ward - 9,1099,5919,2815,3104
2,18,7,Balawa Municipality,10,Ward - 10,806,4399,2161,2238
2,18,7,Balawa Municipality,11,Ward - 11,1402,7103,3376,3727
2,18,8,Ram Gopalpur Municipality,1,Ward - 1,615,3416,1633,1783
2,18,8,Ram Gopalpur Municipality,2,Ward - 2,750,4147,2027,2120
2,18,8,Ram Gopalpur Municipality,3,Ward - 3,544,2989,1514,1475
2,18,8,Ram Gopalpur Municipality,4,Ward - 4,612,3501,1772,1729
2,18,8,Ram Gopalpur Municipality,5,Ward - 5,979,5380,2787,2593
2,18,8,Ram Gopalpur Municipality,6,Ward - 6,557,3205,1653,1552
2,18,8,Ram Gopalpur Municipality,7,Ward - 7,683,3671,1764,1907
2,18,8,Ram Gopalpur Municipality,8,Ward - 8,851,4419,2181,2238
2,18,8,Ram Gopalpur Municipality,9,Ward - 9,1015,5473,2760,2713
2,18,9,Samsi Gaunpalika,1,Ward - 1,628,3570,1766,1804
2,18,9,Samsi Gaunpalika,2,Ward - 2,1563,8901,4020,4881
2,18,9,Samsi Gaunpalika,3,Ward - 3,769,4733,2298,2435
2,18,9,Samsi Gaunpalika,4,Ward - 4,1040,6002,3048,2954
2,18,9,Samsi Gaunpalika,5,Ward - 5,1193,6067,2986,3081
2,18,9,Samsi Gaunpalika,6,Ward - 6,847,5151,2449,2702
2,18,9,Samsi Gaunpalika,7,Ward - 7,775,4161,2145,2016
2,18,10,Manara Shisawa Municipality,1,Ward - 1,1407,6918,3414,3504
2,18,10,Manara Shisawa Municipality,2,Ward - 2,1363,6495,3125,3370
2,18,10,Manara Shisawa Municipality,3,Ward - 3,873,4688,2363,2325
2,18,10,Manara Shisawa Municipality,4,Ward - 4,803,3999,1966,2033
2,18,10,Manara Shisawa Municipality,5,Ward - 5,824,4710,2298,2412
2,18,10,Manara Shisawa Municipality,6,Ward - 6,1204,7282,3691,3591
2,18,10,Manara Shisawa Municipality,7,Ward - 7,1060,5389,2662,2727
2,18,10,Manara Shisawa Municipality,8,Ward - 8,658,3588,1674,1914
2,18,10,Manara Shisawa Municipality,9,Ward - 9,751,3747,1886,1861
2,18,10,Manara Shisawa Municipality,10,Ward - 10,1107,5375,2600,2775
2,18,11,Ekadara Gaunpalika,1,Ward - 1,923,4703,2251,2452
2,18,11,Ekadara Gaunpalika,2,Ward - 2,961,5391,2723,2668
2,18,11,Ekadara Gaunpalika,3,Ward - 3,1027,5020,2512,2508
2,18,11,Ekadara Gaunpalika,4,Ward - 4,1328,7260,3731,3529
2,18,11,Ekadara Gaunpalika,5,Ward - 5,868,4831,2381,2450
2,18,11,Ekadara Gaunpalika,6,Ward - 6,831,4565,2312,2253
2,18,12,Mahottari Gaunpalika,1,Ward - 1,1150,6004,2904,3100
2,18,12,Mahottari Gaunpalika,2,Ward - 2,1099,5467,2693,2774
2,18,12,Mahottari Gaunpalika,3,Ward - 3,1330,6629,3217,3412
2,18,12,Mahottari Gaunpalika,4,Ward - 4,623,3229,1529,1700
2,18,12,Mahottari Gaunpalika,5,Ward - 5,720,3655,1861,1794
2,18,12,Mahottari Gaunpalika,6,Ward - 6,765,3823,1808,2015
2,18,13,Pipara Gaunpalika,1,Ward - 1,1567,7898,4036,3862
2,18,13,Pipara Gaunpalika,2,Ward - 2,813,4118,1944,2174
2,18,13,Pipara Gaunpalika,3,Ward - 3,889,4316,2133,2183
2,18,13,Pipara Gaunpalika,4,Ward - 4,1144,5305,2611,2694
2,18,13,Pipara Gaunpalika,5,Ward - 5,1444,6855,3481,3374
2,18,13,Pipara Gaunpalika,6,Ward - 6,1535,7328,3720,3608
2,18,13,Pipara Gaunpalika,7,Ward - 7,910,4715,2368,2347
2,18,14,Matihani Municipality,1,Ward - 1,334,1766,817,949
2,18,14,Matihani Municipality,2,Ward - 2,1039,5441,2615,2826
2,18,14,Matihani Municipality,3,Ward - 3,669,3640,1719,1921
2,18,14,Matihani Municipality,4,Ward - 4,658,3634,1750,1884
2,18,14,Matihani Municipality,5,Ward - 5,801,4025,1971,2054
2,18,14,Matihani Municipality,6,Ward - 6,518,3386,1692,1694
2,18,14,Matihani Municipality,7,Ward - 7,719,3981,1975,2006
2,18,14,Matihani Municipality,8,Ward - 8,686,3817,1906,1911
2,18,14,Matihani Municipality,9,Ward - 9,1285,6446,3107,3339
2,18,15,Jaleshwor Municipality,1,Ward - 1,886,4626,2334,2292
2,18,15,Jaleshwor Municipality,2,Ward - 2,1411,7005,3570,3435
2,18,15,Jaleshwor Municipality,3,Ward - 3,1261,6652,3337,3315
2,18,15,Jaleshwor Municipality,4,Ward - 4,1176,5760,2702,3058
2,18,15,Jaleshwor Municipality,5,Ward - 5,784,3940,1926,2014
2,18,15,Jaleshwor Municipality,6,Ward - 6,1422,7553,3713,3840
2,18,15,Jaleshwor Municipality,7,Ward - 7,1159,6372,3117,3255
2,18,15,Jaleshwor Municipality,8,Ward - 8,692,3526,1759,1767
2,18,15,Jaleshwor Municipality,9,Ward - 9,1233,6396,3057,3339
2,18,15,Jaleshwor Municipality,10,Ward - 10,452,2422,1193,1229
2,18,15,Jaleshwor Municipality,11,Ward - 11,806,3989,1938,2051
2,18,15,Jaleshwor Municipality,12,Ward - 12,1098,5561,2745,2816
2,19,1,Lalbandi Municipality,1,Ward - 1,1004,4951,2500,2451
2,19,1,Lalbandi Municipality,2,Ward - 2,1484,6867,3372,3495
2,19,1,Lalbandi Municipality,3,Ward - 3,592,2884,1395,1489
2,19,1,Lalbandi Municipality,4,Ward - 4,601,2912,1431,1481
2,19,1,Lalbandi Municipality,5,Ward - 5,1109,5037,2539,2498
2,19,1,Lalbandi Municipality,6,Ward - 6,968,3984,1904,2080
2,19,1,Lalbandi Municipality,7,Ward - 7,1241,5389,2694,2695
2,19,1,Lalbandi Municipality,8,Ward - 8,736,3117,1488,1629
2,19,1,Lalbandi Municipality,9,Ward - 9,761,3331,1684,1647
2,19,1,Lalbandi Municipality,10,Ward - 10,605,2719,1323,1396
2,19,1,Lalbandi Municipality,11,Ward - 11,797,3578,1753,1825
2,19,1,Lalbandi Municipality,12,Ward - 12,459,2056,996,1060
2,19,1,Lalbandi Municipality,13,Ward - 13,385,1695,845,850
2,19,1,Lalbandi Municipality,14,Ward - 14,709,3458,1765,1693
2,19,1,Lalbandi Municipality,15,Ward - 15,993,4388,2225,2163
2,19,1,Lalbandi Municipality,16,Ward - 16,1025,4088,2011,2077
2,19,1,Lalbandi Municipality,17,Ward - 17,1404,5965,2958,3007
2,19,2,Hariwan Municipality,1,Ward - 1,941,4104,1965,2139
2,19,2,Hariwan Municipality,2,Ward - 2,899,4053,1984,2069
2,19,2,Hariwan Municipality,3,Ward - 3,708,3541,1717,1824
2,19,2,Hariwan Municipality,4,Ward - 4,753,3579,1718,1861
2,19,2,Hariwan Municipality,5,Ward - 5,804,4081,2022,2059
2,19,2,Hariwan Municipality,6,Ward - 6,842,3702,1788,1914
2,19,2,Hariwan Municipality,7,Ward - 7,626,3089,1513,1576
2,19,2,Hariwan Municipality,8,Ward - 8,1356,5883,2851,3032
2,19,2,Hariwan Municipality,9,Ward - 9,878,3948,1971,1977
2,19,2,Hariwan Municipality,10,Ward - 10,1448,6170,2990,3180
2,19,2,Hariwan Municipality,11,Ward - 11,1485,7838,3886,3952
2,19,3,Bagmati Municipality,1,Ward - 1,1142,4734,2269,2465
2,19,3,Bagmati Municipality,2,Ward - 2,728,3077,1474,1603
2,19,3,Bagmati Municipality,3,Ward - 3,910,4231,2055,2176
2,19,3,Bagmati Municipality,4,Ward - 4,1642,6674,3259,3415
2,19,3,Bagmati Municipality,5,Ward - 5,1252,5172,2557,2615
2,19,3,Bagmati Municipality,6,Ward - 6,594,2658,1263,1395
2,19,3,Bagmati Municipality,7,Ward - 7,793,3823,1858,1965
2,19,3,Bagmati Municipality,8,Ward - 8,767,3542,1744,1798
2,19,3,Bagmati Municipality,9,Ward - 9,643,3191,1559,1632
2,19,3,Bagmati Municipality,10,Ward - 10,790,3747,1847,1900
2,19,3,Bagmati Municipality,11,Ward - 11,614,2496,1247,1249
2,19,3,Bagmati Municipality,12,Ward - 12,893,3761,1883,1878
2,19,4,Barahathawa Municipality,1,Ward - 1,1243,6881,3389,3492
2,19,4,Barahathawa Municipality,2,Ward - 2,902,4221,2135,2086
2,19,4,Barahathawa Municipality,3,Ward - 3,1307,6926,3473,3453
2,19,4,Barahathawa Municipality,4,Ward - 4,315,1699,847,852
2,19,4,Barahathawa Municipality,5,Ward - 5,1520,8147,4224,3923
2,19,4,Barahathawa Municipality,6,Ward - 6,619,3365,1729,1636
2,19,4,Barahathawa Municipality,7,Ward - 7,1254,6909,3530,3379
2,19,4,Barahathawa Municipality,8,Ward - 8,665,3384,1734,1650
2,19,4,Barahathawa Municipality,9,Ward - 9,1104,5130,2526,2604
2,19,4,Barahathawa Municipality,10,Ward - 10,870,4513,2253,2260
2,19,4,Barahathawa Municipality,11,Ward - 11,1016,5246,2623,2623
2,19,4,Barahathawa Municipality,12,Ward - 12,647,3513,1786,1727
2,19,4,Barahathawa Municipality,13,Ward - 13,576,3169,1570,1599
2,19,4,Barahathawa Municipality,14,Ward - 14,896,4979,2560,2419
2,19,4,Barahathawa Municipality,15,Ward - 15,699,3672,1808,1864
2,19,4,Barahathawa Municipality,16,Ward - 16,820,4410,2227,2183
2,19,4,Barahathawa Municipality,17,Ward - 17,447,2479,1224,1255
2,19,4,Barahathawa Municipality,18,Ward - 18,443,2477,1277,1200
2,19,5,Haripur Municipality,1,Ward - 1,1027,4752,2352,2400
2,19,5,Haripur Municipality,2,Ward - 2,1034,4781,2374,2407
2,19,5,Haripur Municipality,3,Ward - 3,643,3668,1811,1857
2,19,5,Haripur Municipality,4,Ward - 4,750,3718,1814,1904
2,19,5,Haripur Municipality,5,Ward - 5,1086,6426,3111,3315
2,19,5,Haripur Municipality,6,Ward - 6,1056,5493,2588,2905
2,19,5,Haripur Municipality,7,Ward - 7,940,5025,2438,2587
2,19,5,Haripur Municipality,8,Ward - 8,721,3292,1620,1672
2,19,5,Haripur Municipality,9,Ward - 9,1093,6078,3033,3045
2,19,6,Ishworpur Municipality,1,Ward - 1,833,4863,2373,2490
2,19,6,Ishworpur Municipality,2,Ward - 2,754,3612,1811,1801
2,19,6,Ishworpur Municipality,3,Ward - 3,998,5727,2844,2883
2,19,6,Ishworpur Municipality,4,Ward - 4,862,3523,1692,1831
2,19,6,Ishworpur Municipality,5,Ward - 5,1175,5850,2812,3038
2,19,6,Ishworpur Municipality,6,Ward - 6,1217,6120,2982,3138
2,19,6,Ishworpur Municipality,7,Ward - 7,1080,6079,3128,2951
2,19,6,Ishworpur Municipality,8,Ward - 8,628,2844,1365,1479
2,19,6,Ishworpur Municipality,9,Ward - 9,1025,5358,2705,2653
2,19,6,Ishworpur Municipality,10,Ward - 10,537,2836,1395,1441
2,19,6,Ishworpur Municipality,11,Ward - 11,345,1851,942,909
2,19,6,Ishworpur Municipality,12,Ward - 12,1139,4737,2250,2487
2,19,6,Ishworpur Municipality,13,Ward - 13,1009,5014,2476,2538
2,19,6,Ishworpur Municipality,14,Ward - 14,936,4710,2354,2356
2,19,6,Ishworpur Municipality,15,Ward - 15,983,5253,2679,2574
2,19,7,Haripurwa Municipality,1,Ward - 1,500,3473,1805,1668
2,19,7,Haripurwa Municipality,2,Ward - 2,477,2924,1512,1412
2,19,7,Haripurwa Municipality,3,Ward - 3,746,4192,2137,2055
2,19,7,Haripurwa Municipality,4,Ward - 4,818,4226,2124,2102
2,19,7,Haripurwa Municipality,5,Ward - 5,1277,6670,3469,3201
2,19,7,Haripurwa Municipality,6,Ward - 6,745,4000,2027,1973
2,19,7,Haripurwa Municipality,7,Ward - 7,597,2846,1375,1471
2,19,7,Haripurwa Municipality,8,Ward - 8,620,3257,1620,1637
2,19,7,Haripurwa Municipality,9,Ward - 9,1360,7126,3488,3638
2,19,8,Parsa Gaunpalika,1,Ward - 1,786,4321,2246,2075
2,19,8,Parsa Gaunpalika,2,Ward - 2,841,4471,2297,2174
2,19,8,Parsa Gaunpalika,3,Ward - 3,648,3080,1453,1627
2,19,8,Parsa Gaunpalika,4,Ward - 4,871,4675,2345,2330
2,19,8,Parsa Gaunpalika,5,Ward - 5,636,3698,1925,1773
2,19,8,Parsa Gaunpalika,6,Ward - 6,705,3760,1891,1869
2,19,9,Brahmapuri Gaunpalika,1,Ward - 1,761,3974,1948,2026
2,19,9,Brahmapuri Gaunpalika,2,Ward - 2,1136,5667,2743,2924
2,19,9,Brahmapuri Gaunpalika,3,Ward - 3,944,5103,2585,2518
2,19,9,Brahmapuri Gaunpalika,4,Ward - 4,662,4025,1992,2033
2,19,9,Brahmapuri Gaunpalika,5,Ward - 5,758,4014,1996,2018
2,19,9,Brahmapuri Gaunpalika,6,Ward - 6,813,4292,2158,2134
2,19,9,Brahmapuri Gaunpalika,7,Ward - 7,865,4303,2147,2156
2,19,10,Chandranagar Gaunpalika,1,Ward - 1,1035,5994,3071,2923
2,19,10,Chandranagar Gaunpalika,2,Ward - 2,1128,5694,2900,2794
2,19,10,Chandranagar Gaunpalika,3,Ward - 3,1019,5394,2653,2741
2,19,10,Chandranagar Gaunpalika,4,Ward - 4,857,4929,2528,2401
2,19,10,Chandranagar Gaunpalika,5,Ward - 5,733,4520,2319,2201
2,19,10,Chandranagar Gaunpalika,6,Ward - 6,1095,5944,3006,2938
2,19,10,Chandranagar Gaunpalika,7,Ward - 7,846,4433,2228,2205
2,19,11,Kabilashi Municipality,1,Ward - 1,735,3711,1884,1827
2,19,11,Kabilashi Municipality,2,Ward - 2,664,3546,1704,1842
2,19,11,Kabilashi Municipality,3,Ward - 3,885,4755,2365,2390
2,19,11,Kabilashi Municipality,4,Ward - 4,794,4402,2277,2125
2,19,11,Kabilashi Municipality,5,Ward - 5,712,4150,2117,2033
2,19,11,Kabilashi Municipality,6,Ward - 6,659,4007,2027,1980
2,19,11,Kabilashi Municipality,7,Ward - 7,731,3824,1959,1865
2,19,11,Kabilashi Municipality,8,Ward - 8,1456,7270,3708,3562
2,19,11,Kabilashi Municipality,9,Ward - 9,739,4125,2162,1963
2,19,11,Kabilashi Municipality,10,Ward - 10,755,4414,2249,2165
2,19,12,Chakraghatta Gaunpalika,1,Ward - 1,496,2551,1323,1228
2,19,12,Chakraghatta Gaunpalika,2,Ward - 2,637,3380,1700,1680
2,19,12,Chakraghatta Gaunpalika,3,Ward - 3,683,4290,2180,2110
2,19,12,Chakraghatta Gaunpalika,4,Ward - 4,474,3346,1696,1650
2,19,12,Chakraghatta Gaunpalika,5,Ward - 5,482,2662,1404,1258
2,19,12,Chakraghatta Gaunpalika,6,Ward - 6,401,2430,1229,1201
2,19,12,Chakraghatta Gaunpalika,7,Ward - 7,637,3776,1945,1831
2,19,12,Chakraghatta Gaunpalika,8,Ward - 8,736,4286,2147,2139
2,19,12,Chakraghatta Gaunpalika,9,Ward - 9,493,2829,1461,1368
2,19,13,Basbariya Gaunpalika,1,Ward - 1,963,5555,2898,2657
2,19,13,Basbariya Gaunpalika,2,Ward - 2,832,4788,2393,2395
2,19,13,Basbariya Gaunpalika,3,Ward - 3,738,3885,1921,1964
2,19,13,Basbariya Gaunpalika,4,Ward - 4,715,3925,2036,1889
2,19,13,Basbariya Gaunpalika,5,Ward - 5,610,3670,1880,1790
2,19,13,Basbariya Gaunpalika,6,Ward - 6,728,4082,2109,1973
2,19,14,Dhanakaul Gaunpalika,1,Ward - 1,997,5428,2778,2650
2,19,14,Dhanakaul Gaunpalika,2,Ward - 2,822,4450,2330,2120
2,19,14,Dhanakaul Gaunpalika,3,Ward - 3,600,3232,1648,1584
2,19,14,Dhanakaul Gaunpalika,4,Ward - 4,748,3838,1942,1896
2,19,14,Dhanakaul Gaunpalika,5,Ward - 5,645,3443,1804,1639
2,19,14,Dhanakaul Gaunpalika,6,Ward - 6,508,2898,1520,1378
2,19,14,Dhanakaul Gaunpalika,7,Ward - 7,792,4685,2388,2297
2,19,15,Ramnagar Gaunpalika,1,Ward - 1,1447,7851,4098,3753
2,19,15,Ramnagar Gaunpalika,2,Ward - 2,813,5596,2870,2726
2,19,15,Ramnagar Gaunpalika,3,Ward - 3,495,2532,1298,1234
2,19,15,Ramnagar Gaunpalika,4,Ward - 4,745,4484,2357,2127
2,19,15,Ramnagar Gaunpalika,5,Ward - 5,396,2264,1163,1101
2,19,15,Ramnagar Gaunpalika,6,Ward - 6,811,4748,2439,2309
2,19,15,Ramnagar Gaunpalika,7,Ward - 7,670,3891,2025,1866
2,19,16,Balara Municipality,1,Ward - 1,683,3943,2053,1890
2,19,16,Balara Municipality,2,Ward - 2,1030,5630,2882,2748
2,19,16,Balara Municipality,3,Ward - 3,504,2778,1461,1317
2,19,16,Balara Municipality,4,Ward - 4,714,4371,2322,2049
2,19,16,Balara Municipality,5,Ward - 5,896,4565,2387,2178
2,19,16,Balara Municipality,6,Ward - 6,895,5185,2618,2567
2,19,16,Balara Municipality,7,Ward - 7,791,4516,2365,2151
2,19,16,Balara Municipality,8,Ward - 8,948,5164,2624,2540
2,19,16,Balara Municipality,9,Ward - 9,696,3965,2016,1949
2,19,16,Balara Municipality,10,Ward - 10,805,4416,2304,2112
2,19,16,Balara Municipality,11,Ward - 11,660,3379,1739,1640
2,19,17,Godaita Municipality,1,Ward - 1,378,2322,1215,1107
2,19,17,Godaita Municipality,2,Ward - 2,1236,7230,3685,3545
2,19,17,Godaita Municipality,3,Ward - 3,901,5347,2780,2567
2,19,17,Godaita Municipality,4,Ward - 4,604,3895,1952,1943
2,19,17,Godaita Municipality,5,Ward - 5,813,5059,2563,2496
2,19,17,Godaita Municipality,6,Ward - 6,713,4187,2138,2049
2,19,17,Godaita Municipality,7,Ward - 7,657,3744,1939,1805
2,19,17,Godaita Municipality,8,Ward - 8,666,3922,1991,1931
2,19,17,Godaita Municipality,9,Ward - 9,554,3289,1697,1592
2,19,17,Godaita Municipality,10,Ward - 10,899,4612,2226,2386
2,19,17,Godaita Municipality,11,Ward - 11,1073,5932,3041,2891
2,19,17,Godaita Municipality,12,Ward - 12,809,4731,2476,2255
2,19,18,Bishnu Gaunpalika,1,Ward - 1,637,3079,1609,1470
2,19,18,Bishnu Gaunpalika,2,Ward - 2,522,2875,1479,1396
2,19,18,Bishnu Gaunpalika,3,Ward - 3,781,3870,2013,1857
2,19,18,Bishnu Gaunpalika,4,Ward - 4,539,2966,1529,1437
2,19,18,Bishnu Gaunpalika,5,Ward - 5,680,3837,1973,1864
2,19,18,Bishnu Gaunpalika,6,Ward - 6,1118,6082,3175,2907
2,19,18,Bishnu Gaunpalika,7,Ward - 7,548,3170,1607,1563
2,19,18,Bishnu Gaunpalika,8,Ward - 8,447,2691,1393,1298
2,19,19,Kaudena Gaunpalika,1,Ward - 1,1179,6271,3226,3045
2,19,19,Kaudena Gaunpalika,2,Ward - 2,808,4234,2099,2135
2,19,19,Kaudena Gaunpalika,3,Ward - 3,1003,4855,2438,2417
2,19,19,Kaudena Gaunpalika,4,Ward - 4,820,4167,2105,2062
2,19,19,Kaudena Gaunpalika,5,Ward - 5,683,3795,1911,1884
2,19,19,Kaudena Gaunpalika,6,Ward - 6,511,2773,1414,1359
2,19,19,Kaudena Gaunpalika,7,Ward - 7,472,2607,1245,1362
2,19,20,Malangawa Municipality,1,Ward - 1,272,1669,861,808
2,19,20,Malangawa Municipality,2,Ward - 2,772,4192,2177,2015
2,19,20,Malangawa Municipality,3,Ward - 3,1280,7736,3882,3854
2,19,20,Malangawa Municipality,4,Ward - 4,981,4823,2481,2342
2,19,20,Malangawa Municipality,5,Ward - 5,766,4472,2278,2194
2,19,20,Malangawa Municipality,6,Ward - 6,981,5816,2897,2919
2,19,20,Malangawa Municipality,7,Ward - 7,1099,6105,3073,3032
2,19,20,Malangawa Municipality,8,Ward - 8,581,2734,1392,1342
2,19,20,Malangawa Municipality,9,Ward - 9,805,3824,2066,1758
2,19,20,Malangawa Municipality,10,Ward - 10,984,4803,2521,2282
2,19,20,Malangawa Municipality,11,Ward - 11,904,5060,2517,2543
2,19,20,Malangawa Municipality,12,Ward - 12,608,3316,1704,1612
2,20,1,Chandrapur Municipality,1,Ward - 1,1623,7108,3471,3637
2,20,1,Chandrapur Municipality,2,Ward - 2,1872,8920,4293,4627
2,20,1,Chandrapur Municipality,3,Ward - 3,1160,5607,2719,2888
2,20,1,Chandrapur Municipality,4,Ward - 4,1911,8667,4292,4375
2,20,1,Chandrapur Municipality,5,Ward - 5,1428,7395,3701,3694
2,20,1,Chandrapur Municipality,6,Ward - 6,1753,8197,4066,4131
2,20,1,Chandrapur Municipality,7,Ward - 7,1595,8345,4222,4123
2,20,1,Chandrapur Municipality,8,Ward - 8,2085,9498,4639,4859
2,20,1,Chandrapur Municipality,9,Ward - 9,1478,7349,3594,3755
2,20,1,Chandrapur Municipality,10,Ward - 10,1915,10721,5307,5414
2,20,2,Gujara Municipality,1,Ward - 1,843,4182,2050,2132
2,20,2,Gujara Municipality,2,Ward - 2,1543,6915,3333,3582
2,20,2,Gujara Municipality,3,Ward - 3,995,5657,2775,2882
2,20,2,Gujara Municipality,4,Ward - 4,996,5614,2719,2895
2,20,2,Gujara Municipality,5,Ward - 5,1340,8977,4338,4639
2,20,2,Gujara Municipality,6,Ward - 6,863,5310,2687,2623
2,20,2,Gujara Municipality,7,Ward - 7,944,5759,2851,2908
2,20,2,Gujara Municipality,8,Ward - 8,1036,5916,2814,3102
2,20,2,Gujara Municipality,9,Ward - 9,1015,5703,2829,2874
2,20,3,Phatuwa Bijayapur Municipality,1,Ward - 1,859,5319,2699,2620
2,20,3,Phatuwa Bijayapur Municipality,2,Ward - 2,646,4128,2080,2048
2,20,3,Phatuwa Bijayapur Municipality,3,Ward - 3,560,3589,1854,1735
2,20,3,Phatuwa Bijayapur Municipality,4,Ward - 4,612,3632,1874,1758
2,20,3,Phatuwa Bijayapur Municipality,5,Ward - 5,854,5482,2585,2897
2,20,3,Phatuwa Bijayapur Municipality,6,Ward - 6,639,4073,2099,1974
2,20,3,Phatuwa Bijayapur Municipality,7,Ward - 7,371,2074,994,1080
2,20,3,Phatuwa Bijayapur Municipality,8,Ward - 8,725,3642,1780,1862
2,20,3,Phatuwa Bijayapur Municipality,9,Ward - 9,554,2857,1342,1515
2,20,3,Phatuwa Bijayapur Municipality,10,Ward - 10,405,1899,954,945
2,20,3,Phatuwa Bijayapur Municipality,11,Ward - 11,1129,5523,2714,2809
2,20,4,Katahariya Municipality,1,Ward - 1,1093,6639,3407,3232
2,20,4,Katahariya Municipality,2,Ward - 2,1389,8574,4332,4242
2,20,4,Katahariya Municipality,3,Ward - 3,650,4125,2131,1994
2,20,4,Katahariya Municipality,4,Ward - 4,1045,6050,3119,2931
2,20,4,Katahariya Municipality,5,Ward - 5,1092,6262,3269,2993
2,20,4,Katahariya Municipality,6,Ward - 6,588,3572,1826,1746
2,20,4,Katahariya Municipality,7,Ward - 7,637,3624,1806,1818
2,20,4,Katahariya Municipality,8,Ward - 8,596,3841,1955,1886
2,20,4,Katahariya Municipality,9,Ward - 9,552,3134,1644,1490
2,20,5,Brindaban Municipality,1,Ward - 1,1429,8516,4292,4224
2,20,5,Brindaban Municipality,2,Ward - 2,916,5632,2831,2801
2,20,5,Brindaban Municipality,3,Ward - 3,906,5347,2751,2596
2,20,5,Brindaban Municipality,4,Ward - 4,858,4915,2472,2443
2,20,5,Brindaban Municipality,5,Ward - 5,305,1782,921,861
2,20,5,Brindaban Municipality,6,Ward - 6,1109,7452,3842,3610
2,20,5,Brindaban Municipality,7,Ward - 7,1196,7254,3544,3710
2,20,5,Brindaban Municipality,8,Ward - 8,670,3811,1900,1911
2,20,5,Brindaban Municipality,9,Ward - 9,753,5033,2341,2692
2,20,6,Gadhimai Municipality,1,Ward - 1,839,5096,2704,2392
2,20,6,Gadhimai Municipality,2,Ward - 2,608,3927,1981,1946
2,20,6,Gadhimai Municipality,3,Ward - 3,1431,9370,4650,4720
2,20,6,Gadhimai Municipality,4,Ward - 4,1084,6754,3494,3260
2,20,6,Gadhimai Municipality,5,Ward - 5,449,2542,1243,1299
2,20,6,Gadhimai Municipality,6,Ward - 6,947,5950,3057,2893
2,20,6,Gadhimai Municipality,7,Ward - 7,1004,6216,3170,3046
2,20,6,Gadhimai Municipality,8,Ward - 8,715,4494,2316,2178
2,20,6,Gadhimai Municipality,9,Ward - 9,710,4786,2434,2352
2,20,7,Madhav Narayan Municipality,1,Ward - 1,828,4598,2384,2214
2,20,7,Madhav Narayan Municipality,2,Ward - 2,617,3600,1851,1749
2,20,7,Madhav Narayan Municipality,3,Ward - 3,960,5425,2761,2664
2,20,7,Madhav Narayan Municipality,4,Ward - 4,738,4610,2337,2273
2,20,7,Madhav Narayan Municipality,5,Ward - 5,784,4672,2397,2275
2,20,7,Madhav Narayan Municipality,6,Ward - 6,1460,8338,4354,3984
2,20,7,Madhav Narayan Municipality,7,Ward - 7,891,4973,2576,2397
2,20,7,Madhav Narayan Municipality,8,Ward - 8,592,3731,1914,1817
2,20,7,Madhav Narayan Municipality,9,Ward - 9,150,947,456,491
2,20,8,Garuda Municipality,1,Ward - 1,1070,7220,3614,3606
2,20,8,Garuda Municipality,2,Ward - 2,893,5537,2866,2671
2,20,8,Garuda Municipality,3,Ward - 3,522,3304,1648,1656
2,20,8,Garuda Municipality,4,Ward - 4,1255,6952,3684,3268
2,20,8,Garuda Municipality,5,Ward - 5,1473,9166,4747,4419
2,20,8,Garuda Municipality,6,Ward - 6,1282,7923,4014,3909
2,20,8,Garuda Municipality,7,Ward - 7,890,5650,2936,2714
2,20,8,Garuda Municipality,8,Ward - 8,1203,7631,3732,3899
2,20,8,Garuda Municipality,9,Ward - 9,1274,7474,3710,3764
2,20,9,Dewahi Gonahi Municipality,1,Ward - 1,705,4237,1936,2301
2,20,9,Dewahi Gonahi Municipality,2,Ward - 2,793,5093,2464,2629
2,20,9,Dewahi Gonahi Municipality,3,Ward - 3,432,2735,1430,1305
2,20,9,Dewahi Gonahi Municipality,4,Ward - 4,866,5512,2769,2743
2,20,9,Dewahi Gonahi Municipality,5,Ward - 5,655,3863,1970,1893
2,20,9,Dewahi Gonahi Municipality,6,Ward - 6,815,4990,2511,2479
2,20,9,Dewahi Gonahi Municipality,7,Ward - 7,934,6023,3018,3005
2,20,9,Dewahi Gonahi Municipality,8,Ward - 8,430,2652,1348,1304
2,20,9,Dewahi Gonahi Municipality,9,Ward - 9,592,3585,1849,1736
2,20,10,Maulapur Municipality,1,Ward - 1,718,4339,2241,2098
2,20,10,Maulapur Municipality,2,Ward - 2,342,2239,1164,1075
2,20,10,Maulapur Municipality,3,Ward - 3,599,3824,1992,1832
2,20,10,Maulapur Municipality,4,Ward - 4,421,2517,1333,1184
2,20,10,Maulapur Municipality,5,Ward - 5,606,3664,1871,1793
2,20,10,Maulapur Municipality,6,Ward - 6,796,4655,2429,2226
2,20,10,Maulapur Municipality,7,Ward - 7,550,3439,1756,1683
2,20,10,Maulapur Municipality,8,Ward - 8,552,3446,1773,1673
2,20,10,Maulapur Municipality,9,Ward - 9,684,4202,2170,2032
2,20,11,Boudhimai Municipality,1,Ward - 1,668,4310,2232,2078
2,20,11,Boudhimai Municipality,2,Ward - 2,645,4078,2082,1996
2,20,11,Boudhimai Municipality,3,Ward - 3,475,3199,1643,1556
2,20,11,Boudhimai Municipality,4,Ward - 4,901,5615,2906,2709
2,20,11,Boudhimai Municipality,5,Ward - 5,738,4857,2470,2387
2,20,11,Boudhimai Municipality,6,Ward - 6,762,4943,2526,2417
2,20,11,Boudhimai Municipality,7,Ward - 7,701,4659,2386,2273
2,20,11,Boudhimai Municipality,8,Ward - 8,607,3924,2048,1876
2,20,11,Boudhimai Municipality,9,Ward - 9,581,3740,1933,1807
2,20,12,Paroha Municipality,1,Ward - 1,473,3603,1683,1920
2,20,12,Paroha Municipality,2,Ward - 2,558,3908,1780,2128
2,20,12,Paroha Municipality,3,Ward - 3,1067,6613,3285,3328
2,20,12,Paroha Municipality,4,Ward - 4,914,5615,2787,2828
2,20,12,Paroha Municipality,5,Ward - 5,567,3840,1913,1927
2,20,12,Paroha Municipality,6,Ward - 6,950,6057,3130,2927
2,20,12,Paroha Municipality,7,Ward - 7,706,4610,2344,2266
2,20,12,Paroha Municipality,8,Ward - 8,890,5344,2758,2586
2,20,12,Paroha Municipality,9,Ward - 9,899,6112,3028,3084
2,20,13,Rajpur Municipality,1,Ward - 1,1195,7801,3810,3991
2,20,13,Rajpur Municipality,2,Ward - 2,935,5827,2789,3038
2,20,13,Rajpur Municipality,3,Ward - 3,1157,7587,3572,4015
2,20,13,Rajpur Municipality,4,Ward - 4,728,5130,2617,2513
2,20,13,Rajpur Municipality,5,Ward - 5,1115,7155,3654,3501
2,20,13,Rajpur Municipality,6,Ward - 6,756,5338,2680,2658
2,20,13,Rajpur Municipality,7,Ward - 7,735,4977,2483,2494
2,20,13,Rajpur Municipality,8,Ward - 8,612,4193,2060,2133
2,20,13,Rajpur Municipality,9,Ward - 9,845,6075,2909,3166
2,20,14,Yamunamai Gaunpalika,1,Ward - 1,883,5556,2808,2748
2,20,14,Yamunamai Gaunpalika,2,Ward - 2,646,3788,1850,1938
2,20,14,Yamunamai Gaunpalika,3,Ward - 3,1158,7219,3400,3819
2,20,14,Yamunamai Gaunpalika,4,Ward - 4,1540,8997,4350,4647
2,20,14,Yamunamai Gaunpalika,5,Ward - 5,484,2854,1479,1375
2,20,15,Durga Bhagawati Gaunpalika,1,Ward - 1,668,3742,1865,1877
2,20,15,Durga Bhagawati Gaunpalika,2,Ward - 2,956,5037,2503,2534
2,20,15,Durga Bhagawati Gaunpalika,3,Ward - 3,744,4085,2073,2012
2,20,15,Durga Bhagawati Gaunpalika,4,Ward - 4,951,5297,2660,2637
2,20,15,Durga Bhagawati Gaunpalika,5,Ward - 5,805,4703,2432,2271
2,20,16,Rajdevi Municipality,1,Ward - 1,736,4385,2207,2178
2,20,16,Rajdevi Municipality,2,Ward - 2,579,3787,1922,1865
2,20,16,Rajdevi Municipality,3,Ward - 3,909,5186,2673,2513
2,20,16,Rajdevi Municipality,4,Ward - 4,401,2383,1207,1176
2,20,16,Rajdevi Municipality,5,Ward - 5,367,1850,887,963
2,20,16,Rajdevi Municipality,6,Ward - 6,969,5225,2490,2735
2,20,16,Rajdevi Municipality,7,Ward - 7,807,4769,2428,2341
2,20,16,Rajdevi Municipality,8,Ward - 8,622,3885,1966,1919
2,20,16,Rajdevi Municipality,9,Ward - 9,756,4188,2091,2097
2,20,17,Gaur Municipality,1,Ward - 1,559,3247,1644,1603
2,20,17,Gaur Municipality,2,Ward - 2,803,4445,2285,2160
2,20,17,Gaur Municipality,3,Ward - 3,850,4786,2485,2301
2,20,17,Gaur Municipality,4,Ward - 4,1001,6043,3263,2780
2,20,17,Gaur Municipality,5,Ward - 5,1413,6721,3479,3242
2,20,17,Gaur Municipality,6,Ward - 6,881,5389,2672,2717
2,20,17,Gaur Municipality,7,Ward - 7,489,2681,1274,1407
2,20,17,Gaur Municipality,8,Ward - 8,637,3385,1756,1629
2,20,17,Gaur Municipality,9,Ward - 9,602,3149,1568,1581
2,20,18,Ishanath Municipality,1,Ward - 1,522,3398,1773,1625
2,20,18,Ishanath Municipality,2,Ward - 2,1171,6734,3384,3350
2,20,18,Ishanath Municipality,3,Ward - 3,1050,6391,3275,3116
2,20,18,Ishanath Municipality,4,Ward - 4,1099,7234,3672,3562
2,20,18,Ishanath Municipality,5,Ward - 5,799,5704,2803,2901
2,20,18,Ishanath Municipality,6,Ward - 6,836,5966,2972,2994
2,20,18,Ishanath Municipality,7,Ward - 7,777,5419,2547,2872
2,20,18,Ishanath Municipality,8,Ward - 8,849,5816,2822,2994
2,20,18,Ishanath Municipality,9,Ward - 9,834,5193,2524,2669
2,21,1,Nijagadh Municipality,1,Ward - 1,489,2250,1099,1151
2,21,1,Nijagadh Municipality,2,Ward - 2,352,1570,756,814
2,21,1,Nijagadh Municipality,3,Ward - 3,437,1900,903,997
2,21,1,Nijagadh Municipality,4,Ward - 4,622,2944,1448,1496
2,21,1,Nijagadh Municipality,5,Ward - 5,512,2262,1104,1158
2,21,1,Nijagadh Municipality,6,Ward - 6,770,3231,1579,1652
2,21,1,Nijagadh Municipality,7,Ward - 7,1139,5178,2547,2631
2,21,1,Nijagadh Municipality,8,Ward - 8,772,3384,1701,1683
2,21,1,Nijagadh Municipality,9,Ward - 9,994,4352,2179,2173
2,21,1,Nijagadh Municipality,10,Ward - 10,531,2744,1322,1422
2,21,1,Nijagadh Municipality,11,Ward - 11,648,2897,1413,1484
2,21,1,Nijagadh Municipality,12,Ward - 12,673,2887,1391,1496
2,21,1,Nijagadh Municipality,13,Ward - 13,485,2088,1004,1084
2,21,2,Kolhabi Municipality,1,Ward - 1,1617,7745,3711,4034
2,21,2,Kolhabi Municipality,2,Ward - 2,733,3274,1596,1678
2,21,2,Kolhabi Municipality,3,Ward - 3,710,3687,1819,1868
2,21,2,Kolhabi Municipality,4,Ward - 4,687,2986,1396,1590
2,21,2,Kolhabi Municipality,5,Ward - 5,1082,5170,2556,2614
2,21,2,Kolhabi Municipality,6,Ward - 6,1587,7295,3535,3760
2,21,2,Kolhabi Municipality,7,Ward - 7,609,3119,1499,1620
2,21,2,Kolhabi Municipality,8,Ward - 8,913,4019,1944,2075
2,21,2,Kolhabi Municipality,9,Ward - 9,893,4710,2342,2368
2,21,2,Kolhabi Municipality,10,Ward - 10,786,4221,2099,2122
2,21,2,Kolhabi Municipality,11,Ward - 11,944,4956,2365,2591
2,21,3,Jitpur Simara Sub-Metropolitian City,1,Ward - 1,2257,8933,4588,4345
2,21,3,Jitpur Simara Sub-Metropolitian City,2,Ward - 2,2576,10548,5269,5279
2,21,3,Jitpur Simara Sub-Metropolitian City,3,Ward - 3,903,3964,2015,1949
2,21,3,Jitpur Simara Sub-Metropolitian City,4,Ward - 4,1131,5224,2539,2685
2,21,3,Jitpur Simara Sub-Metropolitian City,5,Ward - 5,889,4573,2317,2256
2,21,3,Jitpur Simara Sub-Metropolitian City,6,Ward - 6,354,2090,1047,1043
2,21,3,Jitpur Simara Sub-Metropolitian City,7,Ward - 7,2752,14719,7639,7080
2,21,3,Jitpur Simara Sub-Metropolitian City,8,Ward - 8,839,5223,2712,2511
2,21,3,Jitpur Simara Sub-Metropolitian City,9,Ward - 9,628,3292,1691,1601
2,21,3,Jitpur Simara Sub-Metropolitian City,10,Ward - 10,599,3934,2058,1876
2,21,3,Jitpur Simara Sub-Metropolitian City,11,Ward - 11,935,5268,2728,2540
2,21,3,Jitpur Simara Sub-Metropolitian City,12,Ward - 12,858,4542,2286,2256
2,21,3,Jitpur Simara Sub-Metropolitian City,13,Ward - 13,355,1946,971,975
2,21,3,Jitpur Simara Sub-Metropolitian City,14,Ward - 14,1177,5177,2503,2674
2,21,3,Jitpur Simara Sub-Metropolitian City,15,Ward - 15,1412,5956,2826,3130
2,21,3,Jitpur Simara Sub-Metropolitian City,16,Ward - 16,1173,4741,2225,2516
2,21,3,Jitpur Simara Sub-Metropolitian City,17,Ward - 17,983,4426,2089,2337
2,21,3,Jitpur Simara Sub-Metropolitian City,18,Ward - 18,1119,5467,2680,2787
2,21,3,Jitpur Simara Sub-Metropolitian City,19,Ward - 19,973,6166,3057,3109
2,21,3,Jitpur Simara Sub-Metropolitian City,20,Ward - 20,990,5993,3027,2966
2,21,3,Jitpur Simara Sub-Metropolitian City,21,Ward - 21,802,3764,1952,1812
2,21,3,Jitpur Simara Sub-Metropolitian City,22,Ward - 22,707,3327,1644,1683
2,21,3,Jitpur Simara Sub-Metropolitian City,23,Ward - 23,542,3520,1859,1661
2,21,3,Jitpur Simara Sub-Metropolitian City,24,Ward - 24,696,4514,2205,2309
2,21,4,Parawanipur Gaunpalika,1,Ward - 1,947,6196,3236,2960
2,21,4,Parawanipur Gaunpalika,2,Ward - 2,585,3505,1855,1650
2,21,4,Parawanipur Gaunpalika,3,Ward - 3,683,4411,2362,2049
2,21,4,Parawanipur Gaunpalika,4,Ward - 4,921,5651,2984,2667
2,21,4,Parawanipur Gaunpalika,5,Ward - 5,836,4982,2603,2379
2,21,5,Prasauni Gaunpalika,1,Ward - 1,607,3988,2075,1913
2,21,5,Prasauni Gaunpalika,2,Ward - 2,542,3296,1709,1587
2,21,5,Prasauni Gaunpalika,3,Ward - 3,331,2055,1091,964
2,21,5,Prasauni Gaunpalika,4,Ward - 4,1065,6677,3413,3264
2,21,5,Prasauni Gaunpalika,5,Ward - 5,569,3495,1812,1683
2,21,5,Prasauni Gaunpalika,6,Ward - 6,516,3669,1872,1797
2,21,5,Prasauni Gaunpalika,7,Ward - 7,338,2234,1128,1106
2,21,6,Bishrampur Gaunpalika,1,Ward - 1,955,6091,3164,2927
2,21,6,Bishrampur Gaunpalika,2,Ward - 2,818,5175,2711,2464
2,21,6,Bishrampur Gaunpalika,3,Ward - 3,657,4168,2255,1913
2,21,6,Bishrampur Gaunpalika,4,Ward - 4,394,2526,1337,1189
2,21,6,Bishrampur Gaunpalika,5,Ward - 5,1062,6932,3678,3254
2,21,7,Pheta Gaunpalika,1,Ward - 1,1120,7375,3856,3519
2,21,7,Pheta Gaunpalika,2,Ward - 2,262,1642,837,805
2,21,7,Pheta Gaunpalika,3,Ward - 3,946,6224,3163,3061
2,21,7,Pheta Gaunpalika,4,Ward - 4,590,4076,2146,1930
2,21,7,Pheta Gaunpalika,5,Ward - 5,242,1771,904,867
2,21,7,Pheta Gaunpalika,6,Ward - 6,296,2045,987,1058
2,21,7,Pheta Gaunpalika,7,Ward - 7,746,5262,2699,2563
2,21,8,Kalaiya Sub-Metropolitian City,1,Ward - 1,1784,9492,4925,4567
2,21,8,Kalaiya Sub-Metropolitian City,2,Ward - 2,691,5032,2620,2412
2,21,8,Kalaiya Sub-Metropolitian City,3,Ward - 3,747,4964,2555,2409
2,21,8,Kalaiya Sub-Metropolitian City,4,Ward - 4,1118,5803,3061,2742
2,21,8,Kalaiya Sub-Metropolitian City,5,Ward - 5,1061,5713,2932,2781
2,21,8,Kalaiya Sub-Metropolitian City,6,Ward - 6,1114,6279,3319,2960
2,21,8,Kalaiya Sub-Metropolitian City,7,Ward - 7,593,3443,1736,1707
2,21,8,Kalaiya Sub-Metropolitian City,8,Ward - 8,449,2742,1402,1340
2,21,8,Kalaiya Sub-Metropolitian City,9,Ward - 9,698,4529,2316,2213
2,21,8,Kalaiya Sub-Metropolitian City,10,Ward - 10,1082,6988,3563,3425
2,21,8,Kalaiya Sub-Metropolitian City,11,Ward - 11,784,4703,2414,2289
2,21,8,Kalaiya Sub-Metropolitian City,12,Ward - 12,929,6038,3130,2908
2,21,8,Kalaiya Sub-Metropolitian City,13,Ward - 13,737,5169,2698,2471
2,21,8,Kalaiya Sub-Metropolitian City,14,Ward - 14,889,5426,2803,2623
2,21,8,Kalaiya Sub-Metropolitian City,15,Ward - 15,590,4096,2094,2002
2,21,8,Kalaiya Sub-Metropolitian City,16,Ward - 16,1001,6259,3226,3033
2,21,8,Kalaiya Sub-Metropolitian City,17,Ward - 17,484,3186,1616,1570
2,21,8,Kalaiya Sub-Metropolitian City,18,Ward - 18,1026,6148,3156,2992
2,21,8,Kalaiya Sub-Metropolitian City,19,Ward - 19,663,4281,2200,2081
2,21,8,Kalaiya Sub-Metropolitian City,20,Ward - 20,1250,7745,3993,3752
2,21,8,Kalaiya Sub-Metropolitian City,21,Ward - 21,573,3749,1932,1817
2,21,8,Kalaiya Sub-Metropolitian City,22,Ward - 22,569,3626,1863,1763
2,21,8,Kalaiya Sub-Metropolitian City,23,Ward - 23,597,4133,2163,1970
2,21,8,Kalaiya Sub-Metropolitian City,24,Ward - 24,578,3508,1785,1723
2,21,8,Kalaiya Sub-Metropolitian City,25,Ward - 25,605,3862,2035,1827
2,21,8,Kalaiya Sub-Metropolitian City,26,Ward - 26,700,4399,2293,2106
2,21,8,Kalaiya Sub-Metropolitian City,27,Ward - 27,813,4909,2528,2381
2,21,9,Karaiyamai Gaunpalika,1,Ward - 1,595,3274,1578,1696
2,21,9,Karaiyamai Gaunpalika,2,Ward - 2,312,1697,829,868
2,21,9,Karaiyamai Gaunpalika,3,Ward - 3,490,2860,1487,1373
2,21,9,Karaiyamai Gaunpalika,4,Ward - 4,413,2696,1307,1389
2,21,9,Karaiyamai Gaunpalika,5,Ward - 5,646,3834,1933,1901
2,21,9,Karaiyamai Gaunpalika,6,Ward - 6,543,2941,1446,1495
2,21,9,Karaiyamai Gaunpalika,7,Ward - 7,1161,6499,3289,3210
2,21,9,Karaiyamai Gaunpalika,8,Ward - 8,891,5364,2782,2582
2,21,10,Baragadhi Gaunpalika,1,Ward - 1,703,4391,2218,2173
2,21,10,Baragadhi Gaunpalika,2,Ward - 2,979,5536,2791,2745
2,21,10,Baragadhi Gaunpalika,3,Ward - 3,1010,6033,3048,2985
2,21,10,Baragadhi Gaunpalika,4,Ward - 4,856,5339,2700,2639
2,21,10,Baragadhi Gaunpalika,5,Ward - 5,756,4549,2286,2263
2,21,10,Baragadhi Gaunpalika,6,Ward - 6,636,3707,1857,1850
2,21,11,Aadarsha Kotwal Gaunpalika,1,Ward - 1,547,3496,1843,1653
2,21,11,Aadarsha Kotwal Gaunpalika,2,Ward - 2,233,1478,742,736
2,21,11,Aadarsha Kotwal Gaunpalika,3,Ward - 3,778,4756,2369,2387
2,21,11,Aadarsha Kotwal Gaunpalika,4,Ward - 4,628,4623,2336,2287
2,21,11,Aadarsha Kotwal Gaunpalika,5,Ward - 5,901,5584,2911,2673
2,21,11,Aadarsha Kotwal Gaunpalika,6,Ward - 6,756,4488,2346,2142
2,21,11,Aadarsha Kotwal Gaunpalika,7,Ward - 7,511,3500,1800,1700
2,21,11,Aadarsha Kotwal Gaunpalika,8,Ward - 8,534,3439,1720,1719
2,21,12,Simroungadh Municipality,1,Ward - 1,647,4282,2241,2041
2,21,12,Simroungadh Municipality,2,Ward - 2,594,3747,1935,1812
2,21,12,Simroungadh Municipality,3,Ward - 3,584,3814,1924,1890
2,21,12,Simroungadh Municipality,4,Ward - 4,641,4531,2345,2186
2,21,12,Simroungadh Municipality,5,Ward - 5,669,4244,2245,1999
2,21,12,Simroungadh Municipality,6,Ward - 6,875,5521,2818,2703
2,21,12,Simroungadh Municipality,7,Ward - 7,900,5510,2839,2671
2,21,12,Simroungadh Municipality,8,Ward - 8,1063,6399,3343,3056
2,21,12,Simroungadh Municipality,9,Ward - 9,801,5498,2801,2697
2,21,12,Simroungadh Municipality,10,Ward - 10,834,5375,2811,2564
2,21,12,Simroungadh Municipality,11,Ward - 11,923,5957,3028,2929
2,21,13,Pacharauta Municipality,1,Ward - 1,942,6019,3150,2869
2,21,13,Pacharauta Municipality,2,Ward - 2,578,3795,1889,1906
2,21,13,Pacharauta Municipality,3,Ward - 3,557,3555,1826,1729
2,21,13,Pacharauta Municipality,4,Ward - 4,533,3875,2016,1859
2,21,13,Pacharauta Municipality,5,Ward - 5,616,4326,2250,2076
2,21,13,Pacharauta Municipality,6,Ward - 6,575,3789,1923,1866
2,21,13,Pacharauta Municipality,7,Ward - 7,928,5795,2951,2844
2,21,13,Pacharauta Municipality,8,Ward - 8,689,4402,2234,2168
2,21,13,Pacharauta Municipality,9,Ward - 9,749,4968,2563,2405
2,21,14,Mahagadhimai Municipality,1,Ward - 1,1124,6925,3537,3388
2,21,14,Mahagadhimai Municipality,2,Ward - 2,1780,10998,5718,5280
2,21,14,Mahagadhimai Municipality,3,Ward - 3,450,2814,1466,1348
2,21,14,Mahagadhimai Municipality,4,Ward - 4,755,4630,2384,2246
2,21,14,Mahagadhimai Municipality,5,Ward - 5,742,3650,1826,1824
2,21,14,Mahagadhimai Municipality,6,Ward - 6,1216,7513,3923,3590
2,21,14,Mahagadhimai Municipality,7,Ward - 7,823,4861,2531,2330
2,21,14,Mahagadhimai Municipality,8,Ward - 8,819,5331,2675,2656
2,21,14,Mahagadhimai Municipality,9,Ward - 9,691,4585,2404,2181
2,21,14,Mahagadhimai Municipality,10,Ward - 10,731,4473,2242,2231
2,21,14,Mahagadhimai Municipality,11,Ward - 11,630,3644,1853,1791
2,21,15,Devtal Gaunpalika,1,Ward - 1,433,2832,1418,1414
2,21,15,Devtal Gaunpalika,2,Ward - 2,920,6218,3276,2942
2,21,15,Devtal Gaunpalika,3,Ward - 3,566,3608,1883,1725
2,21,15,Devtal Gaunpalika,4,Ward - 4,355,2167,1069,1098
2,21,15,Devtal Gaunpalika,5,Ward - 5,490,3007,1533,1474
2,21,15,Devtal Gaunpalika,6,Ward - 6,640,3922,2067,1855
2,21,15,Devtal Gaunpalika,7,Ward - 7,576,3607,1845,1762
2,21,16,Subarna Gaunpalika,1,Ward - 1,652,4210,2162,2048
2,21,16,Subarna Gaunpalika,2,Ward - 2,670,5054,2648,2406
2,21,16,Subarna Gaunpalika,3,Ward - 3,789,5371,2789,2582
2,21,16,Subarna Gaunpalika,4,Ward - 4,389,2488,1309,1179
2,21,16,Subarna Gaunpalika,5,Ward - 5,458,3024,1579,1445
2,21,16,Subarna Gaunpalika,6,Ward - 6,612,3995,1995,2000
2,21,16,Subarna Gaunpalika,7,Ward - 7,768,5758,2978,2780
2,21,16,Subarna Gaunpalika,8,Ward - 8,735,5241,2704,2537
2,22,1,Thori Gaunpalika,1,Ward - 1,668,2389,1117,1272
2,22,1,Thori Gaunpalika,2,Ward - 2,789,3303,1530,1773
2,22,1,Thori Gaunpalika,3,Ward - 3,925,3523,1664,1859
2,22,1,Thori Gaunpalika,4,Ward - 4,1292,5048,2338,2710
2,22,1,Thori Gaunpalika,5,Ward - 5,778,2956,1430,1526
2,22,2,Jirabhawani Gaunpalika,1,Ward - 1,1407,6355,3021,3334
2,22,2,Jirabhawani Gaunpalika,2,Ward - 2,1002,4588,2321,2267
2,22,2,Jirabhawani Gaunpalika,3,Ward - 3,990,4617,2256,2361
2,22,2,Jirabhawani Gaunpalika,4,Ward - 4,662,3135,1548,1587
2,22,2,Jirabhawani Gaunpalika,5,Ward - 5,810,3982,2004,1978
2,22,3,Jagarnathpur Gaunpalika,1,Ward - 1,1036,5953,3081,2872
2,22,3,Jagarnathpur Gaunpalika,2,Ward - 2,850,4929,2571,2358
2,22,3,Jagarnathpur Gaunpalika,3,Ward - 3,725,4072,1994,2078
2,22,3,Jagarnathpur Gaunpalika,4,Ward - 4,950,5566,2806,2760
2,22,3,Jagarnathpur Gaunpalika,5,Ward - 5,1033,6551,3427,3124
2,22,3,Jagarnathpur Gaunpalika,6,Ward - 6,988,5578,2855,2723
2,22,4,Paterwa Sugauli Gaunpalika,1,Ward - 1,723,4505,2250,2255
2,22,4,Paterwa Sugauli Gaunpalika,2,Ward - 2,881,4415,2183,2232
2,22,4,Paterwa Sugauli Gaunpalika,3,Ward - 3,683,3595,1820,1775
2,22,4,Paterwa Sugauli Gaunpalika,4,Ward - 4,1196,5920,2959,2961
2,22,4,Paterwa Sugauli Gaunpalika,5,Ward - 5,1270,7063,3590,3473
2,22,5,Sakhuwa Prasauni Gaunpalika,1,Ward - 1,1427,6880,3319,3561
2,22,5,Sakhuwa Prasauni Gaunpalika,2,Ward - 2,1430,7288,3660,3628
2,22,5,Sakhuwa Prasauni Gaunpalika,3,Ward - 3,822,5284,2590,2694
2,22,5,Sakhuwa Prasauni Gaunpalika,4,Ward - 4,889,5232,2565,2667
2,22,5,Sakhuwa Prasauni Gaunpalika,5,Ward - 5,846,5206,2661,2545
2,22,5,Sakhuwa Prasauni Gaunpalika,6,Ward - 6,881,5509,2902,2607
2,22,6,Parsagadhi Municipality,1,Ward - 1,742,3523,1747,1776
2,22,6,Parsagadhi Municipality,2,Ward - 2,712,3506,1742,1764
2,22,6,Parsagadhi Municipality,3,Ward - 3,1662,7619,3774,3845
2,22,6,Parsagadhi Municipality,4,Ward - 4,1226,7221,3617,3604
2,22,6,Parsagadhi Municipality,5,Ward - 5,925,6045,3053,2992
2,22,6,Parsagadhi Municipality,6,Ward - 6,567,3406,1791,1615
2,22,6,Parsagadhi Municipality,7,Ward - 7,591,3696,1975,1721
2,22,6,Parsagadhi Municipality,8,Ward - 8,646,3319,1635,1684
2,22,6,Parsagadhi Municipality,9,Ward - 9,561,3234,1677,1557
2,22,7,Birgunj Metropolitian City,1,Ward - 1,1433,8841,4551,4290
2,22,7,Birgunj Metropolitian City,2,Ward - 2,1475,9281,4728,4553
2,22,7,Birgunj Metropolitian City,3,Ward - 3,1377,7604,3976,3628
2,22,7,Birgunj Metropolitian City,4,Ward - 4,670,3285,1646,1639
2,22,7,Birgunj Metropolitian City,5,Ward - 5,975,4440,2295,2145
2,22,7,Birgunj Metropolitian City,6,Ward - 6,684,3564,1843,1721
2,22,7,Birgunj Metropolitian City,7,Ward - 7,789,4141,2197,1944
2,22,7,Birgunj Metropolitian City,8,Ward - 8,904,5008,2559,2449
2,22,7,Birgunj Metropolitian City,9,Ward - 9,884,4133,2202,1931
2,22,7,Birgunj Metropolitian City,10,Ward - 10,3003,14943,7990,6953
2,22,7,Birgunj Metropolitian City,11,Ward - 11,2938,14718,7757,6961
2,22,7,Birgunj Metropolitian City,12,Ward - 12,1769,9499,4924,4575
2,22,7,Birgunj Metropolitian City,13,Ward - 13,2365,12193,6343,5850
2,22,7,Birgunj Metropolitian City,14,Ward - 14,2076,12667,6539,6128
2,22,7,Birgunj Metropolitian City,15,Ward - 15,3177,15771,8364,7407
2,22,7,Birgunj Metropolitian City,16,Ward - 16,3661,21375,11340,10035
2,22,7,Birgunj Metropolitian City,17,Ward - 17,1447,9765,5081,4684
2,22,7,Birgunj Metropolitian City,18,Ward - 18,1305,8198,4362,3836
2,22,7,Birgunj Metropolitian City,19,Ward - 19,982,5971,3094,2877
2,22,7,Birgunj Metropolitian City,20,Ward - 20,1159,7648,3999,3649
2,22,7,Birgunj Metropolitian City,21,Ward - 21,1350,8426,4410,4016
2,22,7,Birgunj Metropolitian City,22,Ward - 22,690,4797,2485,2312
2,22,7,Birgunj Metropolitian City,23,Ward - 23,832,5343,2809,2534
2,22,7,Birgunj Metropolitian City,24,Ward - 24,1632,10277,5488,4789
2,22,7,Birgunj Metropolitian City,25,Ward - 25,635,4362,2320,2042
2,22,7,Birgunj Metropolitian City,26,Ward - 26,989,6509,3262,3247
2,22,7,Birgunj Metropolitian City,27,Ward - 27,1190,7400,3885,3515
2,22,7,Birgunj Metropolitian City,28,Ward - 28,1165,7380,3843,3537
2,22,7,Birgunj Metropolitian City,29,Ward - 29,1234,7858,4052,3806
2,22,7,Birgunj Metropolitian City,30,Ward - 30,776,5138,2637,2501
2,22,7,Birgunj Metropolitian City,31,Ward - 31,1683,10444,5367,5077
2,22,7,Birgunj Metropolitian City,32,Ward - 32,1865,11403,5847,5556
2,22,8,Bahudarmai Municipality,1,Ward - 1,543,3384,1767,1617
2,22,8,Bahudarmai Municipality,2,Ward - 2,1039,7079,3677,3402
2,22,8,Bahudarmai Municipality,3,Ward - 3,609,4034,2096,1938
2,22,8,Bahudarmai Municipality,4,Ward - 4,1031,6201,3318,2883
2,22,8,Bahudarmai Municipality,5,Ward - 5,888,5134,2682,2452
2,22,8,Bahudarmai Municipality,6,Ward - 6,790,4783,2562,2221
2,22,8,Bahudarmai Municipality,7,Ward - 7,763,4694,2414,2280
2,22,8,Bahudarmai Municipality,8,Ward - 8,594,3655,1917,1738
2,22,8,Bahudarmai Municipality,9,Ward - 9,700,4514,2298,2216
2,22,9,Pokhariya Municipality,1,Ward - 1,465,2688,1416,1272
2,22,9,Pokhariya Municipality,2,Ward - 2,677,4304,2231,2073
2,22,9,Pokhariya Municipality,3,Ward - 3,778,5111,2690,2421
2,22,9,Pokhariya Municipality,4,Ward - 4,514,3331,1723,1608
2,22,9,Pokhariya Municipality,5,Ward - 5,401,2500,1299,1201
2,22,9,Pokhariya Municipality,6,Ward - 6,671,4013,2111,1902
2,22,9,Pokhariya Municipality,7,Ward - 7,516,3179,1611,1568
2,22,9,Pokhariya Municipality,8,Ward - 8,665,3733,1907,1826
2,22,9,Pokhariya Municipality,9,Ward - 9,1000,6412,3337,3075
2,22,9,Pokhariya Municipality,10,Ward - 10,389,2404,1237,1167
2,22,10,Kalikamai Gaunpalika,1,Ward - 1,1041,6537,3441,3096
2,22,10,Kalikamai Gaunpalika,2,Ward - 2,1016,6543,3405,3138
2,22,10,Kalikamai Gaunpalika,3,Ward - 3,502,3315,1705,1610
2,22,10,Kalikamai Gaunpalika,4,Ward - 4,506,3249,1640,1609
2,22,10,Kalikamai Gaunpalika,5,Ward - 5,632,3836,1967,1869
2,22,11,Dhobini Gaunpalika,1,Ward - 1,393,2325,1201,1124
2,22,11,Dhobini Gaunpalika,2,Ward - 2,729,4539,2394,2145
2,22,11,Dhobini Gaunpalika,3,Ward - 3,819,5594,2871,2723
2,22,11,Dhobini Gaunpalika,4,Ward - 4,601,3934,1976,1958
2,22,11,Dhobini Gaunpalika,5,Ward - 5,957,6214,3169,3045
2,22,12,Chhipaharmai Gaunpalika,1,Ward - 1,729,4604,2393,2211
2,22,12,Chhipaharmai Gaunpalika,2,Ward - 2,1376,7925,4132,3793
2,22,12,Chhipaharmai Gaunpalika,3,Ward - 3,882,5602,2875,2727
2,22,12,Chhipaharmai Gaunpalika,4,Ward - 4,789,5020,2587,2433
2,22,12,Chhipaharmai Gaunpalika,5,Ward - 5,887,5931,3000,2931
2,22,13,Pakaha Mainpur Gaunpalika,1,Ward - 1,879,5197,2660,2537
2,22,13,Pakaha Mainpur Gaunpalika,2,Ward - 2,720,4500,2447,2053
2,22,13,Pakaha Mainpur Gaunpalika,3,Ward - 3,533,3640,1881,1759
2,22,13,Pakaha Mainpur Gaunpalika,4,Ward - 4,646,4725,2479,2246
2,22,13,Pakaha Mainpur Gaunpalika,5,Ward - 5,752,4523,2331,2192
2,22,14,Bindabasini Gaunpalika,1,Ward - 1,282,1764,894,870
2,22,14,Bindabasini Gaunpalika,2,Ward - 2,815,5416,2785,2631
2,22,14,Bindabasini Gaunpalika,3,Ward - 3,1033,6221,3218,3003
2,22,14,Bindabasini Gaunpalika,4,Ward - 4,764,4733,2441,2292
2,22,14,Bindabasini Gaunpalika,5,Ward - 5,998,6857,3516,3341
3,23,1,Gaurishankar Gaunpalika,1,Ward - 1,503,1704,844,860
3,23,1,Gaurishankar Gaunpalika,2,Ward - 2,473,1495,686,809
3,23,1,Gaurishankar Gaunpalika,3,Ward - 3,504,1695,816,879
3,23,1,Gaurishankar Gaunpalika,4,Ward - 4,540,2201,1082,1119
3,23,1,Gaurishankar Gaunpalika,5,Ward - 5,778,2997,1474,1523
3,23,1,Gaurishankar Gaunpalika,6,Ward - 6,411,1468,705,763
3,23,1,Gaurishankar Gaunpalika,7,Ward - 7,371,1506,758,748
3,23,1,Gaurishankar Gaunpalika,8,Ward - 8,467,1718,877,841
3,23,1,Gaurishankar Gaunpalika,9,Ward - 9,352,1211,611,600
3,23,2,Bigu Gaunpalika,1,Ward - 1,636,2290,1133,1157
3,23,2,Bigu Gaunpalika,2,Ward - 2,537,1925,944,981
3,23,2,Bigu Gaunpalika,3,Ward - 3,529,1696,799,897
3,23,2,Bigu Gaunpalika,4,Ward - 4,974,3208,1524,1684
3,23,2,Bigu Gaunpalika,5,Ward - 5,652,2322,1135,1187
3,23,2,Bigu Gaunpalika,6,Ward - 6,458,1615,794,821
3,23,2,Bigu Gaunpalika,7,Ward - 7,397,1339,633,706
3,23,2,Bigu Gaunpalika,8,Ward - 8,564,2095,1008,1087
3,23,3,Kalinchowk Gaunpalika,1,Ward - 1,719,2807,1391,1416
3,23,3,Kalinchowk Gaunpalika,2,Ward - 2,884,3113,1488,1625
3,23,3,Kalinchowk Gaunpalika,3,Ward - 3,609,2111,1046,1065
3,23,3,Kalinchowk Gaunpalika,4,Ward - 4,562,1936,941,995
3,23,3,Kalinchowk Gaunpalika,5,Ward - 5,640,2164,1053,1111
3,23,3,Kalinchowk Gaunpalika,6,Ward - 6,779,2520,1241,1279
3,23,3,Kalinchowk Gaunpalika,7,Ward - 7,583,1875,914,961
3,23,3,Kalinchowk Gaunpalika,8,Ward - 8,602,1990,945,1045
3,23,3,Kalinchowk Gaunpalika,9,Ward - 9,773,2581,1250,1331
3,23,4,Baiteshwor Gaunpalika,1,Ward - 1,701,2307,1093,1214
3,23,4,Baiteshwor Gaunpalika,2,Ward - 2,627,1967,937,1030
3,23,4,Baiteshwor Gaunpalika,3,Ward - 3,679,2205,1018,1187
3,23,4,Baiteshwor Gaunpalika,4,Ward - 4,619,2033,960,1073
3,23,4,Baiteshwor Gaunpalika,5,Ward - 5,811,2756,1335,1421
3,23,4,Baiteshwor Gaunpalika,6,Ward - 6,773,2470,1186,1284
3,23,4,Baiteshwor Gaunpalika,7,Ward - 7,575,2151,1035,1116
3,23,4,Baiteshwor Gaunpalika,8,Ward - 8,588,2007,969,1038
3,23,5,Jiri Municipality,1,Ward - 1,356,1883,936,947
3,23,5,Jiri Municipality,2,Ward - 2,425,1515,744,771
3,23,5,Jiri Municipality,3,Ward - 3,422,1473,699,774
3,23,5,Jiri Municipality,4,Ward - 4,439,1585,754,831
3,23,5,Jiri Municipality,5,Ward - 5,567,2045,963,1082
3,23,5,Jiri Municipality,6,Ward - 6,561,2113,1027,1086
3,23,5,Jiri Municipality,7,Ward - 7,468,1800,866,934
3,23,5,Jiri Municipality,8,Ward - 8,510,1798,876,922
3,23,5,Jiri Municipality,9,Ward - 9,496,1897,944,953
3,23,6,Tamakoshi Gaunpalika,1,Ward - 1,650,2107,1030,1077
3,23,6,Tamakoshi Gaunpalika,2,Ward - 2,534,1710,819,891
3,23,6,Tamakoshi Gaunpalika,3,Ward - 3,871,3002,1489,1513
3,23,6,Tamakoshi Gaunpalika,4,Ward - 4,606,1965,918,1047
3,23,6,Tamakoshi Gaunpalika,5,Ward - 5,754,2372,1109,1263
3,23,6,Tamakoshi Gaunpalika,6,Ward - 6,615,2139,1035,1104
3,23,6,Tamakoshi Gaunpalika,7,Ward - 7,455,1868,917,951
3,23,7,Melung Gaunpalika,1,Ward - 1,1087,3581,1695,1886
3,23,7,Melung Gaunpalika,2,Ward - 2,440,1341,621,720
3,23,7,Melung Gaunpalika,3,Ward - 3,545,1797,844,953
3,23,7,Melung Gaunpalika,4,Ward - 4,889,2833,1312,1521
3,23,7,Melung Gaunpalika,5,Ward - 5,653,2275,1039,1236
3,23,7,Melung Gaunpalika,6,Ward - 6,609,2009,926,1083
3,23,7,Melung Gaunpalika,7,Ward - 7,573,2057,1019,1038
3,23,8,Shailung Gaunpalika,1,Ward - 1,603,1910,890,1020
3,23,8,Shailung Gaunpalika,2,Ward - 2,555,1950,942,1008
3,23,8,Shailung Gaunpalika,3,Ward - 3,784,2711,1325,1386
3,23,8,Shailung Gaunpalika,4,Ward - 4,626,1997,963,1034
3,23,8,Shailung Gaunpalika,5,Ward - 5,426,1377,621,756
3,23,8,Shailung Gaunpalika,6,Ward - 6,500,1758,830,928
3,23,8,Shailung Gaunpalika,7,Ward - 7,606,1975,917,1058
3,23,8,Shailung Gaunpalika,8,Ward - 8,1034,4245,2096,2149
3,23,9,Bhimeshwor Municipality,1,Ward - 1,961,3363,1595,1768
3,23,9,Bhimeshwor Municipality,2,Ward - 2,1183,3802,1800,2002
3,23,9,Bhimeshwor Municipality,3,Ward - 3,1543,5836,2899,2937
3,23,9,Bhimeshwor Municipality,4,Ward - 4,543,1749,785,964
3,23,9,Bhimeshwor Municipality,5,Ward - 5,1157,3731,1699,2032
3,23,9,Bhimeshwor Municipality,6,Ward - 6,2075,7572,3733,3839
3,23,9,Bhimeshwor Municipality,7,Ward - 7,942,3142,1498,1644
3,23,9,Bhimeshwor Municipality,8,Ward - 8,766,2278,1052,1226
3,23,9,Bhimeshwor Municipality,9,Ward - 9,994,3239,1569,1670
3,24,1,Bhotekoshi Gaunpalika,1,Ward - 1,994,3376,1691,1685
3,24,1,Bhotekoshi Gaunpalika,2,Ward - 2,636,2226,1146,1080
3,24,1,Bhotekoshi Gaunpalika,3,Ward - 3,384,1732,868,864
3,24,1,Bhotekoshi Gaunpalika,4,Ward - 4,937,3943,1997,1946
3,24,1,Bhotekoshi Gaunpalika,5,Ward - 5,781,3041,1572,1469
3,24,2,Jugal Gaunpalika,1,Ward - 1,721,2940,1479,1461
3,24,2,Jugal Gaunpalika,2,Ward - 2,804,3614,1829,1785
3,24,2,Jugal Gaunpalika,3,Ward - 3,756,3291,1671,1620
3,24,2,Jugal Gaunpalika,4,Ward - 4,619,2399,1234,1165
3,24,2,Jugal Gaunpalika,5,Ward - 5,755,2814,1409,1405
3,24,2,Jugal Gaunpalika,6,Ward - 6,301,1108,537,571
3,24,2,Jugal Gaunpalika,7,Ward - 7,572,2137,1035,1102
3,24,3,Panchpokhari Thangpal Gaunpalika,1,Ward - 1,652,2092,1063,1029
3,24,3,Panchpokhari Thangpal Gaunpalika,2,Ward - 2,556,1696,904,792
3,24,3,Panchpokhari Thangpal Gaunpalika,3,Ward - 3,824,3003,1561,1442
3,24,3,Panchpokhari Thangpal Gaunpalika,4,Ward - 4,760,2687,1372,1315
3,24,3,Panchpokhari Thangpal Gaunpalika,5,Ward - 5,575,2288,1162,1126
3,24,3,Panchpokhari Thangpal Gaunpalika,6,Ward - 6,924,3236,1622,1614
3,24,3,Panchpokhari Thangpal Gaunpalika,7,Ward - 7,982,3640,1795,1845
3,24,3,Panchpokhari Thangpal Gaunpalika,8,Ward - 8,641,2355,1135,1220
3,24,4,Helambu Gaunpalika,1,Ward - 1,709,2311,1199,1112
3,24,4,Helambu Gaunpalika,2,Ward - 2,782,2750,1399,1351
3,24,4,Helambu Gaunpalika,3,Ward - 3,537,1929,942,987
3,24,4,Helambu Gaunpalika,4,Ward - 4,549,2057,990,1067
3,24,4,Helambu Gaunpalika,5,Ward - 5,610,2633,1300,1333
3,24,4,Helambu Gaunpalika,6,Ward - 6,762,2822,1461,1361
3,24,4,Helambu Gaunpalika,7,Ward - 7,741,2995,1490,1505
3,24,5,Melanchi Municipality,1,Ward - 1,718,2590,1277,1313
3,24,5,Melanchi Municipality,2,Ward - 2,340,1203,582,621
3,24,5,Melanchi Municipality,3,Ward - 3,580,2034,971,1063
3,24,5,Melanchi Municipality,4,Ward - 4,769,2839,1346,1493
3,24,5,Melanchi Municipality,5,Ward - 5,616,2318,1174,1144
3,24,5,Melanchi Municipality,6,Ward - 6,738,2627,1260,1367
3,24,5,Melanchi Municipality,7,Ward - 7,1091,3892,1892,2000
3,24,5,Melanchi Municipality,8,Ward - 8,550,1803,858,945
3,24,5,Melanchi Municipality,9,Ward - 9,1144,4293,2075,2218
3,24,5,Melanchi Municipality,10,Ward - 10,853,3127,1521,1606
3,24,5,Melanchi Municipality,11,Ward - 11,1536,5898,2898,3000
3,24,5,Melanchi Municipality,12,Ward - 12,1256,4830,2338,2492
3,24,5,Melanchi Municipality,13,Ward - 13,989,3609,1771,1838
3,24,6,Indrawoti Gaunpalika,1,Ward - 1,562,1996,1040,956
3,24,6,Indrawoti Gaunpalika,2,Ward - 2,585,2408,1164,1244
3,24,6,Indrawoti Gaunpalika,3,Ward - 3,386,1362,661,701
3,24,6,Indrawoti Gaunpalika,4,Ward - 4,893,3256,1557,1699
3,24,6,Indrawoti Gaunpalika,5,Ward - 5,722,2622,1277,1345
3,24,6,Indrawoti Gaunpalika,6,Ward - 6,471,1602,773,829
3,24,6,Indrawoti Gaunpalika,7,Ward - 7,434,1506,724,782
3,24,6,Indrawoti Gaunpalika,8,Ward - 8,453,1638,763,875
3,24,6,Indrawoti Gaunpalika,9,Ward - 9,380,1428,665,763
3,24,6,Indrawoti Gaunpalika,10,Ward - 10,672,2449,1165,1284
3,24,6,Indrawoti Gaunpalika,11,Ward - 11,445,1840,857,983
3,24,6,Indrawoti Gaunpalika,12,Ward - 12,777,3258,1537,1721
3,24,7,Choutara Sangachowkgadhi Municipality,1,Ward - 1,857,3116,1462,1654
3,24,7,Choutara Sangachowkgadhi Municipality,2,Ward - 2,508,1697,818,879
3,24,7,Choutara Sangachowkgadhi Municipality,3,Ward - 3,566,1943,930,1013
3,24,7,Choutara Sangachowkgadhi Municipality,4,Ward - 4,776,2817,1363,1454
3,24,7,Choutara Sangachowkgadhi Municipality,5,Ward - 5,1804,6638,3191,3447
3,24,7,Choutara Sangachowkgadhi Municipality,6,Ward - 6,787,2835,1269,1566
3,24,7,Choutara Sangachowkgadhi Municipality,7,Ward - 7,794,2860,1361,1499
3,24,7,Choutara Sangachowkgadhi Municipality,8,Ward - 8,813,3131,1411,1720
3,24,7,Choutara Sangachowkgadhi Municipality,9,Ward - 9,876,3709,1810,1899
3,24,7,Choutara Sangachowkgadhi Municipality,10,Ward - 10,845,3110,1505,1605
3,24,7,Choutara Sangachowkgadhi Municipality,11,Ward - 11,867,3489,1647,1842
3,24,7,Choutara Sangachowkgadhi Municipality,12,Ward - 12,643,2139,947,1192
3,24,7,Choutara Sangachowkgadhi Municipality,13,Ward - 13,906,3147,1402,1745
3,24,7,Choutara Sangachowkgadhi Municipality,14,Ward - 14,548,2037,951,1086
3,24,8,Balephi Gaunpalika,1,Ward - 1,692,2482,1261,1221
3,24,8,Balephi Gaunpalika,2,Ward - 2,433,1487,729,758
3,24,8,Balephi Gaunpalika,3,Ward - 3,604,2016,997,1019
3,24,8,Balephi Gaunpalika,4,Ward - 4,536,1841,894,947
3,24,8,Balephi Gaunpalika,5,Ward - 5,640,2555,1254,1301
3,24,8,Balephi Gaunpalika,6,Ward - 6,656,2311,1141,1170
3,24,8,Balephi Gaunpalika,7,Ward - 7,743,2630,1257,1373
3,24,8,Balephi Gaunpalika,8,Ward - 8,525,1763,874,889
3,24,9,Bahrabise Municipality,1,Ward - 1,203,830,411,419
3,24,9,Bahrabise Municipality,2,Ward - 2,965,3311,1650,1661
3,24,9,Bahrabise Municipality,3,Ward - 3,838,3154,1589,1565
3,24,9,Bahrabise Municipality,4,Ward - 4,808,2891,1463,1428
3,24,9,Bahrabise Municipality,5,Ward - 5,514,1898,945,953
3,24,9,Bahrabise Municipality,6,Ward - 6,520,1934,970,964
3,24,9,Bahrabise Municipality,7,Ward - 7,942,3322,1642,1680
3,24,9,Bahrabise Municipality,8,Ward - 8,875,3198,1542,1656
3,24,9,Bahrabise Municipality,9,Ward - 9,990,3571,1808,1763
3,24,10,Tripurasundari Gaunpalika,1,Ward - 1,289,998,513,485
3,24,10,Tripurasundari Gaunpalika,2,Ward - 2,729,2522,1225,1297
3,24,10,Tripurasundari Gaunpalika,3,Ward - 3,810,2870,1414,1456
3,24,10,Tripurasundari Gaunpalika,4,Ward - 4,633,2308,1164,1144
3,24,10,Tripurasundari Gaunpalika,5,Ward - 5,738,1857,848,1009
3,24,10,Tripurasundari Gaunpalika,6,Ward - 6,452,1459,702,757
3,24,11,Lisankhu Pakhar Gaunpalika,1,Ward - 1,499,1447,700,747
3,24,11,Lisankhu Pakhar Gaunpalika,2,Ward - 2,397,1230,581,649
3,24,11,Lisankhu Pakhar Gaunpalika,3,Ward - 3,447,1317,653,664
3,24,11,Lisankhu Pakhar Gaunpalika,4,Ward - 4,481,1572,758,814
3,24,11,Lisankhu Pakhar Gaunpalika,5,Ward - 5,698,2347,1168,1179
3,24,11,Lisankhu Pakhar Gaunpalika,6,Ward - 6,385,1230,589,641
3,24,11,Lisankhu Pakhar Gaunpalika,7,Ward - 7,790,2607,1257,1350
3,24,12,Sunkoshi Gaunpalika,1,Ward - 1,595,2054,971,1083
3,24,12,Sunkoshi Gaunpalika,2,Ward - 2,519,1782,853,929
3,24,12,Sunkoshi Gaunpalika,3,Ward - 3,557,2035,980,1055
3,24,12,Sunkoshi Gaunpalika,4,Ward - 4,395,1246,617,629
3,24,12,Sunkoshi Gaunpalika,5,Ward - 5,625,1971,958,1013
3,24,12,Sunkoshi Gaunpalika,6,Ward - 6,971,3026,1425,1601
3,24,12,Sunkoshi Gaunpalika,7,Ward - 7,789,3062,1507,1555
3,25,1,Gosaikunda Gaunpalika,1,Ward - 1,283,826,420,406
3,25,1,Gosaikunda Gaunpalika,2,Ward - 2,163,550,293,257
3,25,1,Gosaikunda Gaunpalika,3,Ward - 3,169,508,253,255
3,25,1,Gosaikunda Gaunpalika,4,Ward - 4,110,420,210,210
3,25,1,Gosaikunda Gaunpalika,5,Ward - 5,583,2472,1273,1199
3,25,1,Gosaikunda Gaunpalika,6,Ward - 6,730,3012,1524,1488
3,25,2,Aamachhodingmo Gaunpalika,1,Ward - 1,311,1491,755,736
3,25,2,Aamachhodingmo Gaunpalika,2,Ward - 2,240,982,521,461
3,25,2,Aamachhodingmo Gaunpalika,3,Ward - 3,350,1353,718,635
3,25,2,Aamachhodingmo Gaunpalika,4,Ward - 4,300,1080,555,525
3,25,2,Aamachhodingmo Gaunpalika,5,Ward - 5,463,1767,931,836
3,25,3,Uttargaya Gaunpalika,1,Ward - 1,293,1205,598,607
3,25,3,Uttargaya Gaunpalika,2,Ward - 2,315,1277,611,666
3,25,3,Uttargaya Gaunpalika,3,Ward - 3,296,1113,568,545
3,25,3,Uttargaya Gaunpalika,4,Ward - 4,527,2048,1019,1029
3,25,3,Uttargaya Gaunpalika,5,Ward - 5,757,2912,1439,1473
3,25,4,Shuva Kalika Gaunpalika,1,Ward - 1,614,2579,1294,1285
3,25,4,Shuva Kalika Gaunpalika,2,Ward - 2,682,2899,1418,1481
3,25,4,Shuva Kalika Gaunpalika,3,Ward - 3,428,1665,826,839
3,25,4,Shuva Kalika Gaunpalika,4,Ward - 4,249,1032,508,524
3,25,4,Shuva Kalika Gaunpalika,5,Ward - 5,474,1940,975,965
3,25,5,Naukunda Gaunpalika,1,Ward - 1,490,2321,1211,1110
3,25,5,Naukunda Gaunpalika,2,Ward - 2,326,1349,689,660
3,25,5,Naukunda Gaunpalika,3,Ward - 3,467,1967,944,1023
3,25,5,Naukunda Gaunpalika,4,Ward - 4,474,2021,1019,1002
3,25,5,Naukunda Gaunpalika,5,Ward - 5,511,2082,1025,1057
3,25,5,Naukunda Gaunpalika,6,Ward - 6,526,2604,1321,1283
3,26,1,Rubi Valley Gaunpalika,1,Ward - 1,479,1898,978,920
3,26,1,Rubi Valley Gaunpalika,2,Ward - 2,389,1651,829,822
3,26,1,Rubi Valley Gaunpalika,3,Ward - 3,417,1570,785,785
3,26,1,Rubi Valley Gaunpalika,4,Ward - 4,419,1701,839,862
3,26,1,Rubi Valley Gaunpalika,5,Ward - 5,682,2819,1360,1459
3,26,1,Rubi Valley Gaunpalika,6,Ward - 6,263,1142,568,574
3,26,2,Khaniyabas Gaunpalika,1,Ward - 1,336,1293,640,653
3,26,2,Khaniyabas Gaunpalika,2,Ward - 2,465,2054,1039,1015
3,26,2,Khaniyabas Gaunpalika,3,Ward - 3,661,2400,1124,1276
3,26,2,Khaniyabas Gaunpalika,4,Ward - 4,483,1796,893,903
3,26,2,Khaniyabas Gaunpalika,5,Ward - 5,740,2744,1312,1432
3,26,3,Ganga Jamuna Gaunpalika,1,Ward - 1,658,2436,1216,1220
3,26,3,Ganga Jamuna Gaunpalika,2,Ward - 2,684,2607,1278,1329
3,26,3,Ganga Jamuna Gaunpalika,3,Ward - 3,557,1970,946,1024
3,26,3,Ganga Jamuna Gaunpalika,4,Ward - 4,569,2114,1011,1103
3,26,3,Ganga Jamuna Gaunpalika,5,Ward - 5,1005,3740,1796,1944
3,26,3,Ganga Jamuna Gaunpalika,6,Ward - 6,890,3255,1611,1644
3,26,3,Ganga Jamuna Gaunpalika,7,Ward - 7,901,3143,1449,1694
3,26,4,Tripurasundari Gaunpalika,1,Ward - 1,1138,4459,2115,2344
3,26,4,Tripurasundari Gaunpalika,2,Ward - 2,1191,4526,2190,2336
3,26,4,Tripurasundari Gaunpalika,3,Ward - 3,726,2553,1182,1371
3,26,4,Tripurasundari Gaunpalika,4,Ward - 4,665,2439,1167,1272
3,26,4,Tripurasundari Gaunpalika,5,Ward - 5,637,2179,1006,1173
3,26,4,Tripurasundari Gaunpalika,6,Ward - 6,770,2698,1266,1432
3,26,4,Tripurasundari Gaunpalika,7,Ward - 7,820,3083,1485,1598
3,26,5,Netrawati Dabjong Gaunpalika,1,Ward - 1,660,2327,1101,1226
3,26,5,Netrawati Dabjong Gaunpalika,2,Ward - 2,504,1585,764,821
3,26,5,Netrawati Dabjong Gaunpalika,3,Ward - 3,639,2277,1115,1162
3,26,5,Netrawati Dabjong Gaunpalika,4,Ward - 4,724,2521,1142,1379
3,26,5,Netrawati Dabjong Gaunpalika,5,Ward - 5,736,2600,1239,1361
3,26,6,Nilkhantha Municipality,1,Ward - 1,609,2131,933,1198
3,26,6,Nilkhantha Municipality,2,Ward - 2,1276,4826,2227,2599
3,26,6,Nilkhantha Municipality,3,Ward - 3,3591,12761,6023,6738
3,26,6,Nilkhantha Municipality,4,Ward - 4,1632,5958,2753,3205
3,26,6,Nilkhantha Municipality,5,Ward - 5,1005,3598,1655,1943
3,26,6,Nilkhantha Municipality,6,Ward - 6,717,2528,1163,1365
3,26,6,Nilkhantha Municipality,7,Ward - 7,821,3018,1454,1564
3,26,6,Nilkhantha Municipality,8,Ward - 8,1212,4704,2294,2410
3,26,6,Nilkhantha Municipality,9,Ward - 9,948,3269,1489,1780
3,26,6,Nilkhantha Municipality,10,Ward - 10,767,2524,1157,1367
3,26,6,Nilkhantha Municipality,11,Ward - 11,986,3322,1451,1871
3,26,6,Nilkhantha Municipality,12,Ward - 12,1123,4410,2127,2283
3,26,6,Nilkhantha Municipality,13,Ward - 13,677,2270,1025,1245
3,26,6,Nilkhantha Municipality,14,Ward - 14,1027,3509,1614,1895
3,26,7,Jwalamukhi Gaunpalika,1,Ward - 1,820,2967,1398,1569
3,26,7,Jwalamukhi Gaunpalika,2,Ward - 2,702,2448,1177,1271
3,26,7,Jwalamukhi Gaunpalika,3,Ward - 3,812,2834,1316,1518
3,26,7,Jwalamukhi Gaunpalika,4,Ward - 4,1016,3430,1601,1829
3,26,7,Jwalamukhi Gaunpalika,5,Ward - 5,1119,3650,1693,1957
3,26,7,Jwalamukhi Gaunpalika,6,Ward - 6,865,3160,1436,1724
3,26,7,Jwalamukhi Gaunpalika,7,Ward - 7,745,2849,1361,1488
3,26,8,Siddhalek Gaunpalika,1,Ward - 1,975,3661,1768,1893
3,26,8,Siddhalek Gaunpalika,2,Ward - 2,1047,3589,1676,1913
3,26,8,Siddhalek Gaunpalika,3,Ward - 3,682,2605,1274,1331
3,26,8,Siddhalek Gaunpalika,4,Ward - 4,680,2663,1272,1391
3,26,8,Siddhalek Gaunpalika,5,Ward - 5,727,2602,1212,1390
3,26,8,Siddhalek Gaunpalika,6,Ward - 6,735,2985,1487,1498
3,26,8,Siddhalek Gaunpalika,7,Ward - 7,990,4109,2013,2096
3,26,9,Benighat Rorang Gaunpalika,1,Ward - 1,438,1988,985,1003
3,26,9,Benighat Rorang Gaunpalika,2,Ward - 2,1117,5303,2671,2632
3,26,9,Benighat Rorang Gaunpalika,3,Ward - 3,1189,4693,2457,2236
3,26,9,Benighat Rorang Gaunpalika,4,Ward - 4,560,2310,1128,1182
3,26,9,Benighat Rorang Gaunpalika,5,Ward - 5,766,3155,1576,1579
3,26,9,Benighat Rorang Gaunpalika,6,Ward - 6,510,2586,1338,1248
3,26,9,Benighat Rorang Gaunpalika,7,Ward - 7,719,2979,1507,1472
3,26,9,Benighat Rorang Gaunpalika,8,Ward - 8,498,2430,1241,1189
3,26,9,Benighat Rorang Gaunpalika,9,Ward - 9,785,3567,1771,1796
3,26,9,Benighat Rorang Gaunpalika,10,Ward - 10,1019,4843,2442,2401
3,26,10,Gajuri Gaunpalika,1,Ward - 1,1427,5323,2641,2682
3,26,10,Gajuri Gaunpalika,2,Ward - 2,1034,4219,2140,2079
3,26,10,Gajuri Gaunpalika,3,Ward - 3,458,2008,995,1013
3,26,10,Gajuri Gaunpalika,4,Ward - 4,587,2929,1480,1449
3,26,10,Gajuri Gaunpalika,5,Ward - 5,955,3897,1935,1962
3,26,10,Gajuri Gaunpalika,6,Ward - 6,1127,4786,2389,2397
3,26,10,Gajuri Gaunpalika,7,Ward - 7,493,2252,1138,1114
3,26,10,Gajuri Gaunpalika,8,Ward - 8,758,3220,1608,1612
3,26,11,Galchhi Gaunpalika,1,Ward - 1,879,3564,1692,1872
3,26,11,Galchhi Gaunpalika,2,Ward - 2,782,2990,1429,1561
3,26,11,Galchhi Gaunpalika,3,Ward - 3,372,1238,603,635
3,26,11,Galchhi Gaunpalika,4,Ward - 4,824,3431,1729,1702
3,26,11,Galchhi Gaunpalika,5,Ward - 5,730,2988,1425,1563
3,26,11,Galchhi Gaunpalika,6,Ward - 6,725,2839,1436,1403
3,26,11,Galchhi Gaunpalika,7,Ward - 7,854,3550,1781,1769
3,26,11,Galchhi Gaunpalika,8,Ward - 8,809,3133,1532,1601
3,26,12,Thakre Gaunpalika,1,Ward - 1,602,2686,1382,1304
3,26,12,Thakre Gaunpalika,2,Ward - 2,1125,4796,2394,2402
3,26,12,Thakre Gaunpalika,3,Ward - 3,716,3044,1526,1518
3,26,12,Thakre Gaunpalika,4,Ward - 4,638,2748,1390,1358
3,26,12,Thakre Gaunpalika,5,Ward - 5,496,2164,1038,1126
3,26,12,Thakre Gaunpalika,6,Ward - 6,857,3431,1742,1689
3,26,12,Thakre Gaunpalika,7,Ward - 7,1005,4131,2100,2031
3,26,12,Thakre Gaunpalika,8,Ward - 8,699,2895,1409,1486
3,26,12,Thakre Gaunpalika,9,Ward - 9,434,1617,784,833
3,26,12,Thakre Gaunpalika,10,Ward - 10,654,2199,1081,1118
3,26,12,Thakre Gaunpalika,11,Ward - 11,621,2663,1358,1305
3,26,13,Dhunibenshi Municipality,1,Ward - 1,913,3440,1686,1754
3,26,13,Dhunibenshi Municipality,2,Ward - 2,826,3219,1566,1653
3,26,13,Dhunibenshi Municipality,3,Ward - 3,674,2452,1214,1238
3,26,13,Dhunibenshi Municipality,4,Ward - 4,607,2260,1119,1141
3,26,13,Dhunibenshi Municipality,5,Ward - 5,775,3236,1603,1633
3,26,13,Dhunibenshi Municipality,6,Ward - 6,681,2902,1450,1452
3,26,13,Dhunibenshi Municipality,7,Ward - 7,868,3700,1848,1852
3,26,13,Dhunibenshi Municipality,8,Ward - 8,909,3759,1907,1852
3,26,13,Dhunibenshi Municipality,9,Ward - 9,993,4181,2075,2106
3,27,1,Dupcheshwor Gaunpalika,1,Ward - 1,711,2674,1421,1253
3,27,1,Dupcheshwor Gaunpalika,2,Ward - 2,697,2928,1446,1482
3,27,1,Dupcheshwor Gaunpalika,3,Ward - 3,547,2479,1230,1249
3,27,1,Dupcheshwor Gaunpalika,4,Ward - 4,1043,4327,2192,2135
3,27,1,Dupcheshwor Gaunpalika,5,Ward - 5,607,2402,1192,1210
3,27,1,Dupcheshwor Gaunpalika,6,Ward - 6,725,2972,1449,1523
3,27,1,Dupcheshwor Gaunpalika,7,Ward - 7,811,3223,1544,1679
3,27,2,Tadi Gaunpalika,1,Ward - 1,733,2988,1500,1488
3,27,2,Tadi Gaunpalika,2,Ward - 2,706,2744,1377,1367
3,27,2,Tadi Gaunpalika,3,Ward - 3,863,3393,1698,1695
3,27,2,Tadi Gaunpalika,4,Ward - 4,600,2453,1250,1203
3,27,2,Tadi Gaunpalika,5,Ward - 5,629,2335,1143,1192
3,27,2,Tadi Gaunpalika,6,Ward - 6,493,2020,979,1041
3,27,3,Suryagadhi Gaunpalika,1,Ward - 1,888,3671,1775,1896
3,27,3,Suryagadhi Gaunpalika,2,Ward - 2,572,2146,1013,1133
3,27,3,Suryagadhi Gaunpalika,3,Ward - 3,676,2531,1226,1305
3,27,3,Suryagadhi Gaunpalika,4,Ward - 4,870,3338,1620,1718
3,27,3,Suryagadhi Gaunpalika,5,Ward - 5,823,3233,1630,1603
3,27,4,Bidur Municipality,1,Ward - 1,670,2885,1387,1498
3,27,4,Bidur Municipality,2,Ward - 2,1365,5196,2552,2644
3,27,4,Bidur Municipality,3,Ward - 3,1272,4815,2265,2550
3,27,4,Bidur Municipality,4,Ward - 4,1732,6869,3431,3438
3,27,4,Bidur Municipality,5,Ward - 5,1437,6106,2968,3138
3,27,4,Bidur Municipality,6,Ward - 6,946,3917,1882,2035
3,27,4,Bidur Municipality,7,Ward - 7,1057,4027,1950,2077
3,27,4,Bidur Municipality,8,Ward - 8,970,3807,1812,1995
3,27,4,Bidur Municipality,9,Ward - 9,1903,7334,3423,3911
3,27,4,Bidur Municipality,10,Ward - 10,869,3392,1621,1771
3,27,4,Bidur Municipality,11,Ward - 11,647,2206,1056,1150
3,27,4,Bidur Municipality,12,Ward - 12,949,3590,1724,1866
3,27,4,Bidur Municipality,13,Ward - 13,1417,5083,2378,2705
3,27,5,Kispang Gaunpalika,1,Ward - 1,870,3254,1609,1645
3,27,5,Kispang Gaunpalika,2,Ward - 2,789,2750,1310,1440
3,27,5,Kispang Gaunpalika,3,Ward - 3,900,3105,1520,1585
3,27,5,Kispang Gaunpalika,4,Ward - 4,455,1739,843,896
3,27,5,Kispang Gaunpalika,5,Ward - 5,915,3387,1664,1723
3,27,6,Myagang Gaunpalika,1,Ward - 1,84,266,134,132
3,27,6,Myagang Gaunpalika,2,Ward - 2,677,2069,1014,1055
3,27,6,Myagang Gaunpalika,3,Ward - 3,1202,3631,1739,1892
3,27,6,Myagang Gaunpalika,4,Ward - 4,638,2050,988,1062
3,27,6,Myagang Gaunpalika,5,Ward - 5,619,2172,982,1190
3,27,6,Myagang Gaunpalika,6,Ward - 6,749,2480,1196,1284
3,27,7,Tarakeshwor Gaunpalika,1,Ward - 1,755,2771,1331,1440
3,27,7,Tarakeshwor Gaunpalika,2,Ward - 2,589,2200,1046,1154
3,27,7,Tarakeshwor Gaunpalika,3,Ward - 3,696,2553,1155,1398
3,27,7,Tarakeshwor Gaunpalika,4,Ward - 4,677,2352,1091,1261
3,27,7,Tarakeshwor Gaunpalika,5,Ward - 5,705,2644,1257,1387
3,27,7,Tarakeshwor Gaunpalika,6,Ward - 6,457,1664,791,873
3,27,8,Belkotgadhi Municipality,1,Ward - 1,387,1469,710,759
3,27,8,Belkotgadhi Municipality,2,Ward - 2,667,2454,1208,1246
3,27,8,Belkotgadhi Municipality,3,Ward - 3,788,2943,1420,1523
3,27,8,Belkotgadhi Municipality,4,Ward - 4,725,2786,1311,1475
3,27,8,Belkotgadhi Municipality,5,Ward - 5,826,3180,1543,1637
3,27,8,Belkotgadhi Municipality,6,Ward - 6,635,2547,1258,1289
3,27,8,Belkotgadhi Municipality,7,Ward - 7,1090,4547,2262,2285
3,27,8,Belkotgadhi Municipality,8,Ward - 8,746,2858,1382,1476
3,27,8,Belkotgadhi Municipality,9,Ward - 9,647,2504,1195,1309
3,27,8,Belkotgadhi Municipality,10,Ward - 10,715,2821,1375,1446
3,27,8,Belkotgadhi Municipality,11,Ward - 11,701,2407,1105,1302
3,27,8,Belkotgadhi Municipality,12,Ward - 12,544,1990,946,1044
3,27,8,Belkotgadhi Municipality,13,Ward - 13,751,2718,1342,1376
3,27,9,Likhu Gaunpalika,1,Ward - 1,936,3523,1714,1809
3,27,9,Likhu Gaunpalika,2,Ward - 2,536,2199,1042,1157
3,27,9,Likhu Gaunpalika,3,Ward - 3,817,3282,1571,1711
3,27,9,Likhu Gaunpalika,4,Ward - 4,975,3775,1798,1977
3,27,9,Likhu Gaunpalika,5,Ward - 5,500,1955,960,995
3,27,9,Likhu Gaunpalika,6,Ward - 6,818,2994,1502,1492
3,27,10,Panchakanya Gaunpalika,1,Ward - 1,538,2045,974,1071
3,27,10,Panchakanya Gaunpalika,2,Ward - 2,996,3777,1866,1911
3,27,10,Panchakanya Gaunpalika,3,Ward - 3,574,2178,1079,1099
3,27,10,Panchakanya Gaunpalika,4,Ward - 4,793,3094,1500,1594
3,27,10,Panchakanya Gaunpalika,5,Ward - 5,699,2724,1328,1396
3,27,11,Shivapuri Gaunpalika,1,Ward - 1,626,2187,1064,1123
3,27,11,Shivapuri Gaunpalika,2,Ward - 2,481,1736,818,918
3,27,11,Shivapuri Gaunpalika,3,Ward - 3,545,1860,825,1035
3,27,11,Shivapuri Gaunpalika,4,Ward - 4,357,1145,562,583
3,27,11,Shivapuri Gaunpalika,5,Ward - 5,872,3028,1436,1592
3,27,11,Shivapuri Gaunpalika,6,Ward - 6,795,2695,1286,1409
3,27,11,Shivapuri Gaunpalika,7,Ward - 7,597,2103,1061,1042
3,27,11,Shivapuri Gaunpalika,8,Ward - 8,652,2449,1170,1279
3,27,12,Kakani Gaunpalika,1,Ward - 1,861,3555,1770,1785
3,27,12,Kakani Gaunpalika,2,Ward - 2,1154,4649,2305,2344
3,27,12,Kakani Gaunpalika,3,Ward - 3,939,3575,1755,1820
3,27,12,Kakani Gaunpalika,4,Ward - 4,897,3660,1792,1868
3,27,12,Kakani Gaunpalika,5,Ward - 5,740,2861,1425,1436
3,27,12,Kakani Gaunpalika,6,Ward - 6,566,2072,995,1077
3,27,12,Kakani Gaunpalika,7,Ward - 7,684,2572,1276,1296
3,27,12,Kakani Gaunpalika,8,Ward - 8,471,1560,769,791
3,28,1,Shankharapur Municipality,1,Ward - 1,867,3543,1751,1792
3,28,1,Shankharapur Municipality,2,Ward - 2,426,1689,817,872
3,28,1,Shankharapur Municipality,3,Ward - 3,589,2359,1145,1214
3,28,1,Shankharapur Municipality,4,Ward - 4,523,2111,1035,1076
3,28,1,Shankharapur Municipality,5,Ward - 5,876,3546,1710,1836
3,28,1,Shankharapur Municipality,6,Ward - 6,1174,4713,2358,2355
3,28,1,Shankharapur Municipality,7,Ward - 7,1052,4558,2264,2294
3,28,1,Shankharapur Municipality,8,Ward - 8,593,2463,1190,1273
3,28,1,Shankharapur Municipality,9,Ward - 9,1040,4336,2163,2173
3,28,2,Kageshwori Manahara Municipality,1,Ward - 1,1656,6795,3408,3387
3,28,2,Kageshwori Manahara Municipality,2,Ward - 2,787,3440,1708,1732
3,28,2,Kageshwori Manahara Municipality,3,Ward - 3,753,3196,1619,1577
3,28,2,Kageshwori Manahara Municipality,4,Ward - 4,2329,9501,4764,4737
3,28,2,Kageshwori Manahara Municipality,5,Ward - 5,3255,12847,6386,6461
3,28,2,Kageshwori Manahara Municipality,6,Ward - 6,6538,25345,12432,12913
3,28,2,Kageshwori Manahara Municipality,7,Ward - 7,5452,21500,10737,10763
3,28,2,Kageshwori Manahara Municipality,8,Ward - 8,4386,16664,8376,8288
3,28,2,Kageshwori Manahara Municipality,9,Ward - 9,8608,31145,15601,15544
3,28,3,Gokarneshwor Municipality,1,Ward - 1,2042,7872,3867,4005
3,28,3,Gokarneshwor Municipality,2,Ward - 2,1687,6809,3309,3500
3,28,3,Gokarneshwor Municipality,3,Ward - 3,2850,11542,5816,5726
3,28,3,Gokarneshwor Municipality,4,Ward - 4,4749,18432,9010,9422
3,28,3,Gokarneshwor Municipality,5,Ward - 5,6690,25112,12454,12658
3,28,3,Gokarneshwor Municipality,6,Ward - 6,7869,28679,13952,14727
3,28,3,Gokarneshwor Municipality,7,Ward - 7,2607,9631,4773,4858
3,28,3,Gokarneshwor Municipality,8,Ward - 8,8790,32071,15541,16530
3,28,3,Gokarneshwor Municipality,9,Ward - 9,2487,9218,4513,4705
3,28,4,Budhanilkhantha Municipality,1,Ward - 1,2130,8078,3971,4107
3,28,4,Budhanilkhantha Municipality,2,Ward - 2,2877,11402,5596,5806
3,28,4,Budhanilkhantha Municipality,3,Ward - 3,2090,8004,3955,4049
3,28,4,Budhanilkhantha Municipality,4,Ward - 4,2431,9497,4614,4883
3,28,4,Budhanilkhantha Municipality,5,Ward - 5,1985,7432,3641,3791
3,28,4,Budhanilkhantha Municipality,6,Ward - 6,3135,11803,5875,5928
3,28,4,Budhanilkhantha Municipality,7,Ward - 7,1696,6435,3165,3270
3,28,4,Budhanilkhantha Municipality,8,Ward - 8,5037,19018,9432,9586
3,28,4,Budhanilkhantha Municipality,9,Ward - 9,2593,9950,4880,5070
3,28,4,Budhanilkhantha Municipality,10,Ward - 10,9353,33623,16507,17116
3,28,4,Budhanilkhantha Municipality,11,Ward - 11,5914,22642,11164,11478
3,28,4,Budhanilkhantha Municipality,12,Ward - 12,5211,19425,9463,9962
3,28,4,Budhanilkhantha Municipality,13,Ward - 13,2478,10248,5074,5174
3,28,5,Tokha Municipality,1,Ward - 1,1508,6178,3095,3083
3,28,5,Tokha Municipality,2,Ward - 2,1616,6698,3393,3305
3,28,5,Tokha Municipality,3,Ward - 3,7137,26660,13238,13422
3,28,5,Tokha Municipality,4,Ward - 4,2121,7532,3787,3745
3,28,5,Tokha Municipality,5,Ward - 5,2171,7927,3909,4018
3,28,5,Tokha Municipality,6,Ward - 6,3098,11207,5521,5686
3,28,5,Tokha Municipality,7,Ward - 7,3107,11134,5567,5567
3,28,5,Tokha Municipality,8,Ward - 8,5504,19334,9635,9699
3,28,5,Tokha Municipality,9,Ward - 9,3969,13760,6948,6812
3,28,5,Tokha Municipality,10,Ward - 10,3160,11003,5378,5625
3,28,5,Tokha Municipality,11,Ward - 11,3634,12322,6061,6261
3,28,6,Tarakeshwor Municipality,1,Ward - 1,1672,6772,3422,3350
3,28,6,Tarakeshwor Municipality,2,Ward - 2,3352,13154,6487,6667
3,28,6,Tarakeshwor Municipality,3,Ward - 3,1627,6946,3563,3383
3,28,6,Tarakeshwor Municipality,4,Ward - 4,5457,18324,9093,9231
3,28,6,Tarakeshwor Municipality,5,Ward - 5,4555,17732,8889,8843
3,28,6,Tarakeshwor Municipality,6,Ward - 6,3330,13628,6732,6896
3,28,6,Tarakeshwor Municipality,7,Ward - 7,3335,12821,6306,6515
3,28,6,Tarakeshwor Municipality,8,Ward - 8,5023,17573,8685,8888
3,28,6,Tarakeshwor Municipality,9,Ward - 9,4877,16995,8536,8459
3,28,6,Tarakeshwor Municipality,10,Ward - 10,4300,14332,7103,7229
3,28,6,Tarakeshwor Municipality,11,Ward - 11,3834,13202,6465,6737
3,28,7,Nagarjun Municipality,1,Ward - 1,4002,14687,7365,7322
3,28,7,Nagarjun Municipality,2,Ward - 2,4988,17901,8828,9073
3,28,7,Nagarjun Municipality,3,Ward - 3,3491,12632,6158,6474
3,28,7,Nagarjun Municipality,4,Ward - 4,4843,17619,8816,8803
3,28,7,Nagarjun Municipality,5,Ward - 5,2694,9915,4865,5050
3,28,7,Nagarjun Municipality,6,Ward - 6,3927,15115,7649,7466
3,28,7,Nagarjun Municipality,7,Ward - 7,1451,6125,3031,3094
3,28,7,Nagarjun Municipality,8,Ward - 8,845,3548,1803,1745
3,28,7,Nagarjun Municipality,9,Ward - 9,1967,6903,3511,3392
3,28,7,Nagarjun Municipality,10,Ward - 10,3093,10992,5570,5422
3,28,8,Kathmandu Metropolitian City,1,Ward - 1,1621,6225,3188,3037
3,28,8,Kathmandu Metropolitian City,2,Ward - 2,3247,11542,5748,5794
3,28,8,Kathmandu Metropolitian City,3,Ward - 3,9545,33805,16742,17063
3,28,8,Kathmandu Metropolitian City,4,Ward - 4,11952,43311,21240,22071
3,28,8,Kathmandu Metropolitian City,5,Ward - 5,4977,17698,8924,8774
3,28,8,Kathmandu Metropolitian City,6,Ward - 6,15949,59247,28938,30309
3,28,8,Kathmandu Metropolitian City,7,Ward - 7,11934,42908,21433,21475
3,28,8,Kathmandu Metropolitian City,8,Ward - 8,2576,9738,4906,4832
3,28,8,Kathmandu Metropolitian City,9,Ward - 9,9571,34606,17619,16987
3,28,8,Kathmandu Metropolitian City,10,Ward - 10,9209,32349,16479,15870
3,28,8,Kathmandu Metropolitian City,11,Ward - 11,3897,14313,7396,6917
3,28,8,Kathmandu Metropolitian City,12,Ward - 12,2777,10956,5520,5436
3,28,8,Kathmandu Metropolitian City,13,Ward - 13,10113,38439,19763,18676
3,28,8,Kathmandu Metropolitian City,14,Ward - 14,12793,47412,24055,23357
3,28,8,Kathmandu Metropolitian City,15,Ward - 15,14081,52668,26323,26345
3,28,8,Kathmandu Metropolitian City,16,Ward - 16,24512,85849,43334,42515
3,28,8,Kathmandu Metropolitian City,17,Ward - 17,5833,22067,11326,10741
3,28,8,Kathmandu Metropolitian City,18,Ward - 18,2073,7871,4048,3823
3,28,8,Kathmandu Metropolitian City,19,Ward - 19,2198,7777,4237,3540
3,28,8,Kathmandu Metropolitian City,20,Ward - 20,2363,8516,4468,4048
3,28,8,Kathmandu Metropolitian City,21,Ward - 21,2903,11257,5863,5394
3,28,8,Kathmandu Metropolitian City,22,Ward - 22,1359,5526,3150,2376
3,28,8,Kathmandu Metropolitian City,23,Ward - 23,1592,6092,3105,2987
3,28,8,Kathmandu Metropolitian City,24,Ward - 24,1174,4529,2382,2147
3,28,8,Kathmandu Metropolitian City,25,Ward - 25,2335,8967,4744,4223
3,28,8,Kathmandu Metropolitian City,26,Ward - 26,10566,37599,18999,18600
3,28,8,Kathmandu Metropolitian City,27,Ward - 27,1388,5588,2778,2810
3,28,8,Kathmandu Metropolitian City,28,Ward - 28,2954,10772,5847,4925
3,28,8,Kathmandu Metropolitian City,29,Ward - 29,7310,24986,12950,12036
3,28,8,Kathmandu Metropolitian City,30,Ward - 30,6129,21637,11334,10303
3,28,8,Kathmandu Metropolitian City,31,Ward - 31,15697,54760,28055,26705
3,28,8,Kathmandu Metropolitian City,32,Ward - 32,24338,83390,43362,40028
3,28,9,Kirtipur Municipality,1,Ward - 1,1899,6379,3377,3002
3,28,9,Kirtipur Municipality,2,Ward - 2,2443,8025,4217,3808
3,28,9,Kirtipur Municipality,3,Ward - 3,1357,5249,2632,2617
3,28,9,Kirtipur Municipality,4,Ward - 4,2786,10950,5499,5451
3,28,9,Kirtipur Municipality,5,Ward - 5,3499,11760,6315,5445
3,28,9,Kirtipur Municipality,6,Ward - 6,2687,10882,5569,5313
3,28,9,Kirtipur Municipality,7,Ward - 7,2068,5691,3249,2442
3,28,9,Kirtipur Municipality,8,Ward - 8,1218,3752,2034,1718
3,28,9,Kirtipur Municipality,9,Ward - 9,2995,9108,4996,4112
3,28,9,Kirtipur Municipality,10,Ward - 10,3198,9782,5359,4423
3,28,10,Chandragiri Municipality,1,Ward - 1,1837,7320,3642,3678
3,28,10,Chandragiri Municipality,2,Ward - 2,1292,5295,2670,2625
3,28,10,Chandragiri Municipality,3,Ward - 3,2578,9827,4843,4984
3,28,10,Chandragiri Municipality,4,Ward - 4,1491,6294,3045,3249
3,28,10,Chandragiri Municipality,5,Ward - 5,3068,11407,5691,5716
3,28,10,Chandragiri Municipality,6,Ward - 6,2489,9458,4649,4809
3,28,10,Chandragiri Municipality,7,Ward - 7,2350,8582,4211,4371
3,28,10,Chandragiri Municipality,8,Ward - 8,2238,8716,4345,4371
3,28,10,Chandragiri Municipality,9,Ward - 9,1457,6069,3019,3050
3,28,10,Chandragiri Municipality,10,Ward - 10,2974,10640,5388,5252
3,28,10,Chandragiri Municipality,11,Ward - 11,2222,8100,4129,3971
3,28,10,Chandragiri Municipality,12,Ward - 12,3397,12977,6481,6496
3,28,10,Chandragiri Municipality,13,Ward - 13,1963,7735,3907,3828
3,28,10,Chandragiri Municipality,14,Ward - 14,3092,11661,5852,5809
3,28,10,Chandragiri Municipality,15,Ward - 15,3546,12779,6431,6348
3,28,11,Dakshinkali Municipality,1,Ward - 1,1085,4507,2238,2269
3,28,11,Dakshinkali Municipality,2,Ward - 2,497,1803,901,902
3,28,11,Dakshinkali Municipality,3,Ward - 3,510,2101,1054,1047
3,28,11,Dakshinkali Municipality,4,Ward - 4,392,1565,753,812
3,28,11,Dakshinkali Municipality,5,Ward - 5,963,3889,1902,1987
3,28,11,Dakshinkali Municipality,6,Ward - 6,900,3681,1829,1852
3,28,11,Dakshinkali Municipality,7,Ward - 7,387,1573,760,813
3,28,11,Dakshinkali Municipality,8,Ward - 8,1082,4323,2104,2219
3,28,11,Dakshinkali Municipality,9,Ward - 9,673,2930,1414,1516
3,29,1,Changunarayan Municipality,1,Ward - 1,2960,11658,5818,5840
3,29,1,Changunarayan Municipality,2,Ward - 2,4527,18106,9065,9041
3,29,1,Changunarayan Municipality,3,Ward - 3,1881,8015,3998,4017
3,29,1,Changunarayan Municipality,4,Ward - 4,2014,8348,4132,4216
3,29,1,Changunarayan Municipality,5,Ward - 5,2225,9254,4559,4695
3,29,1,Changunarayan Municipality,6,Ward - 6,1258,5081,2464,2617
3,29,1,Changunarayan Municipality,7,Ward - 7,1954,7801,3865,3936
3,29,1,Changunarayan Municipality,8,Ward - 8,2176,9181,4500,4681
3,29,1,Changunarayan Municipality,9,Ward - 9,2593,10639,5273,5366
3,29,2,Bhaktapur Municipality,1,Ward - 1,2905,11237,5742,5495
3,29,2,Bhaktapur Municipality,2,Ward - 2,2180,9280,4685,4595
3,29,2,Bhaktapur Municipality,3,Ward - 3,1052,4387,2150,2237
3,29,2,Bhaktapur Municipality,4,Ward - 4,1382,5945,2952,2993
3,29,2,Bhaktapur Municipality,5,Ward - 5,1058,4597,2254,2343
3,29,2,Bhaktapur Municipality,6,Ward - 6,1412,5837,2969,2868
3,29,2,Bhaktapur Municipality,7,Ward - 7,1337,5844,2869,2975
3,29,2,Bhaktapur Municipality,8,Ward - 8,2352,9718,4953,4765
3,29,2,Bhaktapur Municipality,9,Ward - 9,2115,8892,4432,4460
3,29,2,Bhaktapur Municipality,10,Ward - 10,3194,13399,6749,6650
3,29,3,Madhyapur Thimi Municipality,1,Ward - 1,6352,22459,11632,10827
3,29,3,Madhyapur Thimi Municipality,2,Ward - 2,3639,12863,6634,6229
3,29,3,Madhyapur Thimi Municipality,3,Ward - 3,6664,23929,12122,11807
3,29,3,Madhyapur Thimi Municipality,4,Ward - 4,2388,9519,4799,4720
3,29,3,Madhyapur Thimi Municipality,5,Ward - 5,1966,8138,4045,4093
3,29,3,Madhyapur Thimi Municipality,6,Ward - 6,1964,8110,4058,4052
3,29,3,Madhyapur Thimi Municipality,7,Ward - 7,2581,10141,5139,5002
3,29,3,Madhyapur Thimi Municipality,8,Ward - 8,2805,10811,5410,5401
3,29,3,Madhyapur Thimi Municipality,9,Ward - 9,3607,13786,6907,6879
3,29,4,Suryabinayak Municipality,1,Ward - 1,2595,10629,5292,5337
3,29,4,Suryabinayak Municipality,2,Ward - 2,4762,17574,9007,8567
3,29,4,Suryabinayak Municipality,3,Ward - 3,3439,13010,6608,6402
3,29,4,Suryabinayak Municipality,4,Ward - 4,5231,20456,10244,10212
3,29,4,Suryabinayak Municipality,5,Ward - 5,4955,19385,9589,9796
3,29,4,Suryabinayak Municipality,6,Ward - 6,3894,14829,7215,7614
3,29,4,Suryabinayak Municipality,7,Ward - 7,1739,7141,3529,3612
3,29,4,Suryabinayak Municipality,8,Ward - 8,5813,22951,11408,11543
3,29,4,Suryabinayak Municipality,9,Ward - 9,1623,6709,3347,3362
3,29,4,Suryabinayak Municipality,10,Ward - 10,1814,7401,3676,3725
3,30,1,Mahalaxmi Municipality,1,Ward - 1,3736,14167,7159,7008
3,30,1,Mahalaxmi Municipality,2,Ward - 2,2904,9974,5333,4641
3,30,1,Mahalaxmi Municipality,3,Ward - 3,2997,10804,5712,5092
3,30,1,Mahalaxmi Municipality,4,Ward - 4,6981,26544,13482,13062
3,30,1,Mahalaxmi Municipality,5,Ward - 5,5111,19282,9906,9376
3,30,1,Mahalaxmi Municipality,6,Ward - 6,2009,8194,4017,4177
3,30,1,Mahalaxmi Municipality,7,Ward - 7,1893,7506,3733,3773
3,30,1,Mahalaxmi Municipality,8,Ward - 8,3851,15932,7794,8138
3,30,1,Mahalaxmi Municipality,9,Ward - 9,2358,9770,4798,4972
3,30,1,Mahalaxmi Municipality,10,Ward - 10,266,943,465,478
3,30,2,Lalitpur Metropolitian City,1,Ward - 1,2046,7265,3839,3426
3,30,2,Lalitpur Metropolitian City,2,Ward - 2,4094,15743,8115,7628
3,30,2,Lalitpur Metropolitian City,3,Ward - 3,3098,11376,5669,5707
3,30,2,Lalitpur Metropolitian City,4,Ward - 4,4912,18188,8855,9333
3,30,2,Lalitpur Metropolitian City,5,Ward - 5,983,3971,1901,2070
3,30,2,Lalitpur Metropolitian City,6,Ward - 6,1297,5270,2756,2514
3,30,2,Lalitpur Metropolitian City,7,Ward - 7,1329,5347,2671,2676
3,30,2,Lalitpur Metropolitian City,8,Ward - 8,2606,9926,5042,4884
3,30,2,Lalitpur Metropolitian City,9,Ward - 9,3468,12972,6542,6430
3,30,2,Lalitpur Metropolitian City,10,Ward - 10,1613,5758,2990,2768
3,30,2,Lalitpur Metropolitian City,11,Ward - 11,2491,9496,4951,4545
3,30,2,Lalitpur Metropolitian City,12,Ward - 12,1522,6554,3244,3310
3,30,2,Lalitpur Metropolitian City,13,Ward - 13,3956,14235,7001,7234
3,30,2,Lalitpur Metropolitian City,14,Ward - 14,6149,22841,11209,11632
3,30,2,Lalitpur Metropolitian City,15,Ward - 15,4414,16454,8199,8255
3,30,2,Lalitpur Metropolitian City,16,Ward - 16,1876,7766,3791,3975
3,30,2,Lalitpur Metropolitian City,17,Ward - 17,2893,10954,5507,5447
3,30,2,Lalitpur Metropolitian City,18,Ward - 18,3567,13746,6778,6968
3,30,2,Lalitpur Metropolitian City,19,Ward - 19,1367,5453,2702,2751
3,30,2,Lalitpur Metropolitian City,20,Ward - 20,2470,9239,4637,4602
3,30,2,Lalitpur Metropolitian City,21,Ward - 21,1235,5274,2646,2628
3,30,2,Lalitpur Metropolitian City,22,Ward - 22,1940,7894,3891,4003
3,30,2,Lalitpur Metropolitian City,23,Ward - 23,3205,11928,5983,5945
3,30,2,Lalitpur Metropolitian City,24,Ward - 24,2252,9104,4498,4606
3,30,2,Lalitpur Metropolitian City,25,Ward - 25,4346,16461,8000,8461
3,30,2,Lalitpur Metropolitian City,26,Ward - 26,2057,7909,3882,4027
3,30,2,Lalitpur Metropolitian City,27,Ward - 27,1609,6290,3101,3189
3,30,2,Lalitpur Metropolitian City,28,Ward - 28,2869,10778,5446,5332
3,30,2,Lalitpur Metropolitian City,29,Ward - 29,1495,5906,2884,3022
3,30,3,Godawari Municipality,1,Ward - 1,1569,6369,3154,3215
3,30,3,Godawari Municipality,2,Ward - 2,1241,4954,2383,2571
3,30,3,Godawari Municipality,3,Ward - 3,2618,10057,4908,5149
3,30,3,Godawari Municipality,4,Ward - 4,1006,4307,2183,2124
3,30,3,Godawari Municipality,5,Ward - 5,1238,5238,2542,2696
3,30,3,Godawari Municipality,6,Ward - 6,1070,4477,2269,2208
3,30,3,Godawari Municipality,7,Ward - 7,719,2881,1410,1471
3,30,3,Godawari Municipality,8,Ward - 8,663,2968,1475,1493
3,30,3,Godawari Municipality,9,Ward - 9,1474,6007,2971,3036
3,30,3,Godawari Municipality,10,Ward - 10,1751,7379,3643,3736
3,30,3,Godawari Municipality,11,Ward - 11,2902,12010,5828,6182
3,30,3,Godawari Municipality,12,Ward - 12,3000,11928,5851,6077
3,30,3,Godawari Municipality,13,Ward - 13,1601,6718,3387,3331
3,30,3,Godawari Municipality,14,Ward - 14,3193,12340,6136,6204
3,30,4,Konjyosom Gaunpalika,1,Ward - 1,436,1942,946,996
3,30,4,Konjyosom Gaunpalika,2,Ward - 2,434,1801,882,919
3,30,4,Konjyosom Gaunpalika,3,Ward - 3,281,1075,530,545
3,30,4,Konjyosom Gaunpalika,4,Ward - 4,508,2134,1071,1063
3,30,4,Konjyosom Gaunpalika,5,Ward - 5,483,2037,969,1068
3,30,5,Mahankal Gaunpalika,1,Ward - 1,295,1327,670,657
3,30,5,Mahankal Gaunpalika,2,Ward - 2,402,1772,883,889
3,30,5,Mahankal Gaunpalika,3,Ward - 3,440,1779,865,914
3,30,5,Mahankal Gaunpalika,4,Ward - 4,269,1022,537,485
3,30,5,Mahankal Gaunpalika,5,Ward - 5,212,825,413,412
3,30,5,Mahankal Gaunpalika,6,Ward - 6,321,1397,704,693
3,30,6,Bagmati Gaunpalika,1,Ward - 1,340,1402,727,675
3,30,6,Bagmati Gaunpalika,2,Ward - 2,399,1647,839,808
3,30,6,Bagmati Gaunpalika,3,Ward - 3,387,1572,789,783
3,30,6,Bagmati Gaunpalika,4,Ward - 4,480,2137,1051,1086
3,30,6,Bagmati Gaunpalika,5,Ward - 5,353,1443,714,729
3,30,6,Bagmati Gaunpalika,6,Ward - 6,287,1197,603,594
3,30,6,Bagmati Gaunpalika,7,Ward - 7,493,1955,977,978
3,31,1,Chauri Deurali Gaunpalika,1,Ward - 1,296,948,487,461
3,31,1,Chauri Deurali Gaunpalika,2,Ward - 2,486,1713,815,898
3,31,1,Chauri Deurali Gaunpalika,3,Ward - 3,557,1593,711,882
3,31,1,Chauri Deurali Gaunpalika,4,Ward - 4,381,1269,605,664
3,31,1,Chauri Deurali Gaunpalika,5,Ward - 5,564,1929,874,1055
3,31,1,Chauri Deurali Gaunpalika,6,Ward - 6,616,2306,1119,1187
3,31,1,Chauri Deurali Gaunpalika,7,Ward - 7,447,1477,686,791
3,31,1,Chauri Deurali Gaunpalika,8,Ward - 8,496,1784,868,916
3,31,1,Chauri Deurali Gaunpalika,9,Ward - 9,313,1057,496,561
3,31,2,Bhumlu Gaunpalika,1,Ward - 1,771,2560,1218,1342
3,31,2,Bhumlu Gaunpalika,2,Ward - 2,391,1453,724,729
3,31,2,Bhumlu Gaunpalika,3,Ward - 3,246,805,384,421
3,31,2,Bhumlu Gaunpalika,4,Ward - 4,478,1579,774,805
3,31,2,Bhumlu Gaunpalika,5,Ward - 5,433,1262,600,662
3,31,2,Bhumlu Gaunpalika,6,Ward - 6,355,1195,547,648
3,31,2,Bhumlu Gaunpalika,7,Ward - 7,296,1146,563,583
3,31,2,Bhumlu Gaunpalika,8,Ward - 8,521,1941,949,992
3,31,2,Bhumlu Gaunpalika,9,Ward - 9,533,1924,923,1001
3,31,2,Bhumlu Gaunpalika,10,Ward - 10,494,1813,914,899
3,31,3,Mandan Deupur Municipality,1,Ward - 1,741,2746,1338,1408
3,31,3,Mandan Deupur Municipality,2,Ward - 2,649,2692,1332,1360
3,31,3,Mandan Deupur Municipality,3,Ward - 3,518,2019,963,1056
3,31,3,Mandan Deupur Municipality,4,Ward - 4,516,2132,1056,1076
3,31,3,Mandan Deupur Municipality,5,Ward - 5,536,1886,915,971
3,31,3,Mandan Deupur Municipality,6,Ward - 6,832,3337,1650,1687
3,31,3,Mandan Deupur Municipality,7,Ward - 7,787,3073,1524,1549
3,31,3,Mandan Deupur Municipality,8,Ward - 8,692,2715,1348,1367
3,31,3,Mandan Deupur Municipality,9,Ward - 9,647,2352,1144,1208
3,31,3,Mandan Deupur Municipality,10,Ward - 10,770,2702,1321,1381
3,31,3,Mandan Deupur Municipality,11,Ward - 11,695,2824,1339,1485
3,31,3,Mandan Deupur Municipality,12,Ward - 12,541,1903,923,980
3,31,4,Banepa Municipality,1,Ward - 1,627,2529,1220,1309
3,31,4,Banepa Municipality,2,Ward - 2,548,2294,1082,1212
3,31,4,Banepa Municipality,3,Ward - 3,793,3378,1671,1707
3,31,4,Banepa Municipality,4,Ward - 4,1134,4544,2231,2313
3,31,4,Banepa Municipality,5,Ward - 5,1828,7444,3667,3777
3,31,4,Banepa Municipality,6,Ward - 6,1826,7154,3539,3615
3,31,4,Banepa Municipality,7,Ward - 7,1809,7755,3809,3946
3,31,4,Banepa Municipality,8,Ward - 8,1674,6881,3365,3516
3,31,4,Banepa Municipality,9,Ward - 9,1448,6057,2965,3092
3,31,4,Banepa Municipality,10,Ward - 10,1997,7515,3796,3719
3,31,4,Banepa Municipality,11,Ward - 11,553,2268,1113,1155
3,31,4,Banepa Municipality,12,Ward - 12,677,2818,1354,1464
3,31,4,Banepa Municipality,13,Ward - 13,1103,4285,2042,2243
3,31,4,Banepa Municipality,14,Ward - 14,681,2768,1318,1450
3,31,5,Dhulikhel Municipality,1,Ward - 1,517,1982,918,1064
3,31,5,Dhulikhel Municipality,2,Ward - 2,597,2335,1113,1222
3,31,5,Dhulikhel Municipality,3,Ward - 3,568,2336,1157,1179
3,31,5,Dhulikhel Municipality,4,Ward - 4,1620,5839,2981,2858
3,31,5,Dhulikhel Municipality,5,Ward - 5,757,2997,1463,1534
3,31,5,Dhulikhel Municipality,6,Ward - 6,519,2125,1048,1077
3,31,5,Dhulikhel Municipality,7,Ward - 7,664,2889,1405,1484
3,31,5,Dhulikhel Municipality,8,Ward - 8,753,3123,1541,1582
3,31,5,Dhulikhel Municipality,9,Ward - 9,746,2898,1399,1499
3,31,5,Dhulikhel Municipality,10,Ward - 10,348,1419,684,735
3,31,5,Dhulikhel Municipality,11,Ward - 11,883,3407,1631,1776
3,31,5,Dhulikhel Municipality,12,Ward - 12,598,2376,1122,1254
3,31,6,Panchkhal Municipality,1,Ward - 1,754,2799,1365,1434
3,31,6,Panchkhal Municipality,2,Ward - 2,884,3704,1815,1889
3,31,6,Panchkhal Municipality,3,Ward - 3,601,2263,1108,1155
3,31,6,Panchkhal Municipality,4,Ward - 4,839,3522,1721,1801
3,31,6,Panchkhal Municipality,5,Ward - 5,556,2303,1152,1151
3,31,6,Panchkhal Municipality,6,Ward - 6,1001,3901,1886,2015
3,31,6,Panchkhal Municipality,7,Ward - 7,509,2108,1051,1057
3,31,6,Panchkhal Municipality,8,Ward - 8,533,1913,904,1009
3,31,6,Panchkhal Municipality,9,Ward - 9,594,2196,1074,1122
3,31,6,Panchkhal Municipality,10,Ward - 10,425,1657,821,836
3,31,6,Panchkhal Municipality,11,Ward - 11,516,1769,831,938
3,31,6,Panchkhal Municipality,12,Ward - 12,1497,6057,2851,3206
3,31,6,Panchkhal Municipality,13,Ward - 13,424,1329,633,696
3,31,7,Temal Gaunpalika,1,Ward - 1,543,2035,1027,1008
3,31,7,Temal Gaunpalika,2,Ward - 2,527,1869,885,984
3,31,7,Temal Gaunpalika,3,Ward - 3,260,914,433,481
3,31,7,Temal Gaunpalika,4,Ward - 4,479,1684,819,865
3,31,7,Temal Gaunpalika,5,Ward - 5,669,2247,1111,1136
3,31,7,Temal Gaunpalika,6,Ward - 6,589,1904,919,985
3,31,7,Temal Gaunpalika,7,Ward - 7,543,1756,863,893
3,31,7,Temal Gaunpalika,8,Ward - 8,723,2665,1286,1379
3,31,7,Temal Gaunpalika,9,Ward - 9,536,1883,877,1006
3,31,8,Namobuddha Municipality,1,Ward - 1,436,1611,776,835
3,31,8,Namobuddha Municipality,2,Ward - 2,1006,3839,1834,2005
3,31,8,Namobuddha Municipality,3,Ward - 3,571,2133,996,1137
3,31,8,Namobuddha Municipality,4,Ward - 4,621,2463,1198,1265
3,31,8,Namobuddha Municipality,5,Ward - 5,915,3305,1638,1667
3,31,8,Namobuddha Municipality,6,Ward - 6,360,1319,621,698
3,31,8,Namobuddha Municipality,7,Ward - 7,1008,3663,1786,1877
3,31,8,Namobuddha Municipality,8,Ward - 8,557,1913,867,1046
3,31,8,Namobuddha Municipality,9,Ward - 9,530,1684,760,924
3,31,8,Namobuddha Municipality,10,Ward - 10,484,1830,899,931
3,31,8,Namobuddha Municipality,11,Ward - 11,660,2400,1121,1279
3,31,9,Panauti Municipality,1,Ward - 1,1034,4214,2009,2205
3,31,9,Panauti Municipality,2,Ward - 2,751,3074,1480,1594
3,31,9,Panauti Municipality,3,Ward - 3,933,3867,1878,1989
3,31,9,Panauti Municipality,4,Ward - 4,1954,7785,3852,3933
3,31,9,Panauti Municipality,5,Ward - 5,1483,6004,2933,3071
3,31,9,Panauti Municipality,6,Ward - 6,859,3547,1807,1740
3,31,9,Panauti Municipality,7,Ward - 7,1100,4665,2298,2367
3,31,9,Panauti Municipality,8,Ward - 8,972,3709,1764,1945
3,31,9,Panauti Municipality,9,Ward - 9,1113,4569,2156,2413
3,31,9,Panauti Municipality,10,Ward - 10,1093,4286,2055,2231
3,31,9,Panauti Municipality,11,Ward - 11,717,2535,1207,1328
3,31,9,Panauti Municipality,12,Ward - 12,797,3249,1576,1673
3,31,10,Bethanchowk Gaunpalika,1,Ward - 1,279,1279,655,624
3,31,10,Bethanchowk Gaunpalika,2,Ward - 2,703,2896,1383,1513
3,31,10,Bethanchowk Gaunpalika,3,Ward - 3,521,2150,1033,1117
3,31,10,Bethanchowk Gaunpalika,4,Ward - 4,914,3481,1661,1820
3,31,10,Bethanchowk Gaunpalika,5,Ward - 5,651,2267,1081,1186
3,31,10,Bethanchowk Gaunpalika,6,Ward - 6,793,2886,1337,1549
3,31,11,Roshi Gaunpalika,1,Ward - 1,513,1814,887,927
3,31,11,Roshi Gaunpalika,2,Ward - 2,386,1391,689,702
3,31,11,Roshi Gaunpalika,3,Ward - 3,526,1840,862,978
3,31,11,Roshi Gaunpalika,4,Ward - 4,397,1527,741,786
3,31,11,Roshi Gaunpalika,5,Ward - 5,357,1628,783,845
3,31,11,Roshi Gaunpalika,6,Ward - 6,583,2317,1138,1179
3,31,11,Roshi Gaunpalika,7,Ward - 7,541,2154,1047,1107
3,31,11,Roshi Gaunpalika,8,Ward - 8,316,1146,556,590
3,31,11,Roshi Gaunpalika,9,Ward - 9,832,3132,1526,1606
3,31,11,Roshi Gaunpalika,10,Ward - 10,510,2205,1069,1136
3,31,11,Roshi Gaunpalika,11,Ward - 11,701,2892,1386,1506
3,31,11,Roshi Gaunpalika,12,Ward - 12,413,1744,802,942
3,31,12,Mahabharat Gaunpalika,1,Ward - 1,432,2193,1074,1119
3,31,12,Mahabharat Gaunpalika,2,Ward - 2,372,1872,932,940
3,31,12,Mahabharat Gaunpalika,3,Ward - 3,410,1984,987,997
3,31,12,Mahabharat Gaunpalika,4,Ward - 4,315,1626,809,817
3,31,12,Mahabharat Gaunpalika,5,Ward - 5,379,1915,928,987
3,31,12,Mahabharat Gaunpalika,6,Ward - 6,404,2029,1001,1028
3,31,12,Mahabharat Gaunpalika,7,Ward - 7,366,1959,937,1022
3,31,12,Mahabharat Gaunpalika,8,Ward - 8,496,2501,1212,1289
3,31,13,Khanikhola Gaunpalika,1,Ward - 1,304,1725,872,853
3,31,13,Khanikhola Gaunpalika,2,Ward - 2,350,1938,994,944
3,31,13,Khanikhola Gaunpalika,3,Ward - 3,261,1533,745,788
3,31,13,Khanikhola Gaunpalika,4,Ward - 4,220,1005,469,536
3,31,13,Khanikhola Gaunpalika,5,Ward - 5,332,1477,725,752
3,31,13,Khanikhola Gaunpalika,6,Ward - 6,436,2170,1065,1105
3,31,13,Khanikhola Gaunpalika,7,Ward - 7,495,2353,1179,1174
3,32,1,Umakunda Gaunpalika,1,Ward - 1,532,2763,1401,1362
3,32,1,Umakunda Gaunpalika,2,Ward - 2,865,3194,1551,1643
3,32,1,Umakunda Gaunpalika,3,Ward - 3,609,2263,1101,1162
3,32,1,Umakunda Gaunpalika,4,Ward - 4,697,2781,1356,1425
3,32,1,Umakunda Gaunpalika,5,Ward - 5,534,2058,1015,1043
3,32,1,Umakunda Gaunpalika,6,Ward - 6,350,1403,700,703
3,32,1,Umakunda Gaunpalika,7,Ward - 7,526,2128,1039,1089
3,32,2,Gokulganga Gaunpalika,1,Ward - 1,595,2327,1143,1184
3,32,2,Gokulganga Gaunpalika,2,Ward - 2,615,2278,1096,1182
3,32,2,Gokulganga Gaunpalika,3,Ward - 3,1001,3764,1883,1881
3,32,2,Gokulganga Gaunpalika,4,Ward - 4,993,3557,1665,1892
3,32,2,Gokulganga Gaunpalika,5,Ward - 5,924,3732,1751,1981
3,32,2,Gokulganga Gaunpalika,6,Ward - 6,555,2140,1015,1125
3,32,3,Likhu Tamakoshi Gaunpalika,1,Ward - 1,658,2509,1236,1273
3,32,3,Likhu Tamakoshi Gaunpalika,2,Ward - 2,665,2553,1237,1316
3,32,3,Likhu Tamakoshi Gaunpalika,3,Ward - 3,530,1884,900,984
3,32,3,Likhu Tamakoshi Gaunpalika,4,Ward - 4,647,2162,995,1167
3,32,3,Likhu Tamakoshi Gaunpalika,5,Ward - 5,893,2879,1287,1592
3,32,3,Likhu Tamakoshi Gaunpalika,6,Ward - 6,997,3357,1551,1806
3,32,3,Likhu Tamakoshi Gaunpalika,7,Ward - 7,906,2981,1291,1690
3,32,4,Ramechhap Municipality,1,Ward - 1,614,2754,1352,1402
3,32,4,Ramechhap Municipality,2,Ward - 2,755,3014,1422,1592
3,32,4,Ramechhap Municipality,3,Ward - 3,523,1943,916,1027
3,32,4,Ramechhap Municipality,4,Ward - 4,908,3399,1564,1835
3,32,4,Ramechhap Municipality,5,Ward - 5,892,3135,1465,1670
3,32,4,Ramechhap Municipality,6,Ward - 6,786,2801,1304,1497
3,32,4,Ramechhap Municipality,7,Ward - 7,832,3091,1450,1641
3,32,4,Ramechhap Municipality,8,Ward - 8,967,3538,1690,1848
3,32,4,Ramechhap Municipality,9,Ward - 9,350,1296,595,701
3,32,5,Manthali  Municipality,1,Ward - 1,2313,8779,4287,4492
3,32,5,Manthali  Municipality,2,Ward - 2,632,2154,962,1192
3,32,5,Manthali  Municipality,3,Ward - 3,547,1954,889,1065
3,32,5,Manthali  Municipality,4,Ward - 4,786,2825,1292,1533
3,32,5,Manthali  Municipality,5,Ward - 5,534,1861,873,988
3,32,5,Manthali  Municipality,6,Ward - 6,781,3021,1445,1576
3,32,5,Manthali  Municipality,7,Ward - 7,876,3382,1609,1773
3,32,5,Manthali  Municipality,8,Ward - 8,724,2551,1144,1407
3,32,5,Manthali  Municipality,9,Ward - 9,643,2233,990,1243
3,32,5,Manthali  Municipality,10,Ward - 10,505,1771,820,951
3,32,5,Manthali  Municipality,11,Ward - 11,687,2323,1025,1298
3,32,5,Manthali  Municipality,12,Ward - 12,593,2090,952,1138
3,32,5,Manthali  Municipality,13,Ward - 13,709,2564,1198,1366
3,32,5,Manthali  Municipality,14,Ward - 14,661,2187,994,1193
3,32,6,Khandadevi Gaunpalika,1,Ward - 1,706,2602,1225,1377
3,32,6,Khandadevi Gaunpalika,2,Ward - 2,452,1476,666,810
3,32,6,Khandadevi Gaunpalika,3,Ward - 3,718,2377,1091,1286
3,32,6,Khandadevi Gaunpalika,4,Ward - 4,718,3128,1503,1625
3,32,6,Khandadevi Gaunpalika,5,Ward - 5,549,1949,912,1037
3,32,6,Khandadevi Gaunpalika,6,Ward - 6,447,1601,743,858
3,32,6,Khandadevi Gaunpalika,7,Ward - 7,913,3003,1405,1598
3,32,6,Khandadevi Gaunpalika,8,Ward - 8,555,1722,795,927
3,32,6,Khandadevi Gaunpalika,9,Ward - 9,443,1454,655,799
3,32,7,Doramba Gaunpalika,1,Ward - 1,1154,3974,1879,2095
3,32,7,Doramba Gaunpalika,2,Ward - 2,791,2505,1168,1337
3,32,7,Doramba Gaunpalika,3,Ward - 3,485,1601,754,847
3,32,7,Doramba Gaunpalika,4,Ward - 4,791,2691,1228,1463
3,32,7,Doramba Gaunpalika,5,Ward - 5,580,1935,888,1047
3,32,7,Doramba Gaunpalika,6,Ward - 6,854,3638,1736,1902
3,32,7,Doramba Gaunpalika,7,Ward - 7,407,1342,635,707
3,32,8,Sunapati Gaunpalika,1,Ward - 1,749,2677,1269,1408
3,32,8,Sunapati Gaunpalika,2,Ward - 2,767,2369,1099,1270
3,32,8,Sunapati Gaunpalika,3,Ward - 3,761,2499,1195,1304
3,32,8,Sunapati Gaunpalika,4,Ward - 4,1131,3826,1813,2013
3,32,8,Sunapati Gaunpalika,5,Ward - 5,785,3287,1570,1717
3,33,1,Dudhouli Municipality,1,Ward - 1,1042,4356,2110,2246
3,33,1,Dudhouli Municipality,2,Ward - 2,915,4032,1922,2110
3,33,1,Dudhouli Municipality,3,Ward - 3,881,3742,1760,1982
3,33,1,Dudhouli Municipality,4,Ward - 4,1126,4620,2209,2411
3,33,1,Dudhouli Municipality,5,Ward - 5,978,4164,1954,2210
3,33,1,Dudhouli Municipality,6,Ward - 6,1244,5737,2812,2925
3,33,1,Dudhouli Municipality,7,Ward - 7,1063,4318,2009,2309
3,33,1,Dudhouli Municipality,8,Ward - 8,810,3463,1690,1773
3,33,1,Dudhouli Municipality,9,Ward - 9,1575,6681,3225,3456
3,33,1,Dudhouli Municipality,10,Ward - 10,1487,6425,3075,3350
3,33,1,Dudhouli Municipality,11,Ward - 11,1712,7500,3622,3878
3,33,1,Dudhouli Municipality,12,Ward - 12,986,4206,2048,2158
3,33,1,Dudhouli Municipality,13,Ward - 13,1171,5704,2812,2892
3,33,1,Dudhouli Municipality,14,Ward - 14,1120,5259,2604,2655
3,33,2,Phikkal Gaunpalika,1,Ward - 1,707,3715,1837,1878
3,33,2,Phikkal Gaunpalika,2,Ward - 2,477,2273,1100,1173
3,33,2,Phikkal Gaunpalika,3,Ward - 3,572,2554,1245,1309
3,33,2,Phikkal Gaunpalika,4,Ward - 4,600,2586,1281,1305
3,33,2,Phikkal Gaunpalika,5,Ward - 5,468,1995,968,1027
3,33,2,Phikkal Gaunpalika,6,Ward - 6,612,2787,1356,1431
3,33,3,Tinpatan Gaunpalika,1,Ward - 1,837,3468,1699,1769
3,33,3,Tinpatan Gaunpalika,2,Ward - 2,866,3531,1738,1793
3,33,3,Tinpatan Gaunpalika,3,Ward - 3,533,2196,1050,1146
3,33,3,Tinpatan Gaunpalika,4,Ward - 4,711,3114,1504,1610
3,33,3,Tinpatan Gaunpalika,5,Ward - 5,861,3578,1688,1890
3,33,3,Tinpatan Gaunpalika,6,Ward - 6,816,3953,1949,2004
3,33,3,Tinpatan Gaunpalika,7,Ward - 7,392,1790,884,906
3,33,3,Tinpatan Gaunpalika,8,Ward - 8,619,3100,1576,1524
3,33,3,Tinpatan Gaunpalika,9,Ward - 9,810,3732,1852,1880
3,33,3,Tinpatan Gaunpalika,10,Ward - 10,543,2479,1218,1261
3,33,3,Tinpatan Gaunpalika,11,Ward - 11,930,3948,1944,2004
3,33,4,Golanjor Gaunpalika,1,Ward - 1,618,2608,1304,1304
3,33,4,Golanjor Gaunpalika,2,Ward - 2,424,1808,872,936
3,33,4,Golanjor Gaunpalika,3,Ward - 3,567,2522,1242,1280
3,33,4,Golanjor Gaunpalika,4,Ward - 4,908,3670,1819,1851
3,33,4,Golanjor Gaunpalika,5,Ward - 5,598,2379,1139,1240
3,33,4,Golanjor Gaunpalika,6,Ward - 6,718,2994,1446,1548
3,33,4,Golanjor Gaunpalika,7,Ward - 7,694,2756,1407,1349
3,33,5,Kamalamai Municipality,1,Ward - 1,1104,4565,2197,2368
3,33,5,Kamalamai Municipality,2,Ward - 2,929,3790,1852,1938
3,33,5,Kamalamai Municipality,3,Ward - 3,384,1359,620,739
3,33,5,Kamalamai Municipality,4,Ward - 4,2346,8818,4309,4509
3,33,5,Kamalamai Municipality,5,Ward - 5,2102,8292,3931,4361
3,33,5,Kamalamai Municipality,6,Ward - 6,3440,12498,6140,6358
3,33,5,Kamalamai Municipality,7,Ward - 7,1735,6828,3233,3595
3,33,5,Kamalamai Municipality,8,Ward - 8,927,3672,1803,1869
3,33,5,Kamalamai Municipality,9,Ward - 9,1228,4728,2246,2482
3,33,5,Kamalamai Municipality,10,Ward - 10,821,3375,1629,1746
3,33,5,Kamalamai Municipality,11,Ward - 11,935,3800,1842,1958
3,33,5,Kamalamai Municipality,12,Ward - 12,884,3822,1914,1908
3,33,5,Kamalamai Municipality,13,Ward - 13,556,2258,1057,1201
3,33,5,Kamalamai Municipality,14,Ward - 14,744,3211,1543,1668
3,33,6,Sunkoshi Gaunpalika,1,Ward - 1,702,2576,1285,1291
3,33,6,Sunkoshi Gaunpalika,2,Ward - 2,442,1669,791,878
3,33,6,Sunkoshi Gaunpalika,3,Ward - 3,718,2641,1298,1343
3,33,6,Sunkoshi Gaunpalika,4,Ward - 4,536,1890,891,999
3,33,6,Sunkoshi Gaunpalika,5,Ward - 5,1152,4109,2010,2099
3,33,6,Sunkoshi Gaunpalika,6,Ward - 6,913,3571,1650,1921
3,33,6,Sunkoshi Gaunpalika,7,Ward - 7,524,1919,909,1010
3,33,7,Ghyanglekha Gaunpalika,1,Ward - 1,444,2060,1013,1047
3,33,7,Ghyanglekha Gaunpalika,2,Ward - 2,686,2724,1323,1401
3,33,7,Ghyanglekha Gaunpalika,3,Ward - 3,505,2283,1114,1169
3,33,7,Ghyanglekha Gaunpalika,4,Ward - 4,705,3222,1536,1686
3,33,7,Ghyanglekha Gaunpalika,5,Ward - 5,528,2363,1167,1196
3,33,8,Marin Gaunpalika,1,Ward - 1,531,2800,1351,1449
3,33,8,Marin Gaunpalika,2,Ward - 2,807,4547,2293,2254
3,33,8,Marin Gaunpalika,3,Ward - 3,1005,5134,2556,2578
3,33,8,Marin Gaunpalika,4,Ward - 4,946,4374,2110,2264
3,33,8,Marin Gaunpalika,5,Ward - 5,651,2860,1417,1443
3,33,8,Marin Gaunpalika,6,Ward - 6,989,4354,2171,2183
3,33,8,Marin Gaunpalika,7,Ward - 7,1115,4739,2286,2453
3,33,9,Hariharpurgaghi Gaunpalika,1,Ward - 1,838,5015,2475,2540
3,33,9,Hariharpurgaghi Gaunpalika,2,Ward - 2,857,3942,1941,2001
3,33,9,Hariharpurgaghi Gaunpalika,3,Ward - 3,770,4016,1988,2028
3,33,9,Hariharpurgaghi Gaunpalika,4,Ward - 4,522,2438,1149,1289
3,33,9,Hariharpurgaghi Gaunpalika,5,Ward - 5,600,3197,1527,1670
3,33,9,Hariharpurgaghi Gaunpalika,6,Ward - 6,485,2242,1082,1160
3,33,9,Hariharpurgaghi Gaunpalika,7,Ward - 7,676,3100,1480,1620
3,33,9,Hariharpurgaghi Gaunpalika,8,Ward - 8,544,2555,1258,1297
3,34,1,Indrasarowar Gaunpalika,1,Ward - 1,730,2634,1244,1390
3,34,1,Indrasarowar Gaunpalika,2,Ward - 2,721,3435,1716,1719
3,34,1,Indrasarowar Gaunpalika,3,Ward - 3,813,3009,1491,1518
3,34,1,Indrasarowar Gaunpalika,4,Ward - 4,518,2177,1075,1102
3,34,1,Indrasarowar Gaunpalika,5,Ward - 5,621,2279,1091,1188
3,34,2,Thaha Municipality,1,Ward - 1,785,3320,1663,1657
3,34,2,Thaha Municipality,2,Ward - 2,1015,3815,1812,2003
3,34,2,Thaha Municipality,3,Ward - 3,1096,4088,2048,2040
3,34,2,Thaha Municipality,4,Ward - 4,783,3328,1658,1670
3,34,2,Thaha Municipality,5,Ward - 5,639,2783,1343,1440
3,34,2,Thaha Municipality,6,Ward - 6,1070,4295,2119,2176
3,34,2,Thaha Municipality,7,Ward - 7,934,3713,1883,1830
3,34,2,Thaha Municipality,8,Ward - 8,731,3011,1488,1523
3,34,2,Thaha Municipality,9,Ward - 9,663,2405,1206,1199
3,34,2,Thaha Municipality,10,Ward - 10,511,1908,889,1019
3,34,2,Thaha Municipality,11,Ward - 11,816,3369,1651,1718
3,34,2,Thaha Municipality,12,Ward - 12,706,2835,1371,1464
3,34,3,Kailash Gaunpalika,1,Ward - 1,370,1699,873,826
3,34,3,Kailash Gaunpalika,2,Ward - 2,410,1930,985,945
3,34,3,Kailash Gaunpalika,3,Ward - 3,400,2094,1072,1022
3,34,3,Kailash Gaunpalika,4,Ward - 4,440,2296,1128,1168
3,34,3,Kailash Gaunpalika,5,Ward - 5,518,2741,1398,1343
3,34,3,Kailash Gaunpalika,6,Ward - 6,471,2046,1026,1020
3,34,3,Kailash Gaunpalika,7,Ward - 7,420,2526,1298,1228
3,34,3,Kailash Gaunpalika,8,Ward - 8,297,1784,920,864
3,34,3,Kailash Gaunpalika,9,Ward - 9,515,2287,1163,1124
3,34,3,Kailash Gaunpalika,10,Ward - 10,550,2453,1259,1194
3,34,4,Raksirang Gaunpalika,1,Ward - 1,469,2184,1082,1102
3,34,4,Raksirang Gaunpalika,2,Ward - 2,461,2158,1094,1064
3,34,4,Raksirang Gaunpalika,3,Ward - 3,811,3637,1789,1848
3,34,4,Raksirang Gaunpalika,4,Ward - 4,541,2662,1371,1291
3,34,4,Raksirang Gaunpalika,5,Ward - 5,538,2848,1445,1403
3,34,4,Raksirang Gaunpalika,6,Ward - 6,562,3124,1571,1553
3,34,4,Raksirang Gaunpalika,7,Ward - 7,551,3288,1698,1590
3,34,4,Raksirang Gaunpalika,8,Ward - 8,483,2706,1397,1309
3,34,4,Raksirang Gaunpalika,9,Ward - 9,628,3389,1754,1635
3,34,5,Manahari Gaunpalika,1,Ward - 1,882,3790,1902,1888
3,34,5,Manahari Gaunpalika,2,Ward - 2,698,3158,1586,1572
3,34,5,Manahari Gaunpalika,3,Ward - 3,1323,5726,2793,2933
3,34,5,Manahari Gaunpalika,4,Ward - 4,698,3184,1591,1593
3,34,5,Manahari Gaunpalika,5,Ward - 5,936,4176,2032,2144
3,34,5,Manahari Gaunpalika,6,Ward - 6,1847,8522,4196,4326
3,34,5,Manahari Gaunpalika,7,Ward - 7,2135,9291,4594,4697
3,34,5,Manahari Gaunpalika,8,Ward - 8,864,3816,1914,1902
3,34,5,Manahari Gaunpalika,9,Ward - 9,1341,5690,2787,2903
3,34,6,Hetauda Sub-Metropolitian City,1,Ward - 1,1839,8266,4118,4148
3,34,6,Hetauda Sub-Metropolitian City,2,Ward - 2,2291,8925,4506,4419
3,34,6,Hetauda Sub-Metropolitian City,3,Ward - 3,1951,8367,4013,4354
3,34,6,Hetauda Sub-Metropolitian City,4,Ward - 4,4630,18035,9047,8988
3,34,6,Hetauda Sub-Metropolitian City,5,Ward - 5,4202,17349,8578,8771
3,34,6,Hetauda Sub-Metropolitian City,6,Ward - 6,1685,7034,3469,3565
3,34,6,Hetauda Sub-Metropolitian City,7,Ward - 7,1438,6032,2930,3102
3,34,6,Hetauda Sub-Metropolitian City,8,Ward - 8,3289,13008,6466,6542
3,34,6,Hetauda Sub-Metropolitian City,9,Ward - 9,2892,11346,5662,5684
3,34,6,Hetauda Sub-Metropolitian City,10,Ward - 10,1799,6997,3549,3448
3,34,6,Hetauda Sub-Metropolitian City,11,Ward - 11,3423,14094,6958,7136
3,34,6,Hetauda Sub-Metropolitian City,12,Ward - 12,2950,13028,6281,6747
3,34,6,Hetauda Sub-Metropolitian City,13,Ward - 13,1854,7949,3800,4149
3,34,6,Hetauda Sub-Metropolitian City,14,Ward - 14,1790,7956,3886,4070
3,34,6,Hetauda Sub-Metropolitian City,15,Ward - 15,2483,10623,5271,5352
3,34,6,Hetauda Sub-Metropolitian City,16,Ward - 16,1666,7145,3544,3601
3,34,6,Hetauda Sub-Metropolitian City,17,Ward - 17,1882,8386,4184,4202
3,34,6,Hetauda Sub-Metropolitian City,18,Ward - 18,1921,7836,3857,3979
3,34,6,Hetauda Sub-Metropolitian City,19,Ward - 19,2581,11200,5559,5641
3,34,7,Bhimphedi Gaunpalika,1,Ward - 1,845,3636,1859,1777
3,34,7,Bhimphedi Gaunpalika,2,Ward - 2,635,2464,1178,1286
3,34,7,Bhimphedi Gaunpalika,3,Ward - 3,501,2411,1185,1226
3,34,7,Bhimphedi Gaunpalika,4,Ward - 4,469,1883,937,946
3,34,7,Bhimphedi Gaunpalika,5,Ward - 5,568,2403,1142,1261
3,34,7,Bhimphedi Gaunpalika,6,Ward - 6,717,2769,1371,1398
3,34,7,Bhimphedi Gaunpalika,7,Ward - 7,293,1216,613,603
3,34,7,Bhimphedi Gaunpalika,8,Ward - 8,463,1990,1002,988
3,34,7,Bhimphedi Gaunpalika,9,Ward - 9,594,2744,1396,1348
3,34,8,Makawanpurgadhi Gaunpalika,1,Ward - 1,607,2929,1482,1447
3,34,8,Makawanpurgadhi Gaunpalika,2,Ward - 2,959,4563,2286,2277
3,34,8,Makawanpurgadhi Gaunpalika,3,Ward - 3,594,2579,1283,1296
3,34,8,Makawanpurgadhi Gaunpalika,4,Ward - 4,633,2763,1377,1386
3,34,8,Makawanpurgadhi Gaunpalika,5,Ward - 5,809,3557,1803,1754
3,34,8,Makawanpurgadhi Gaunpalika,6,Ward - 6,594,2647,1327,1320
3,34,8,Makawanpurgadhi Gaunpalika,7,Ward - 7,666,3366,1688,1678
3,34,8,Makawanpurgadhi Gaunpalika,8,Ward - 8,423,2057,1027,1030
3,34,9,Bakaiya Gaunpalika,1,Ward - 1,832,4047,1975,2072
3,34,9,Bakaiya Gaunpalika,2,Ward - 2,437,1991,981,1010
3,34,9,Bakaiya Gaunpalika,3,Ward - 3,761,3252,1591,1661
3,34,9,Bakaiya Gaunpalika,4,Ward - 4,1209,5353,2636,2717
3,34,9,Bakaiya Gaunpalika,5,Ward - 5,894,3958,1938,2020
3,34,9,Bakaiya Gaunpalika,6,Ward - 6,830,3656,1824,1832
3,34,9,Bakaiya Gaunpalika,7,Ward - 7,1363,5913,2890,3023
3,34,9,Bakaiya Gaunpalika,8,Ward - 8,694,3140,1512,1628
3,34,9,Bakaiya Gaunpalika,9,Ward - 9,650,3357,1626,1731
3,34,9,Bakaiya Gaunpalika,10,Ward - 10,512,2461,1198,1263
3,34,9,Bakaiya Gaunpalika,11,Ward - 11,395,2173,1079,1094
3,34,9,Bakaiya Gaunpalika,12,Ward - 12,336,1606,808,798
3,34,10,Bagmati Gaunpalika,1,Ward - 1,749,3658,1803,1855
3,34,10,Bagmati Gaunpalika,2,Ward - 2,902,4418,2165,2253
3,34,10,Bagmati Gaunpalika,3,Ward - 3,388,2007,990,1017
3,34,10,Bagmati Gaunpalika,4,Ward - 4,750,3466,1697,1769
3,34,10,Bagmati Gaunpalika,5,Ward - 5,734,3762,1912,1850
3,34,10,Bagmati Gaunpalika,6,Ward - 6,778,3352,1604,1748
3,34,10,Bagmati Gaunpalika,7,Ward - 7,716,3158,1529,1629
3,34,10,Bagmati Gaunpalika,8,Ward - 8,828,3879,1829,2050
3,34,10,Bagmati Gaunpalika,9,Ward - 9,615,2725,1381,1344
3,35,1,Rapti Municipality,1,Ward - 1,1781,7908,3853,4055
3,35,1,Rapti Municipality,2,Ward - 2,1769,7359,3625,3734
3,35,1,Rapti Municipality,3,Ward - 3,559,2406,1212,1194
3,35,1,Rapti Municipality,4,Ward - 4,1475,6088,2949,3139
3,35,1,Rapti Municipality,5,Ward - 5,1358,5528,2683,2845
3,35,1,Rapti Municipality,6,Ward - 6,1482,6443,3096,3347
3,35,1,Rapti Municipality,7,Ward - 7,1616,6643,3213,3430
3,35,1,Rapti Municipality,8,Ward - 8,1628,6567,3164,3403
3,35,1,Rapti Municipality,9,Ward - 9,1051,4306,2006,2300
3,35,1,Rapti Municipality,10,Ward - 10,713,3495,1748,1747
3,35,1,Rapti Municipality,11,Ward - 11,635,3055,1565,1490
3,35,1,Rapti Municipality,12,Ward - 12,557,3062,1587,1475
3,35,1,Rapti Municipality,13,Ward - 13,591,3757,1976,1781
3,35,2,Kalika Municipality,1,Ward - 1,949,3946,1870,2076
3,35,2,Kalika Municipality,2,Ward - 2,1228,5189,2490,2699
3,35,2,Kalika Municipality,3,Ward - 3,1573,6380,3155,3225
3,35,2,Kalika Municipality,4,Ward - 4,703,2922,1415,1507
3,35,2,Kalika Municipality,5,Ward - 5,1261,5289,2559,2730
3,35,2,Kalika Municipality,6,Ward - 6,1777,7094,3484,3610
3,35,2,Kalika Municipality,7,Ward - 7,1471,5902,2807,3095
3,35,2,Kalika Municipality,8,Ward - 8,1518,6204,3074,3130
3,35,2,Kalika Municipality,9,Ward - 9,925,4623,2321,2302
3,35,2,Kalika Municipality,10,Ward - 10,505,2521,1259,1262
3,35,2,Kalika Municipality,11,Ward - 11,348,2094,1057,1037
3,35,3,Ichchha Kamana Gaunpalika,1,Ward - 1,681,3623,1826,1797
3,35,3,Ichchha Kamana Gaunpalika,2,Ward - 2,682,3532,1871,1661
3,35,3,Ichchha Kamana Gaunpalika,3,Ward - 3,822,3334,1647,1687
3,35,3,Ichchha Kamana Gaunpalika,4,Ward - 4,1127,4504,2317,2187
3,35,3,Ichchha Kamana Gaunpalika,5,Ward - 5,903,3764,1925,1839
3,35,3,Ichchha Kamana Gaunpalika,6,Ward - 6,671,3199,1607,1592
3,35,3,Ichchha Kamana Gaunpalika,7,Ward - 7,1299,5687,2814,2873
3,35,4,Bharatpur Metropolitian City,1,Ward - 1,2252,9109,4571,4538
3,35,4,Bharatpur Metropolitian City,2,Ward - 2,5252,19564,9766,9798
3,35,4,Bharatpur Metropolitian City,3,Ward - 3,4447,17222,9220,8002
3,35,4,Bharatpur Metropolitian City,4,Ward - 4,5678,20871,10322,10549
3,35,4,Bharatpur Metropolitian City,5,Ward - 5,3435,13710,6613,7097
3,35,4,Bharatpur Metropolitian City,6,Ward - 6,3464,13349,6477,6872
3,35,4,Bharatpur Metropolitian City,7,Ward - 7,4620,17211,8211,9000
3,35,4,Bharatpur Metropolitian City,8,Ward - 8,2854,11438,5527,5911
3,35,4,Bharatpur Metropolitian City,9,Ward - 9,4148,15183,7542,7641
3,35,4,Bharatpur Metropolitian City,10,Ward - 10,6397,20633,10204,10429
3,35,4,Bharatpur Metropolitian City,11,Ward - 11,9651,35692,17336,18356
3,35,4,Bharatpur Metropolitian City,12,Ward - 12,4318,15826,7800,8026
3,35,4,Bharatpur Metropolitian City,13,Ward - 13,1767,6892,3250,3642
3,35,4,Bharatpur Metropolitian City,14,Ward - 14,2819,11134,5245,5889
3,35,4,Bharatpur Metropolitian City,15,Ward - 15,3929,15833,7576,8257
3,35,4,Bharatpur Metropolitian City,16,Ward - 16,4470,17818,8488,9330
3,35,4,Bharatpur Metropolitian City,17,Ward - 17,2168,8608,4022,4586
3,35,4,Bharatpur Metropolitian City,18,Ward - 18,2688,10577,4899,5678
3,35,4,Bharatpur Metropolitian City,19,Ward - 19,2170,8454,3807,4647
3,35,4,Bharatpur Metropolitian City,20,Ward - 20,2173,8470,3907,4563
3,35,4,Bharatpur Metropolitian City,21,Ward - 21,2451,9385,4470,4915
3,35,4,Bharatpur Metropolitian City,22,Ward - 22,1695,6652,3148,3504
3,35,4,Bharatpur Metropolitian City,23,Ward - 23,2010,8039,3897,4142
3,35,4,Bharatpur Metropolitian City,24,Ward - 24,1371,5459,2643,2816
3,35,4,Bharatpur Metropolitian City,25,Ward - 25,2348,9517,4568,4949
3,35,4,Bharatpur Metropolitian City,26,Ward - 26,2704,10736,5039,5697
3,35,4,Bharatpur Metropolitian City,27,Ward - 27,2231,9058,4246,4812
3,35,4,Bharatpur Metropolitian City,28,Ward - 28,1659,6907,3225,3682
3,35,4,Bharatpur Metropolitian City,29,Ward - 29,1422,5921,2878,3043
3,35,5,Ratnanagar Municipality,1,Ward - 1,1428,5635,2746,2889
3,35,5,Ratnanagar Municipality,2,Ward - 2,1340,5330,2647,2683
3,35,5,Ratnanagar Municipality,3,Ward - 3,1236,5039,2459,2580
3,35,5,Ratnanagar Municipality,4,Ward - 4,1101,4484,2213,2271
3,35,5,Ratnanagar Municipality,5,Ward - 5,955,4008,1922,2086
3,35,5,Ratnanagar Municipality,6,Ward - 6,977,4035,1990,2045
3,35,5,Ratnanagar Municipality,7,Ward - 7,863,3631,1736,1895
3,35,5,Ratnanagar Municipality,8,Ward - 8,1110,4682,2303,2379
3,35,5,Ratnanagar Municipality,9,Ward - 9,1458,5879,2844,3035
3,35,5,Ratnanagar Municipality,10,Ward - 10,2128,8241,4032,4209
3,35,5,Ratnanagar Municipality,11,Ward - 11,1205,4779,2301,2478
3,35,5,Ratnanagar Municipality,12,Ward - 12,1923,7439,3559,3880
3,35,5,Ratnanagar Municipality,13,Ward - 13,2223,8749,4227,4522
3,35,5,Ratnanagar Municipality,14,Ward - 14,1684,6690,3163,3527
3,35,5,Ratnanagar Municipality,15,Ward - 15,1554,6325,3039,3286
3,35,5,Ratnanagar Municipality,16,Ward - 16,1218,4959,2350,2609
3,35,6,Khairahani Municipality,1,Ward - 1,1617,6655,3242,3413
3,35,6,Khairahani Municipality,2,Ward - 2,1499,6128,2965,3163
3,35,6,Khairahani Municipality,3,Ward - 3,1122,4520,2108,2412
3,35,6,Khairahani Municipality,4,Ward - 4,1117,4388,2070,2318
3,35,6,Khairahani Municipality,5,Ward - 5,724,3017,1441,1576
3,35,6,Khairahani Municipality,6,Ward - 6,1471,5943,2873,3070
3,35,6,Khairahani Municipality,7,Ward - 7,805,3481,1680,1801
3,35,6,Khairahani Municipality,8,Ward - 8,1965,7446,3641,3805
3,35,6,Khairahani Municipality,9,Ward - 9,1377,5802,2795,3007
3,35,6,Khairahani Municipality,10,Ward - 10,1770,7464,3571,3893
3,35,6,Khairahani Municipality,11,Ward - 11,774,3391,1614,1777
3,35,6,Khairahani Municipality,12,Ward - 12,993,4230,1971,2259
3,35,6,Khairahani Municipality,13,Ward - 13,1161,4920,2361,2559
3,35,7,Madi Municipality,1,Ward - 1,1344,5065,2376,2689
3,35,7,Madi Municipality,2,Ward - 2,978,3807,1771,2036
3,35,7,Madi Municipality,3,Ward - 3,1276,5061,2458,2603
3,35,7,Madi Municipality,4,Ward - 4,796,3192,1535,1657
3,35,7,Madi Municipality,5,Ward - 5,924,3487,1610,1877
3,35,7,Madi Municipality,6,Ward - 6,1389,5089,2390,2699
3,35,7,Madi Municipality,7,Ward - 7,1311,4634,2167,2467
3,35,7,Madi Municipality,8,Ward - 8,756,2750,1288,1462
3,35,7,Madi Municipality,9,Ward - 9,1346,5210,2488,2722
4,36,1,Chumanubri Gaunpalika,1,Ward - 1,207,525,227,298
4,36,1,Chumanubri Gaunpalika,2,Ward - 2,220,514,245,269
4,36,1,Chumanubri Gaunpalika,3,Ward - 3,709,2321,1105,1216
4,36,1,Chumanubri Gaunpalika,4,Ward - 4,192,473,237,236
4,36,1,Chumanubri Gaunpalika,5,Ward - 5,203,482,226,256
4,36,1,Chumanubri Gaunpalika,6,Ward - 6,257,805,413,392
4,36,1,Chumanubri Gaunpalika,7,Ward - 7,280,812,392,420
4,36,2,Ajirkot Gaunpalika,1,Ward - 1,415,1616,821,795
4,36,2,Ajirkot Gaunpalika,2,Ward - 2,516,2115,1048,1067
4,36,2,Ajirkot Gaunpalika,3,Ward - 3,917,2963,1389,1574
4,36,2,Ajirkot Gaunpalika,4,Ward - 4,864,3070,1465,1605
4,36,2,Ajirkot Gaunpalika,5,Ward - 5,910,3068,1488,1580
4,36,3,Barpak Sulikot Gaunpalika,1,Ward - 1,411,1681,803,878
4,36,3,Barpak Sulikot Gaunpalika,2,Ward - 2,922,4120,2001,2119
4,36,3,Barpak Sulikot Gaunpalika,3,Ward - 3,846,3096,1396,1700
4,36,3,Barpak Sulikot Gaunpalika,4,Ward - 4,1386,5133,2389,2744
4,36,3,Barpak Sulikot Gaunpalika,5,Ward - 5,578,1818,863,955
4,36,3,Barpak Sulikot Gaunpalika,6,Ward - 6,1030,3217,1448,1769
4,36,3,Barpak Sulikot Gaunpalika,7,Ward - 7,511,1675,786,889
4,36,3,Barpak Sulikot Gaunpalika,8,Ward - 8,599,1896,878,1018
4,36,4,Dharche Gaunpalika,1,Ward - 1,234,851,411,440
4,36,4,Dharche Gaunpalika,2,Ward - 2,724,2557,1158,1399
4,36,4,Dharche Gaunpalika,3,Ward - 3,527,1886,867,1019
4,36,4,Dharche Gaunpalika,4,Ward - 4,596,2247,1141,1106
4,36,4,Dharche Gaunpalika,5,Ward - 5,665,2661,1318,1343
4,36,4,Dharche Gaunpalika,6,Ward - 6,543,2065,1001,1064
4,36,4,Dharche Gaunpalika,7,Ward - 7,519,1996,936,1060
4,36,5,Aarughat Gaunpalika,1,Ward - 1,1086,3886,1827,2059
4,36,5,Aarughat Gaunpalika,2,Ward - 2,571,2034,970,1064
4,36,5,Aarughat Gaunpalika,3,Ward - 3,531,1852,871,981
4,36,5,Aarughat Gaunpalika,4,Ward - 4,677,2420,1123,1297
4,36,5,Aarughat Gaunpalika,5,Ward - 5,550,1899,894,1005
4,36,5,Aarughat Gaunpalika,6,Ward - 6,481,1792,878,914
4,36,5,Aarughat Gaunpalika,7,Ward - 7,551,1859,861,998
4,36,5,Aarughat Gaunpalika,8,Ward - 8,522,1686,768,918
4,36,5,Aarughat Gaunpalika,9,Ward - 9,847,2922,1400,1522
4,36,5,Aarughat Gaunpalika,10,Ward - 10,360,1222,553,669
4,36,6,Bhimsenthapa Gaunpalika,1,Ward - 1,1019,3272,1490,1782
4,36,6,Bhimsenthapa Gaunpalika,2,Ward - 2,480,1520,691,829
4,36,6,Bhimsenthapa Gaunpalika,3,Ward - 3,505,1583,709,874
4,36,6,Bhimsenthapa Gaunpalika,4,Ward - 4,850,2921,1315,1606
4,36,6,Bhimsenthapa Gaunpalika,5,Ward - 5,448,1346,592,754
4,36,6,Bhimsenthapa Gaunpalika,6,Ward - 6,783,2567,1159,1408
4,36,6,Bhimsenthapa Gaunpalika,7,Ward - 7,507,1569,733,836
4,36,6,Bhimsenthapa Gaunpalika,8,Ward - 8,647,2208,1018,1190
4,36,7,Siranchowk Gaunpalika,1,Ward - 1,523,1780,868,912
4,36,7,Siranchowk Gaunpalika,2,Ward - 2,663,2187,1082,1105
4,36,7,Siranchowk Gaunpalika,3,Ward - 3,822,2570,1188,1382
4,36,7,Siranchowk Gaunpalika,4,Ward - 4,773,2495,1139,1356
4,36,7,Siranchowk Gaunpalika,5,Ward - 5,790,2612,1250,1362
4,36,7,Siranchowk Gaunpalika,6,Ward - 6,874,2953,1374,1579
4,36,7,Siranchowk Gaunpalika,7,Ward - 7,705,2303,1087,1216
4,36,7,Siranchowk Gaunpalika,8,Ward - 8,808,2819,1324,1495
4,36,8,Palungtar Municipality,1,Ward - 1,950,3326,1525,1801
4,36,8,Palungtar Municipality,2,Ward - 2,1160,3430,1547,1883
4,36,8,Palungtar Municipality,3,Ward - 3,832,2682,1234,1448
4,36,8,Palungtar Municipality,4,Ward - 4,1303,4390,2021,2369
4,36,8,Palungtar Municipality,5,Ward - 5,1415,4871,2262,2609
4,36,8,Palungtar Municipality,6,Ward - 6,1248,4299,2015,2284
4,36,8,Palungtar Municipality,7,Ward - 7,1509,5478,2542,2936
4,36,8,Palungtar Municipality,8,Ward - 8,831,2806,1304,1502
4,36,8,Palungtar Municipality,9,Ward - 9,1220,4185,1918,2267
4,36,8,Palungtar Municipality,10,Ward - 10,604,1942,894,1048
4,36,9,Gorkha Municipality,1,Ward - 1,529,1708,786,922
4,36,9,Gorkha Municipality,2,Ward - 2,582,1972,892,1080
4,36,9,Gorkha Municipality,3,Ward - 3,965,2986,1356,1630
4,36,9,Gorkha Municipality,4,Ward - 4,758,2678,1228,1450
4,36,9,Gorkha Municipality,5,Ward - 5,823,3113,1450,1663
4,36,9,Gorkha Municipality,6,Ward - 6,2258,7689,3583,4106
4,36,9,Gorkha Municipality,7,Ward - 7,1505,5384,2471,2913
4,36,9,Gorkha Municipality,8,Ward - 8,2084,7079,3246,3833
4,36,9,Gorkha Municipality,9,Ward - 9,1114,4043,1849,2194
4,36,9,Gorkha Municipality,10,Ward - 10,1069,4084,1922,2162
4,36,9,Gorkha Municipality,11,Ward - 11,896,3153,1489,1664
4,36,9,Gorkha Municipality,12,Ward - 12,831,3182,1474,1708
4,36,9,Gorkha Municipality,13,Ward - 13,925,3247,1506,1741
4,36,9,Gorkha Municipality,14,Ward - 14,649,2150,1005,1145
4,36,10,Shahid Lakhan Gaunpalika,1,Ward - 1,727,2132,1020,1112
4,36,10,Shahid Lakhan Gaunpalika,2,Ward - 2,675,2649,1263,1386
4,36,10,Shahid Lakhan Gaunpalika,3,Ward - 3,865,3449,1687,1762
4,36,10,Shahid Lakhan Gaunpalika,4,Ward - 4,739,2612,1198,1414
4,36,10,Shahid Lakhan Gaunpalika,5,Ward - 5,518,1847,862,985
4,36,10,Shahid Lakhan Gaunpalika,6,Ward - 6,961,3135,1450,1685
4,36,10,Shahid Lakhan Gaunpalika,7,Ward - 7,940,3048,1392,1656
4,36,10,Shahid Lakhan Gaunpalika,8,Ward - 8,668,2074,949,1125
4,36,10,Shahid Lakhan Gaunpalika,9,Ward - 9,763,2130,986,1144
4,36,11,Gandaki Gaunpalika,1,Ward - 1,620,2319,1155,1164
4,36,11,Gandaki Gaunpalika,2,Ward - 2,815,3126,1488,1638
4,36,11,Gandaki Gaunpalika,3,Ward - 3,529,1615,744,871
4,36,11,Gandaki Gaunpalika,4,Ward - 4,604,1994,909,1085
4,36,11,Gandaki Gaunpalika,5,Ward - 5,767,2675,1258,1417
4,36,11,Gandaki Gaunpalika,6,Ward - 6,797,3573,1748,1825
4,36,11,Gandaki Gaunpalika,7,Ward - 7,674,2803,1410,1393
4,36,11,Gandaki Gaunpalika,8,Ward - 8,853,3289,1577,1712
4,37,1,Narpa Bhumi Gaunpalika,1,Ward - 1,27,73,29,44
4,37,1,Narpa Bhumi Gaunpalika,2,Ward - 2,32,101,43,58
4,37,1,Narpa Bhumi Gaunpalika,3,Ward - 3,28,84,37,47
4,37,1,Narpa Bhumi Gaunpalika,4,Ward - 4,17,88,39,49
4,37,1,Narpa Bhumi Gaunpalika,5,Ward - 5,22,50,21,29
4,37,2,Manang Ngisyang Gaunpalika,1,Ward - 1,107,313,157,156
4,37,2,Manang Ngisyang Gaunpalika,2,Ward - 2,30,60,28,32
4,37,2,Manang Ngisyang Gaunpalika,3,Ward - 3,53,154,89,65
4,37,2,Manang Ngisyang Gaunpalika,4,Ward - 4,82,249,133,116
4,37,2,Manang Ngisyang Gaunpalika,5,Ward - 5,74,214,109,105
4,37,2,Manang Ngisyang Gaunpalika,6,Ward - 6,56,173,88,85
4,37,2,Manang Ngisyang Gaunpalika,7,Ward - 7,28,71,35,36
4,37,2,Manang Ngisyang Gaunpalika,8,Ward - 8,73,194,93,101
4,37,2,Manang Ngisyang Gaunpalika,9,Ward - 9,58,167,92,75
4,37,3,Chame Gaunpalika,1,Ward - 1,67,224,118,106
4,37,3,Chame Gaunpalika,2,Ward - 2,28,101,63,38
4,37,3,Chame Gaunpalika,3,Ward - 3,54,204,101,103
4,37,3,Chame Gaunpalika,4,Ward - 4,204,641,389,252
4,37,3,Chame Gaunpalika,5,Ward - 5,36,106,59,47
4,37,4,Nason Gaunpalika,1,Ward - 1,68,250,125,125
4,37,4,Nason Gaunpalika,2,Ward - 2,44,156,81,75
4,37,4,Nason Gaunpalika,3,Ward - 3,68,232,116,116
4,37,4,Nason Gaunpalika,4,Ward - 4,56,215,111,104
4,37,4,Nason Gaunpalika,5,Ward - 5,35,86,42,44
4,37,4,Nason Gaunpalika,6,Ward - 6,33,120,53,67
4,37,4,Nason Gaunpalika,7,Ward - 7,41,139,62,77
4,37,4,Nason Gaunpalika,8,Ward - 8,62,283,144,139
4,37,4,Nason Gaunpalika,9,Ward - 9,64,190,94,96
4,38,1,Lo Ghekar Damodarkunda Gaunpalika,1,Ward - 1,158,419,202,217
4,38,1,Lo Ghekar Damodarkunda Gaunpalika,2,Ward - 2,105,314,144,170
4,38,1,Lo Ghekar Damodarkunda Gaunpalika,3,Ward - 3,64,235,107,128
4,38,1,Lo Ghekar Damodarkunda Gaunpalika,4,Ward - 4,61,179,86,93
4,38,1,Lo Ghekar Damodarkunda Gaunpalika,5,Ward - 5,48,145,70,75
4,38,2,Gharpajhong Gaunpalika,1,Ward - 1,65,217,117,100
4,38,2,Gharpajhong Gaunpalika,2,Ward - 2,193,683,352,331
4,38,2,Gharpajhong Gaunpalika,3,Ward - 3,296,1085,585,500
4,38,2,Gharpajhong Gaunpalika,4,Ward - 4,415,1214,637,577
4,38,2,Gharpajhong Gaunpalika,5,Ward - 5,158,513,252,261
4,38,3,Varagung Muktichhetra Gaunpalika,1,Ward - 1,191,551,273,278
4,38,3,Varagung Muktichhetra Gaunpalika,2,Ward - 2,64,181,85,96
4,38,3,Varagung Muktichhetra Gaunpalika,3,Ward - 3,151,452,241,211
4,38,3,Varagung Muktichhetra Gaunpalika,4,Ward - 4,202,560,274,286
4,38,3,Varagung Muktichhetra Gaunpalika,5,Ward - 5,115,292,142,150
4,38,4,Lomanthang Gaunpalika,1,Ward - 1,59,173,77,96
4,38,4,Lomanthang Gaunpalika,2,Ward - 2,92,254,105,149
4,38,4,Lomanthang Gaunpalika,3,Ward - 3,91,284,136,148
4,38,4,Lomanthang Gaunpalika,4,Ward - 4,99,335,136,199
4,38,4,Lomanthang Gaunpalika,5,Ward - 5,147,384,189,195
4,38,5,Thasang Gaunpalika,1,Ward - 1,181,610,295,315
4,38,5,Thasang Gaunpalika,2,Ward - 2,226,766,398,368
4,38,5,Thasang Gaunpalika,3,Ward - 3,171,536,279,257
4,38,5,Thasang Gaunpalika,4,Ward - 4,120,431,225,206
4,38,5,Thasang Gaunpalika,5,Ward - 5,134,513,257,256
4,39,1,Annapurna Gaunpalika,1,Ward - 1,311,1007,514,493
4,39,1,Annapurna Gaunpalika,2,Ward - 2,237,827,420,407
4,39,1,Annapurna Gaunpalika,3,Ward - 3,481,1817,923,894
4,39,1,Annapurna Gaunpalika,4,Ward - 4,500,1719,842,877
4,39,1,Annapurna Gaunpalika,5,Ward - 5,548,1996,997,999
4,39,1,Annapurna Gaunpalika,6,Ward - 6,693,2365,1137,1228
4,39,1,Annapurna Gaunpalika,7,Ward - 7,404,1296,616,680
4,39,1,Annapurna Gaunpalika,8,Ward - 8,426,1296,637,659
4,39,2,Raghuganga Gaunpalika,1,Ward - 1,392,1360,658,702
4,39,2,Raghuganga Gaunpalika,2,Ward - 2,921,2943,1372,1571
4,39,2,Raghuganga Gaunpalika,3,Ward - 3,1123,3840,1795,2045
4,39,2,Raghuganga Gaunpalika,4,Ward - 4,274,983,494,489
4,39,2,Raghuganga Gaunpalika,5,Ward - 5,338,1137,523,614
4,39,2,Raghuganga Gaunpalika,6,Ward - 6,536,1846,909,937
4,39,2,Raghuganga Gaunpalika,7,Ward - 7,357,1215,604,611
4,39,2,Raghuganga Gaunpalika,8,Ward - 8,212,790,412,378
4,39,3,Dhawalagiri Gaunpalika,1,Ward - 1,199,819,396,423
4,39,3,Dhawalagiri Gaunpalika,2,Ward - 2,343,1471,699,772
4,39,3,Dhawalagiri Gaunpalika,3,Ward - 3,621,2326,1100,1226
4,39,3,Dhawalagiri Gaunpalika,4,Ward - 4,524,2149,1075,1074
4,39,3,Dhawalagiri Gaunpalika,5,Ward - 5,237,927,451,476
4,39,3,Dhawalagiri Gaunpalika,6,Ward - 6,339,1295,641,654
4,39,3,Dhawalagiri Gaunpalika,7,Ward - 7,913,3629,1751,1878
4,39,4,Malika Gaunpalika,1,Ward - 1,494,1994,968,1026
4,39,4,Malika Gaunpalika,2,Ward - 2,874,3626,1785,1841
4,39,4,Malika Gaunpalika,3,Ward - 3,536,2173,1049,1124
4,39,4,Malika Gaunpalika,4,Ward - 4,476,2133,1017,1116
4,39,4,Malika Gaunpalika,5,Ward - 5,768,3144,1493,1651
4,39,4,Malika Gaunpalika,6,Ward - 6,1001,3570,1727,1843
4,39,4,Malika Gaunpalika,7,Ward - 7,441,1692,828,864
4,39,5,Mangala Gaunpalika,1,Ward - 1,842,2941,1388,1553
4,39,5,Mangala Gaunpalika,2,Ward - 2,1004,3769,1791,1978
4,39,5,Mangala Gaunpalika,3,Ward - 3,713,2655,1268,1387
4,39,5,Mangala Gaunpalika,4,Ward - 4,390,1485,705,780
4,39,5,Mangala Gaunpalika,5,Ward - 5,962,3838,1775,2063
4,39,6,Beni Municipality,1,Ward - 1,655,2429,1133,1296
4,39,6,Beni Municipality,2,Ward - 2,970,3469,1619,1850
4,39,6,Beni Municipality,3,Ward - 3,711,2681,1209,1472
4,39,6,Beni Municipality,4,Ward - 4,879,3253,1534,1719
4,39,6,Beni Municipality,5,Ward - 5,868,3108,1450,1658
4,39,6,Beni Municipality,6,Ward - 6,678,2458,1191,1267
4,39,6,Beni Municipality,7,Ward - 7,1140,3790,1811,1979
4,39,6,Beni Municipality,8,Ward - 8,1896,6139,2897,3242
4,39,6,Beni Municipality,9,Ward - 9,1108,3959,1841,2118
4,39,6,Beni Municipality,10,Ward - 10,431,1411,676,735
4,40,1,Madi Gaunpalika,1,Ward - 1,538,1977,971,1006
4,40,1,Madi Gaunpalika,2,Ward - 2,268,941,486,455
4,40,1,Madi Gaunpalika,3,Ward - 3,330,1217,594,623
4,40,1,Madi Gaunpalika,4,Ward - 4,305,1203,596,607
4,40,1,Madi Gaunpalika,5,Ward - 5,430,1698,816,882
4,40,1,Madi Gaunpalika,6,Ward - 6,243,1190,598,592
4,40,1,Madi Gaunpalika,7,Ward - 7,295,1297,661,636
4,40,1,Madi Gaunpalika,8,Ward - 8,381,1502,750,752
4,40,1,Madi Gaunpalika,9,Ward - 9,399,1523,765,758
4,40,1,Madi Gaunpalika,10,Ward - 10,322,1188,599,589
4,40,1,Madi Gaunpalika,11,Ward - 11,277,1120,548,572
4,40,1,Madi Gaunpalika,12,Ward - 12,306,1286,633,653
4,40,2,Machhapuchchhre Gaunpalika,1,Ward - 1,447,1740,847,893
4,40,2,Machhapuchchhre Gaunpalika,2,Ward - 2,1024,3981,1961,2020
4,40,2,Machhapuchchhre Gaunpalika,3,Ward - 3,772,3086,1486,1600
4,40,2,Machhapuchchhre Gaunpalika,4,Ward - 4,942,3370,1642,1728
4,40,2,Machhapuchchhre Gaunpalika,5,Ward - 5,401,1615,801,814
4,40,2,Machhapuchchhre Gaunpalika,6,Ward - 6,792,2600,1265,1335
4,40,2,Machhapuchchhre Gaunpalika,7,Ward - 7,670,2483,1198,1285
4,40,2,Machhapuchchhre Gaunpalika,8,Ward - 8,741,2656,1289,1367
4,40,2,Machhapuchchhre Gaunpalika,9,Ward - 9,362,1367,684,683
4,40,3,Annapurna Gaunpalika,1,Ward - 1,675,2635,1285,1350
4,40,3,Annapurna Gaunpalika,2,Ward - 2,501,1736,842,894
4,40,3,Annapurna Gaunpalika,3,Ward - 3,845,2959,1376,1583
4,40,3,Annapurna Gaunpalika,4,Ward - 4,575,1929,908,1021
4,40,3,Annapurna Gaunpalika,5,Ward - 5,654,2362,1120,1242
4,40,3,Annapurna Gaunpalika,6,Ward - 6,589,2143,1018,1125
4,40,3,Annapurna Gaunpalika,7,Ward - 7,448,1668,839,829
4,40,3,Annapurna Gaunpalika,8,Ward - 8,468,1631,764,867
4,40,3,Annapurna Gaunpalika,9,Ward - 9,282,985,472,513
4,40,3,Annapurna Gaunpalika,10,Ward - 10,568,2226,1087,1139
4,40,3,Annapurna Gaunpalika,11,Ward - 11,444,1825,975,850
4,40,4,Pokhara Metropolitian City,1,Ward - 1,4274,13947,6776,7171
4,40,4,Pokhara Metropolitian City,2,Ward - 2,3075,10100,4984,5116
4,40,4,Pokhara Metropolitian City,3,Ward - 3,2365,8284,4055,4229
4,40,4,Pokhara Metropolitian City,4,Ward - 4,2597,9152,4706,4446
4,40,4,Pokhara Metropolitian City,5,Ward - 5,6232,22325,11082,11243
4,40,4,Pokhara Metropolitian City,6,Ward - 6,3984,14455,7364,7091
4,40,4,Pokhara Metropolitian City,7,Ward - 7,4672,16139,7916,8223
4,40,4,Pokhara Metropolitian City,8,Ward - 8,7380,25439,12796,12643
4,40,4,Pokhara Metropolitian City,9,Ward - 9,4376,15981,8072,7909
4,40,4,Pokhara Metropolitian City,10,Ward - 10,5128,18435,8789,9646
4,40,4,Pokhara Metropolitian City,11,Ward - 11,4808,17594,8531,9063
4,40,4,Pokhara Metropolitian City,12,Ward - 12,3493,12710,6039,6671
4,40,4,Pokhara Metropolitian City,13,Ward - 13,5758,22399,10407,11992
4,40,4,Pokhara Metropolitian City,14,Ward - 14,8428,31561,14960,16601
4,40,4,Pokhara Metropolitian City,15,Ward - 15,6536,24406,11282,13124
4,40,4,Pokhara Metropolitian City,16,Ward - 16,6654,24465,11894,12571
4,40,4,Pokhara Metropolitian City,17,Ward - 17,12658,46005,22066,23939
4,40,4,Pokhara Metropolitian City,18,Ward - 18,3318,12945,6376,6569
4,40,4,Pokhara Metropolitian City,19,Ward - 19,3639,13855,6596,7259
4,40,4,Pokhara Metropolitian City,20,Ward - 20,1059,3936,1851,2085
4,40,4,Pokhara Metropolitian City,21,Ward - 21,2494,9070,4351,4719
4,40,4,Pokhara Metropolitian City,22,Ward - 22,2088,7596,3678,3918
4,40,4,Pokhara Metropolitian City,23,Ward - 23,1200,4276,2018,2258
4,40,4,Pokhara Metropolitian City,24,Ward - 24,1618,5950,2850,3100
4,40,4,Pokhara Metropolitian City,25,Ward - 25,4592,17597,8401,9196
4,40,4,Pokhara Metropolitian City,26,Ward - 26,4575,16777,7890,8887
4,40,4,Pokhara Metropolitian City,27,Ward - 27,4369,16377,7814,8563
4,40,4,Pokhara Metropolitian City,28,Ward - 28,1200,4224,1991,2233
4,40,4,Pokhara Metropolitian City,29,Ward - 29,4287,16257,7625,8632
4,40,4,Pokhara Metropolitian City,30,Ward - 30,4307,16192,7702,8490
4,40,4,Pokhara Metropolitian City,31,Ward - 31,2273,8702,4174,4528
4,40,4,Pokhara Metropolitian City,32,Ward - 32,3872,14683,6919,7764
4,40,4,Pokhara Metropolitian City,33,Ward - 33,3150,11670,5540,6130
4,40,5,Rupa Gaunpalika,1,Ward - 1,517,1904,892,1012
4,40,5,Rupa Gaunpalika,2,Ward - 2,297,1295,643,652
4,40,5,Rupa Gaunpalika,3,Ward - 3,392,1486,672,814
4,40,5,Rupa Gaunpalika,4,Ward - 4,389,1417,676,741
4,40,5,Rupa Gaunpalika,5,Ward - 5,603,2199,1055,1144
4,40,5,Rupa Gaunpalika,6,Ward - 6,739,3391,1611,1780
4,40,5,Rupa Gaunpalika,7,Ward - 7,726,3199,1564,1635
4,41,1,Dordi Gaunpalika,1,Ward - 1,513,1521,689,832
4,41,1,Dordi Gaunpalika,2,Ward - 2,419,1427,644,783
4,41,1,Dordi Gaunpalika,3,Ward - 3,427,1434,685,749
4,41,1,Dordi Gaunpalika,4,Ward - 4,636,2205,1059,1146
4,41,1,Dordi Gaunpalika,5,Ward - 5,583,2087,1046,1041
4,41,1,Dordi Gaunpalika,6,Ward - 6,640,2398,1203,1195
4,41,1,Dordi Gaunpalika,7,Ward - 7,306,1219,597,622
4,41,1,Dordi Gaunpalika,8,Ward - 8,680,2578,1289,1289
4,41,1,Dordi Gaunpalika,9,Ward - 9,320,1181,560,621
4,41,2,Marshyangdi Gaunpalika,1,Ward - 1,221,842,411,431
4,41,2,Marshyangdi Gaunpalika,2,Ward - 2,377,1497,757,740
4,41,2,Marshyangdi Gaunpalika,3,Ward - 3,871,2948,1402,1546
4,41,2,Marshyangdi Gaunpalika,4,Ward - 4,542,2125,1050,1075
4,41,2,Marshyangdi Gaunpalika,5,Ward - 5,423,1752,892,860
4,41,2,Marshyangdi Gaunpalika,6,Ward - 6,463,1848,919,929
4,41,2,Marshyangdi Gaunpalika,7,Ward - 7,446,1605,747,858
4,41,2,Marshyangdi Gaunpalika,8,Ward - 8,378,1476,717,759
4,41,2,Marshyangdi Gaunpalika,9,Ward - 9,829,2987,1435,1552
4,41,3,Kwhola Sothar Gaunpalika,1,Ward - 1,213,739,345,394
4,41,3,Kwhola Sothar Gaunpalika,2,Ward - 2,299,1042,492,550
4,41,3,Kwhola Sothar Gaunpalika,3,Ward - 3,270,895,429,466
4,41,3,Kwhola Sothar Gaunpalika,4,Ward - 4,356,1321,624,697
4,41,3,Kwhola Sothar Gaunpalika,5,Ward - 5,236,897,462,435
4,41,3,Kwhola Sothar Gaunpalika,6,Ward - 6,145,518,250,268
4,41,3,Kwhola Sothar Gaunpalika,7,Ward - 7,205,702,359,343
4,41,3,Kwhola Sothar Gaunpalika,8,Ward - 8,204,708,328,380
4,41,3,Kwhola Sothar Gaunpalika,9,Ward - 9,348,1138,552,586
4,41,4,Madhya Nepal Municipality,1,Ward - 1,520,1656,779,877
4,41,4,Madhya Nepal Municipality,2,Ward - 2,633,1991,927,1064
4,41,4,Madhya Nepal Municipality,3,Ward - 3,419,1370,598,772
4,41,4,Madhya Nepal Municipality,4,Ward - 4,1204,4147,1876,2271
4,41,4,Madhya Nepal Municipality,5,Ward - 5,270,866,397,469
4,41,4,Madhya Nepal Municipality,6,Ward - 6,1214,4270,1957,2313
4,41,4,Madhya Nepal Municipality,7,Ward - 7,904,3384,1542,1842
4,41,4,Madhya Nepal Municipality,8,Ward - 8,496,1665,779,886
4,41,4,Madhya Nepal Municipality,9,Ward - 9,382,1372,641,731
4,41,4,Madhya Nepal Municipality,10,Ward - 10,385,1250,580,670
4,41,5,Bensishahar Municipality,1,Ward - 1,729,2463,1160,1303
4,41,5,Bensishahar Municipality,2,Ward - 2,1024,3415,1557,1858
4,41,5,Bensishahar Municipality,3,Ward - 3,836,2814,1309,1505
4,41,5,Bensishahar Municipality,4,Ward - 4,256,831,382,449
4,41,5,Bensishahar Municipality,5,Ward - 5,417,1433,692,741
4,41,5,Bensishahar Municipality,6,Ward - 6,639,2280,1051,1229
4,41,5,Bensishahar Municipality,7,Ward - 7,2277,8083,3728,4355
4,41,5,Bensishahar Municipality,8,Ward - 8,2283,7883,3699,4184
4,41,5,Bensishahar Municipality,9,Ward - 9,521,1840,864,976
4,41,5,Bensishahar Municipality,10,Ward - 10,798,2864,1382,1482
4,41,5,Bensishahar Municipality,11,Ward - 11,1258,4326,2055,2271
4,41,6,Sundarbazar Municipality,1,Ward - 1,454,1438,661,777
4,41,6,Sundarbazar Municipality,2,Ward - 2,758,2584,1207,1377
4,41,6,Sundarbazar Municipality,3,Ward - 3,473,1578,735,843
4,41,6,Sundarbazar Municipality,4,Ward - 4,484,1522,718,804
4,41,6,Sundarbazar Municipality,5,Ward - 5,472,1662,771,891
4,41,6,Sundarbazar Municipality,6,Ward - 6,1169,4330,2028,2302
4,41,6,Sundarbazar Municipality,7,Ward - 7,1115,3866,1774,2092
4,41,6,Sundarbazar Municipality,8,Ward - 8,498,1637,762,875
4,41,6,Sundarbazar Municipality,9,Ward - 9,1813,6486,2996,3490
4,41,6,Sundarbazar Municipality,10,Ward - 10,300,916,407,509
4,41,6,Sundarbazar Municipality,11,Ward - 11,293,1024,452,572
4,41,7,Rainas Municipality,1,Ward - 1,277,930,453,477
4,41,7,Rainas Municipality,2,Ward - 2,231,752,378,374
4,41,7,Rainas Municipality,3,Ward - 3,459,1617,768,849
4,41,7,Rainas Municipality,4,Ward - 4,551,1990,919,1071
4,41,7,Rainas Municipality,5,Ward - 5,419,1651,789,862
4,41,7,Rainas Municipality,6,Ward - 6,759,2786,1327,1459
4,41,7,Rainas Municipality,7,Ward - 7,521,1790,827,963
4,41,7,Rainas Municipality,8,Ward - 8,831,2820,1306,1514
4,41,7,Rainas Municipality,9,Ward - 9,506,1722,805,917
4,41,7,Rainas Municipality,10,Ward - 10,407,1344,630,714
4,41,8,Dudhapokhari Gaunpalika,1,Ward - 1,466,1704,818,886
4,41,8,Dudhapokhari Gaunpalika,2,Ward - 2,458,1542,746,796
4,41,8,Dudhapokhari Gaunpalika,3,Ward - 3,266,870,434,436
4,41,8,Dudhapokhari Gaunpalika,4,Ward - 4,313,1049,515,534
4,41,8,Dudhapokhari Gaunpalika,5,Ward - 5,376,1321,632,689
4,41,8,Dudhapokhari Gaunpalika,6,Ward - 6,590,2106,1034,1072
4,42,1,Bhanu Municipality,1,Ward - 1,1183,4385,2108,2277
4,42,1,Bhanu Municipality,2,Ward - 2,932,3227,1526,1701
4,42,1,Bhanu Municipality,3,Ward - 3,1120,3933,1803,2130
4,42,1,Bhanu Municipality,4,Ward - 4,956,3115,1392,1723
4,42,1,Bhanu Municipality,5,Ward - 5,900,3026,1354,1672
4,42,1,Bhanu Municipality,6,Ward - 6,872,3067,1395,1672
4,42,1,Bhanu Municipality,7,Ward - 7,863,2817,1230,1587
4,42,1,Bhanu Municipality,8,Ward - 8,1066,3536,1618,1918
4,42,1,Bhanu Municipality,9,Ward - 9,1070,3552,1636,1916
4,42,1,Bhanu Municipality,10,Ward - 10,989,3320,1503,1817
4,42,1,Bhanu Municipality,11,Ward - 11,1086,3577,1613,1964
4,42,1,Bhanu Municipality,12,Ward - 12,930,2786,1231,1555
4,42,1,Bhanu Municipality,13,Ward - 13,738,2453,1108,1345
4,42,2,Byas Municipality,1,Ward - 1,4253,14594,6448,8146
4,42,2,Byas Municipality,2,Ward - 2,2265,7611,3539,4072
4,42,2,Byas Municipality,3,Ward - 3,1069,3851,1794,2057
4,42,2,Byas Municipality,4,Ward - 4,2407,8000,3723,4277
4,42,2,Byas Municipality,5,Ward - 5,2137,8083,3736,4347
4,42,2,Byas Municipality,6,Ward - 6,1284,4529,2092,2437
4,42,2,Byas Municipality,7,Ward - 7,960,3344,1531,1813
4,42,2,Byas Municipality,8,Ward - 8,588,1816,830,986
4,42,2,Byas Municipality,9,Ward - 9,966,3061,1349,1712
4,42,2,Byas Municipality,10,Ward - 10,1925,7194,3331,3863
4,42,2,Byas Municipality,11,Ward - 11,1775,6316,2964,3352
4,42,2,Byas Municipality,12,Ward - 12,1321,4703,2103,2600
4,42,2,Byas Municipality,13,Ward - 13,961,3525,1659,1866
4,42,2,Byas Municipality,14,Ward - 14,674,2312,1058,1254
4,42,3,Myagde Gaunpalika,1,Ward - 1,911,3422,1569,1853
4,42,3,Myagde Gaunpalika,2,Ward - 2,1025,3588,1635,1953
4,42,3,Myagde Gaunpalika,3,Ward - 3,935,3471,1585,1886
4,42,3,Myagde Gaunpalika,4,Ward - 4,1015,3523,1596,1927
4,42,3,Myagde Gaunpalika,5,Ward - 5,772,2881,1387,1494
4,42,3,Myagde Gaunpalika,6,Ward - 6,828,2980,1417,1563
4,42,3,Myagde Gaunpalika,7,Ward - 7,1029,3713,1693,2020
4,42,4,Shuklagandaki Municipality,1,Ward - 1,669,2394,1147,1247
4,42,4,Shuklagandaki Municipality,2,Ward - 2,1520,5582,2777,2805
4,42,4,Shuklagandaki Municipality,3,Ward - 3,1212,4354,1940,2414
4,42,4,Shuklagandaki Municipality,4,Ward - 4,1320,4802,2303,2499
4,42,4,Shuklagandaki Municipality,5,Ward - 5,2422,8684,3950,4734
4,42,4,Shuklagandaki Municipality,6,Ward - 6,1310,4856,2194,2662
4,42,4,Shuklagandaki Municipality,7,Ward - 7,1591,5871,2716,3155
4,42,4,Shuklagandaki Municipality,8,Ward - 8,1723,6266,2855,3411
4,42,4,Shuklagandaki Municipality,9,Ward - 9,805,3119,1448,1671
4,42,4,Shuklagandaki Municipality,10,Ward - 10,1155,4249,1973,2276
4,42,4,Shuklagandaki Municipality,11,Ward - 11,894,3030,1409,1621
4,42,4,Shuklagandaki Municipality,12,Ward - 12,651,2413,1178,1235
4,42,5,Bhimad Municipality,1,Ward - 1,1049,3859,1723,2136
4,42,5,Bhimad Municipality,2,Ward - 2,1027,3974,1806,2168
4,42,5,Bhimad Municipality,3,Ward - 3,422,1629,746,883
4,42,5,Bhimad Municipality,4,Ward - 4,548,2140,1003,1137
4,42,5,Bhimad Municipality,5,Ward - 5,934,3444,1606,1838
4,42,5,Bhimad Municipality,6,Ward - 6,2028,7253,3276,3977
4,42,5,Bhimad Municipality,7,Ward - 7,653,2351,1112,1239
4,42,5,Bhimad Municipality,8,Ward - 8,718,2498,1136,1362
4,42,5,Bhimad Municipality,9,Ward - 9,591,2100,976,1124
4,42,6,Ghiring Gaunpalika,1,Ward - 1,1024,3754,1696,2058
4,42,6,Ghiring Gaunpalika,2,Ward - 2,607,2398,1136,1262
4,42,6,Ghiring Gaunpalika,3,Ward - 3,656,2533,1169,1364
4,42,6,Ghiring Gaunpalika,4,Ward - 4,833,3138,1429,1709
4,42,6,Ghiring Gaunpalika,5,Ward - 5,663,2511,1138,1373
4,42,7,Rhishing Gaunpalika,1,Ward - 1,986,4388,2070,2318
4,42,7,Rhishing Gaunpalika,2,Ward - 2,382,1411,637,774
4,42,7,Rhishing Gaunpalika,3,Ward - 3,485,1866,855,1011
4,42,7,Rhishing Gaunpalika,4,Ward - 4,557,1855,836,1019
4,42,7,Rhishing Gaunpalika,5,Ward - 5,702,2671,1229,1442
4,42,7,Rhishing Gaunpalika,6,Ward - 6,599,2123,930,1193
4,42,7,Rhishing Gaunpalika,7,Ward - 7,500,1797,794,1003
4,42,7,Rhishing Gaunpalika,8,Ward - 8,458,1807,857,950
4,42,8,Devghat Gaunpalika,1,Ward - 1,554,2377,1100,1277
4,42,8,Devghat Gaunpalika,2,Ward - 2,561,2449,1202,1247
4,42,8,Devghat Gaunpalika,3,Ward - 3,332,1516,732,784
4,42,8,Devghat Gaunpalika,4,Ward - 4,369,1454,709,745
4,42,8,Devghat Gaunpalika,5,Ward - 5,1854,6788,3230,3558
4,42,9,Bandipur Gaunpalika,1,Ward - 1,1271,4758,2355,2403
4,42,9,Bandipur Gaunpalika,2,Ward - 2,873,3146,1489,1657
4,42,9,Bandipur Gaunpalika,3,Ward - 3,598,2017,931,1086
4,42,9,Bandipur Gaunpalika,4,Ward - 4,1127,3978,1904,2074
4,42,9,Bandipur Gaunpalika,5,Ward - 5,748,2617,1242,1375
4,42,9,Bandipur Gaunpalika,6,Ward - 6,591,2016,961,1055
4,42,10,Aanbu Khaireni Gaunpalika,1,Ward - 1,1022,3854,1817,2037
4,42,10,Aanbu Khaireni Gaunpalika,2,Ward - 2,1088,4042,1954,2088
4,42,10,Aanbu Khaireni Gaunpalika,3,Ward - 3,2784,9440,4459,4981
4,42,10,Aanbu Khaireni Gaunpalika,4,Ward - 4,474,1757,862,895
4,42,10,Aanbu Khaireni Gaunpalika,5,Ward - 5,354,1510,750,760
4,42,10,Aanbu Khaireni Gaunpalika,6,Ward - 6,414,1649,775,874
4,43,1,Gaidakot Municipality,1,Ward - 1,2456,9439,4460,4979
4,43,1,Gaidakot Municipality,2,Ward - 2,2483,8791,4322,4469
4,43,1,Gaidakot Municipality,3,Ward - 3,702,3162,1549,1613
4,43,1,Gaidakot Municipality,4,Ward - 4,1516,5981,2885,3096
4,43,1,Gaidakot Municipality,5,Ward - 5,1991,7931,3723,4208
4,43,1,Gaidakot Municipality,6,Ward - 6,908,3784,1882,1902
4,43,1,Gaidakot Municipality,7,Ward - 7,847,3488,1717,1771
4,43,1,Gaidakot Municipality,8,Ward - 8,1170,4408,2116,2292
4,43,1,Gaidakot Municipality,9,Ward - 9,565,2188,1080,1108
4,43,1,Gaidakot Municipality,10,Ward - 10,1139,4473,2181,2292
4,43,1,Gaidakot Municipality,11,Ward - 11,1121,4405,2049,2356
4,43,1,Gaidakot Municipality,12,Ward - 12,973,4003,1854,2149
4,43,1,Gaidakot Municipality,13,Ward - 13,1016,3836,1831,2005
4,43,1,Gaidakot Municipality,14,Ward - 14,1074,4311,1981,2330
4,43,1,Gaidakot Municipality,15,Ward - 15,785,3106,1432,1674
4,43,1,Gaidakot Municipality,16,Ward - 16,657,2695,1264,1431
4,43,1,Gaidakot Municipality,17,Ward - 17,446,1844,878,966
4,43,1,Gaidakot Municipality,18,Ward - 18,342,1504,725,779
4,43,2,Bulingtar Gaunpalika,1,Ward - 1,477,2066,1011,1055
4,43,2,Bulingtar Gaunpalika,2,Ward - 2,401,1762,832,930
4,43,2,Bulingtar Gaunpalika,3,Ward - 3,818,3455,1700,1755
4,43,2,Bulingtar Gaunpalika,4,Ward - 4,710,3113,1449,1664
4,43,2,Bulingtar Gaunpalika,5,Ward - 5,411,1511,693,818
4,43,2,Bulingtar Gaunpalika,6,Ward - 6,585,2730,1355,1375
4,43,3,Baudikali Gaunpalika,1,Ward - 1,409,1468,701,767
4,43,3,Baudikali Gaunpalika,2,Ward - 2,881,3284,1477,1807
4,43,3,Baudikali Gaunpalika,3,Ward - 3,415,1670,768,902
4,43,3,Baudikali Gaunpalika,4,Ward - 4,486,2002,934,1068
4,43,3,Baudikali Gaunpalika,5,Ward - 5,239,893,396,497
4,43,3,Baudikali Gaunpalika,6,Ward - 6,483,2021,904,1117
4,43,4,Hupsekot Gaunpalika,1,Ward - 1,1253,5219,2375,2844
4,43,4,Hupsekot Gaunpalika,2,Ward - 2,1087,4720,2110,2610
4,43,4,Hupsekot Gaunpalika,3,Ward - 3,1341,5535,2461,3074
4,43,4,Hupsekot Gaunpalika,4,Ward - 4,1480,6295,2873,3422
4,43,4,Hupsekot Gaunpalika,5,Ward - 5,386,1767,874,893
4,43,4,Hupsekot Gaunpalika,6,Ward - 6,632,3047,1460,1587
4,43,5,Devchuli Municipality,1,Ward - 1,946,3812,1833,1979
4,43,5,Devchuli Municipality,2,Ward - 2,702,2719,1344,1375
4,43,5,Devchuli Municipality,3,Ward - 3,508,1996,976,1020
4,43,5,Devchuli Municipality,4,Ward - 4,806,3199,1521,1678
4,43,5,Devchuli Municipality,5,Ward - 5,529,2252,1060,1192
4,43,5,Devchuli Municipality,6,Ward - 6,393,1817,843,974
4,43,5,Devchuli Municipality,7,Ward - 7,585,2411,1120,1291
4,43,5,Devchuli Municipality,8,Ward - 8,369,1535,702,833
4,43,5,Devchuli Municipality,9,Ward - 9,919,3669,1657,2012
4,43,5,Devchuli Municipality,10,Ward - 10,949,3616,1634,1982
4,43,5,Devchuli Municipality,11,Ward - 11,969,3845,1800,2045
4,43,5,Devchuli Municipality,12,Ward - 12,668,2672,1258,1414
4,43,5,Devchuli Municipality,13,Ward - 13,968,3697,1789,1908
4,43,5,Devchuli Municipality,14,Ward - 14,1005,3832,1821,2011
4,43,5,Devchuli Municipality,15,Ward - 15,921,3655,1758,1897
4,43,5,Devchuli Municipality,16,Ward - 16,1423,5855,2671,3184
4,43,5,Devchuli Municipality,17,Ward - 17,1833,7421,3549,3872
4,43,6,Kawasoti Municipality,1,Ward - 1,1637,6626,3005,3621
4,43,6,Kawasoti Municipality,2,Ward - 2,2118,7836,3602,4234
4,43,6,Kawasoti Municipality,3,Ward - 3,3194,12012,5545,6467
4,43,6,Kawasoti Municipality,4,Ward - 4,822,3397,1586,1811
4,43,6,Kawasoti Municipality,5,Ward - 5,772,3280,1502,1778
4,43,6,Kawasoti Municipality,6,Ward - 6,582,2321,1093,1228
4,43,6,Kawasoti Municipality,7,Ward - 7,712,2910,1380,1530
4,43,6,Kawasoti Municipality,8,Ward - 8,2565,9589,4626,4963
4,43,6,Kawasoti Municipality,9,Ward - 9,612,2412,1198,1214
4,43,6,Kawasoti Municipality,10,Ward - 10,683,2820,1334,1486
4,43,6,Kawasoti Municipality,11,Ward - 11,828,3262,1515,1747
4,43,6,Kawasoti Municipality,12,Ward - 12,658,2681,1283,1398
4,43,6,Kawasoti Municipality,13,Ward - 13,1019,4007,1821,2186
4,43,6,Kawasoti Municipality,14,Ward - 14,1549,6135,2813,3322
4,43,6,Kawasoti Municipality,15,Ward - 15,1205,4767,2224,2543
4,43,6,Kawasoti Municipality,16,Ward - 16,1458,5845,2774,3071
4,43,6,Kawasoti Municipality,17,Ward - 17,1752,6921,3222,3699
4,43,7,Madhya Bindu Municipality,1,Ward - 1,1063,4195,1979,2216
4,43,7,Madhya Bindu Municipality,2,Ward - 2,867,3414,1600,1814
4,43,7,Madhya Bindu Municipality,3,Ward - 3,704,3094,1417,1677
4,43,7,Madhya Bindu Municipality,4,Ward - 4,833,3301,1532,1769
4,43,7,Madhya Bindu Municipality,5,Ward - 5,855,3290,1492,1798
4,43,7,Madhya Bindu Municipality,6,Ward - 6,918,3702,1706,1996
4,43,7,Madhya Bindu Municipality,7,Ward - 7,1158,4366,2003,2363
4,43,7,Madhya Bindu Municipality,8,Ward - 8,910,3515,1670,1845
4,43,7,Madhya Bindu Municipality,9,Ward - 9,858,3246,1419,1827
4,43,7,Madhya Bindu Municipality,10,Ward - 10,1629,6407,2890,3517
4,43,7,Madhya Bindu Municipality,11,Ward - 11,1005,3812,1800,2012
4,43,7,Madhya Bindu Municipality,12,Ward - 12,1643,6428,2841,3587
4,43,7,Madhya Bindu Municipality,13,Ward - 13,661,2695,1228,1467
4,43,7,Madhya Bindu Municipality,14,Ward - 14,596,2697,1249,1448
4,43,7,Madhya Bindu Municipality,15,Ward - 15,1730,6929,3154,3775
4,43,8,Binayi Tribeni Gaunpalika,1,Ward - 1,1564,6254,2884,3370
4,43,8,Binayi Tribeni Gaunpalika,2,Ward - 2,1740,7262,3480,3782
4,43,8,Binayi Tribeni Gaunpalika,3,Ward - 3,1095,4797,2240,2557
4,43,8,Binayi Tribeni Gaunpalika,4,Ward - 4,1935,7921,3809,4112
4,43,8,Binayi Tribeni Gaunpalika,5,Ward - 5,776,3479,1651,1828
4,43,8,Binayi Tribeni Gaunpalika,6,Ward - 6,1034,4353,2020,2333
4,43,8,Binayi Tribeni Gaunpalika,7,Ward - 7,932,4304,2045,2259
4,44,1,Putalibazar Municipality,1,Ward - 1,1917,6623,3141,3482
4,44,1,Putalibazar Municipality,2,Ward - 2,461,1585,704,881
4,44,1,Putalibazar Municipality,3,Ward - 3,1679,5881,2715,3166
4,44,1,Putalibazar Municipality,4,Ward - 4,799,2805,1251,1554
4,44,1,Putalibazar Municipality,5,Ward - 5,705,2542,1154,1388
4,44,1,Putalibazar Municipality,6,Ward - 6,471,1603,748,855
4,44,1,Putalibazar Municipality,7,Ward - 7,746,2489,1144,1345
4,44,1,Putalibazar Municipality,8,Ward - 8,394,1321,601,720
4,44,1,Putalibazar Municipality,9,Ward - 9,381,1359,639,720
4,44,1,Putalibazar Municipality,10,Ward - 10,878,3165,1490,1675
4,44,1,Putalibazar Municipality,11,Ward - 11,676,2269,1049,1220
4,44,1,Putalibazar Municipality,12,Ward - 12,331,1309,612,697
4,44,1,Putalibazar Municipality,13,Ward - 13,1418,5166,2382,2784
4,44,1,Putalibazar Municipality,14,Ward - 14,1025,3626,1636,1990
4,44,2,Phedikhola Gaunpalika,1,Ward - 1,672,2286,1035,1251
4,44,2,Phedikhola Gaunpalika,2,Ward - 2,1149,4045,1845,2200
4,44,2,Phedikhola Gaunpalika,3,Ward - 3,391,1335,610,725
4,44,2,Phedikhola Gaunpalika,4,Ward - 4,696,2488,1182,1306
4,44,2,Phedikhola Gaunpalika,5,Ward - 5,257,745,340,405
4,44,3,Aandhikhola Gaunpalika,1,Ward - 1,872,3065,1383,1682
4,44,3,Aandhikhola Gaunpalika,2,Ward - 2,651,2091,946,1145
4,44,3,Aandhikhola Gaunpalika,3,Ward - 3,507,1624,736,888
4,44,3,Aandhikhola Gaunpalika,4,Ward - 4,564,1779,829,950
4,44,3,Aandhikhola Gaunpalika,5,Ward - 5,811,2615,1179,1436
4,44,3,Aandhikhola Gaunpalika,6,Ward - 6,587,1920,882,1038
4,44,4,Arjun Choupari Gaunpalika,1,Ward - 1,1031,4052,1933,2119
4,44,4,Arjun Choupari Gaunpalika,2,Ward - 2,520,1961,901,1060
4,44,4,Arjun Choupari Gaunpalika,3,Ward - 3,440,1710,793,917
4,44,4,Arjun Choupari Gaunpalika,4,Ward - 4,442,1666,755,911
4,44,4,Arjun Choupari Gaunpalika,5,Ward - 5,728,2391,1067,1324
4,44,4,Arjun Choupari Gaunpalika,6,Ward - 6,647,2265,1023,1242
4,44,5,Bhirkot Municipality,1,Ward - 1,1070,3961,1785,2176
4,44,5,Bhirkot Municipality,2,Ward - 2,869,3363,1548,1815
4,44,5,Bhirkot Municipality,3,Ward - 3,765,2669,1202,1467
4,44,5,Bhirkot Municipality,4,Ward - 4,366,1340,616,724
4,44,5,Bhirkot Municipality,5,Ward - 5,735,2702,1222,1480
4,44,5,Bhirkot Municipality,6,Ward - 6,576,2019,900,1119
4,44,5,Bhirkot Municipality,7,Ward - 7,511,1816,827,989
4,44,5,Bhirkot Municipality,8,Ward - 8,763,2784,1273,1511
4,44,5,Bhirkot Municipality,9,Ward - 9,516,1991,894,1097
4,44,6,Biruwa Gaunpalika,1,Ward - 1,545,1829,865,964
4,44,6,Biruwa Gaunpalika,2,Ward - 2,364,1294,626,668
4,44,6,Biruwa Gaunpalika,3,Ward - 3,362,1288,585,703
4,44,6,Biruwa Gaunpalika,4,Ward - 4,763,2669,1247,1422
4,44,6,Biruwa Gaunpalika,5,Ward - 5,447,1499,711,788
4,44,6,Biruwa Gaunpalika,6,Ward - 6,569,2088,997,1091
4,44,6,Biruwa Gaunpalika,7,Ward - 7,459,1728,814,914
4,44,6,Biruwa Gaunpalika,8,Ward - 8,445,1606,746,860
4,44,7,Harinas Gaunpalika,1,Ward - 1,477,1637,739,898
4,44,7,Harinas Gaunpalika,2,Ward - 2,388,1535,673,862
4,44,7,Harinas Gaunpalika,3,Ward - 3,456,1722,805,917
4,44,7,Harinas Gaunpalika,4,Ward - 4,716,2517,1123,1394
4,44,7,Harinas Gaunpalika,5,Ward - 5,367,1396,665,731
4,44,7,Harinas Gaunpalika,6,Ward - 6,613,2184,986,1198
4,44,7,Harinas Gaunpalika,7,Ward - 7,565,2200,1027,1173
4,44,8,Chapakot Municipality,1,Ward - 1,428,1682,741,941
4,44,8,Chapakot Municipality,2,Ward - 2,576,2136,952,1184
4,44,8,Chapakot Municipality,3,Ward - 3,402,1418,652,766
4,44,8,Chapakot Municipality,4,Ward - 4,503,1801,833,968
4,44,8,Chapakot Municipality,5,Ward - 5,689,2462,1087,1375
4,44,8,Chapakot Municipality,6,Ward - 6,507,1764,818,946
4,44,8,Chapakot Municipality,7,Ward - 7,622,2240,1043,1197
4,44,8,Chapakot Municipality,8,Ward - 8,924,3482,1565,1917
4,44,8,Chapakot Municipality,9,Ward - 9,992,3734,1693,2041
4,44,8,Chapakot Municipality,10,Ward - 10,608,2250,1032,1218
4,44,9,Walling Municipality,1,Ward - 1,1080,4006,1843,2163
4,44,9,Walling Municipality,2,Ward - 2,598,2246,1035,1211
4,44,9,Walling Municipality,3,Ward - 3,326,1261,595,666
4,44,9,Walling Municipality,4,Ward - 4,517,1898,906,992
4,44,9,Walling Municipality,5,Ward - 5,643,2574,1183,1391
4,44,9,Walling Municipality,6,Ward - 6,842,3184,1452,1732
4,44,9,Walling Municipality,7,Ward - 7,562,2073,934,1139
4,44,9,Walling Municipality,8,Ward - 8,1721,6242,3003,3239
4,44,9,Walling Municipality,9,Ward - 9,2323,8566,3945,4621
4,44,9,Walling Municipality,10,Ward - 10,1053,4067,1965,2102
4,44,9,Walling Municipality,11,Ward - 11,753,2804,1290,1514
4,44,9,Walling Municipality,12,Ward - 12,693,2626,1190,1436
4,44,9,Walling Municipality,13,Ward - 13,1085,4379,2062,2317
4,44,9,Walling Municipality,14,Ward - 14,1228,4562,2079,2483
4,44,10,Galyang Municipality,1,Ward - 1,684,2609,1181,1428
4,44,10,Galyang Municipality,2,Ward - 2,773,3140,1374,1766
4,44,10,Galyang Municipality,3,Ward - 3,1350,5158,2481,2677
4,44,10,Galyang Municipality,4,Ward - 4,541,2054,918,1136
4,44,10,Galyang Municipality,5,Ward - 5,422,1633,743,890
4,44,10,Galyang Municipality,6,Ward - 6,609,2231,1032,1199
4,44,10,Galyang Municipality,7,Ward - 7,876,3614,1631,1983
4,44,10,Galyang Municipality,8,Ward - 8,589,2456,1086,1370
4,44,10,Galyang Municipality,9,Ward - 9,771,3049,1362,1687
4,44,10,Galyang Municipality,10,Ward - 10,343,1212,542,670
4,44,10,Galyang Municipality,11,Ward - 11,975,3878,1804,2074
4,44,11,Kaligandaki Gaunpalika,1,Ward - 1,615,2401,1073,1328
4,44,11,Kaligandaki Gaunpalika,2,Ward - 2,837,3307,1470,1837
4,44,11,Kaligandaki Gaunpalika,3,Ward - 3,612,2325,1056,1269
4,44,11,Kaligandaki Gaunpalika,4,Ward - 4,701,2553,1136,1417
4,44,11,Kaligandaki Gaunpalika,5,Ward - 5,677,2452,1106,1346
4,44,11,Kaligandaki Gaunpalika,6,Ward - 6,615,2287,1025,1262
4,44,11,Kaligandaki Gaunpalika,7,Ward - 7,705,2630,1278,1352
4,45,1,Modi Gaunpalika,1,Ward - 1,549,1939,942,997
4,45,1,Modi Gaunpalika,2,Ward - 2,798,2698,1266,1432
4,45,1,Modi Gaunpalika,3,Ward - 3,423,1512,737,775
4,45,1,Modi Gaunpalika,4,Ward - 4,458,1708,854,854
4,45,1,Modi Gaunpalika,5,Ward - 5,1070,3957,1858,2099
4,45,1,Modi Gaunpalika,6,Ward - 6,1275,4433,2032,2401
4,45,1,Modi Gaunpalika,7,Ward - 7,431,1299,592,707
4,45,1,Modi Gaunpalika,8,Ward - 8,400,1248,572,676
4,45,2,Jaljala Gaunpalika,1,Ward - 1,238,900,451,449
4,45,2,Jaljala Gaunpalika,2,Ward - 2,703,2516,1154,1362
4,45,2,Jaljala Gaunpalika,3,Ward - 3,1188,4197,2004,2193
4,45,2,Jaljala Gaunpalika,4,Ward - 4,699,2564,1173,1391
4,45,2,Jaljala Gaunpalika,5,Ward - 5,610,2022,985,1037
4,45,2,Jaljala Gaunpalika,6,Ward - 6,564,1812,896,916
4,45,2,Jaljala Gaunpalika,7,Ward - 7,896,3173,1550,1623
4,45,2,Jaljala Gaunpalika,8,Ward - 8,736,2617,1234,1383
4,45,2,Jaljala Gaunpalika,9,Ward - 9,327,1318,628,690
4,45,3,Kushma Municipality,1,Ward - 1,1221,4641,2148,2493
4,45,3,Kushma Municipality,2,Ward - 2,932,3369,1566,1803
4,45,3,Kushma Municipality,3,Ward - 3,727,2456,1134,1322
4,45,3,Kushma Municipality,4,Ward - 4,951,3448,1638,1810
4,45,3,Kushma Municipality,5,Ward - 5,1417,4753,2254,2499
4,45,3,Kushma Municipality,6,Ward - 6,1088,3669,1764,1905
4,45,3,Kushma Municipality,7,Ward - 7,723,2647,1281,1366
4,45,3,Kushma Municipality,8,Ward - 8,513,1975,937,1038
4,45,3,Kushma Municipality,9,Ward - 9,550,1986,953,1033
4,45,3,Kushma Municipality,10,Ward - 10,598,2074,979,1095
4,45,3,Kushma Municipality,11,Ward - 11,576,1962,930,1032
4,45,3,Kushma Municipality,12,Ward - 12,581,1721,758,963
4,45,3,Kushma Municipality,13,Ward - 13,487,1566,663,903
4,45,3,Kushma Municipality,14,Ward - 14,598,1834,848,986
4,45,4,Phalebas Municipality,1,Ward - 1,456,1625,750,875
4,45,4,Phalebas Municipality,2,Ward - 2,744,2680,1214,1466
4,45,4,Phalebas Municipality,3,Ward - 3,904,3256,1434,1822
4,45,4,Phalebas Municipality,4,Ward - 4,453,1555,721,834
4,45,4,Phalebas Municipality,5,Ward - 5,407,1447,683,764
4,45,4,Phalebas Municipality,6,Ward - 6,817,3008,1422,1586
4,45,4,Phalebas Municipality,7,Ward - 7,347,1212,548,664
4,45,4,Phalebas Municipality,8,Ward - 8,337,1239,560,679
4,45,4,Phalebas Municipality,9,Ward - 9,424,1526,713,813
4,45,4,Phalebas Municipality,10,Ward - 10,422,1413,642,771
4,45,4,Phalebas Municipality,11,Ward - 11,426,1507,678,829
4,45,5,Mahashila Gaunpalika,1,Ward - 1,297,1478,714,764
4,45,5,Mahashila Gaunpalika,2,Ward - 2,149,582,290,292
4,45,5,Mahashila Gaunpalika,3,Ward - 3,268,1009,471,538
4,45,5,Mahashila Gaunpalika,4,Ward - 4,533,1992,908,1084
4,45,5,Mahashila Gaunpalika,5,Ward - 5,600,2276,1090,1186
4,45,5,Mahashila Gaunpalika,6,Ward - 6,210,779,335,444
4,45,6,Bihadi Gaunpalika,1,Ward - 1,413,1393,659,734
4,45,6,Bihadi Gaunpalika,2,Ward - 2,436,1701,821,880
4,45,6,Bihadi Gaunpalika,3,Ward - 3,526,2094,982,1112
4,45,6,Bihadi Gaunpalika,4,Ward - 4,331,1330,609,721
4,45,6,Bihadi Gaunpalika,5,Ward - 5,469,1964,922,1042
4,45,6,Bihadi Gaunpalika,6,Ward - 6,548,2346,1120,1226
4,45,7,Paiyu Gaunpalika,1,Ward - 1,287,1120,515,605
4,45,7,Paiyu Gaunpalika,2,Ward - 2,395,1622,795,827
4,45,7,Paiyu Gaunpalika,3,Ward - 3,523,2081,941,1140
4,45,7,Paiyu Gaunpalika,4,Ward - 4,905,3428,1625,1803
4,45,7,Paiyu Gaunpalika,5,Ward - 5,356,1359,626,733
4,45,7,Paiyu Gaunpalika,6,Ward - 6,389,1544,713,831
4,45,7,Paiyu Gaunpalika,7,Ward - 7,413,1571,714,857
4,46,1,Baglung Municipality,1,Ward - 1,1361,4746,2275,2471
4,46,1,Baglung Municipality,2,Ward - 2,2216,7318,3486,3832
4,46,1,Baglung Municipality,3,Ward - 3,2782,9829,4569,5260
4,46,1,Baglung Municipality,4,Ward - 4,1313,4892,2275,2617
4,46,1,Baglung Municipality,5,Ward - 5,538,2005,963,1042
4,46,1,Baglung Municipality,6,Ward - 6,667,2489,1158,1331
4,46,1,Baglung Municipality,7,Ward - 7,871,3092,1425,1667
4,46,1,Baglung Municipality,8,Ward - 8,664,2292,1036,1256
4,46,1,Baglung Municipality,9,Ward - 9,930,3323,1500,1823
4,46,1,Baglung Municipality,10,Ward - 10,848,3077,1430,1647
4,46,1,Baglung Municipality,11,Ward - 11,442,1587,730,857
4,46,1,Baglung Municipality,12,Ward - 12,1144,3933,1804,2129
4,46,1,Baglung Municipality,13,Ward - 13,1336,4547,2059,2488
4,46,1,Baglung Municipality,14,Ward - 14,812,2972,1370,1602
4,46,2,Kathekhola Gaunpalika,1,Ward - 1,647,2504,1135,1369
4,46,2,Kathekhola Gaunpalika,2,Ward - 2,830,3036,1399,1637
4,46,2,Kathekhola Gaunpalika,3,Ward - 3,574,2154,977,1177
4,46,2,Kathekhola Gaunpalika,4,Ward - 4,857,3404,1575,1829
4,46,2,Kathekhola Gaunpalika,5,Ward - 5,743,2990,1411,1579
4,46,2,Kathekhola Gaunpalika,6,Ward - 6,553,2077,966,1111
4,46,2,Kathekhola Gaunpalika,7,Ward - 7,1132,4169,1821,2348
4,46,2,Kathekhola Gaunpalika,8,Ward - 8,556,2192,972,1220
4,46,3,Tarakhola Gaunpalika,1,Ward - 1,491,1887,874,1013
4,46,3,Tarakhola Gaunpalika,2,Ward - 2,445,2106,1046,1060
4,46,3,Tarakhola Gaunpalika,3,Ward - 3,467,2043,996,1047
4,46,3,Tarakhola Gaunpalika,4,Ward - 4,343,1438,677,761
4,46,3,Tarakhola Gaunpalika,5,Ward - 5,591,2646,1329,1317
4,46,4,Tamankhola Gaunpalika,1,Ward - 1,695,2674,1268,1406
4,46,4,Tamankhola Gaunpalika,2,Ward - 2,641,2563,1158,1405
4,46,4,Tamankhola Gaunpalika,3,Ward - 3,421,1612,724,888
4,46,4,Tamankhola Gaunpalika,4,Ward - 4,273,993,442,551
4,46,4,Tamankhola Gaunpalika,5,Ward - 5,379,1336,621,715
4,46,4,Tamankhola Gaunpalika,6,Ward - 6,202,804,380,424
4,46,5,Dhorpatan Municipality,1,Ward - 1,1547,5868,2792,3076
4,46,5,Dhorpatan Municipality,2,Ward - 2,941,3798,1755,2043
4,46,5,Dhorpatan Municipality,3,Ward - 3,649,2480,1104,1376
4,46,5,Dhorpatan Municipality,4,Ward - 4,934,3977,1867,2110
4,46,5,Dhorpatan Municipality,5,Ward - 5,761,2977,1329,1648
4,46,5,Dhorpatan Municipality,6,Ward - 6,888,3545,1616,1929
4,46,5,Dhorpatan Municipality,7,Ward - 7,506,2223,1021,1202
4,46,5,Dhorpatan Municipality,8,Ward - 8,415,1592,733,859
4,46,5,Dhorpatan Municipality,9,Ward - 9,844,3608,1750,1858
4,46,6,Nisikhola Gaunpalika,1,Ward - 1,872,3375,1505,1870
4,46,6,Nisikhola Gaunpalika,2,Ward - 2,950,3804,1743,2061
4,46,6,Nisikhola Gaunpalika,3,Ward - 3,779,3177,1455,1722
4,46,6,Nisikhola Gaunpalika,4,Ward - 4,739,3041,1406,1635
4,46,6,Nisikhola Gaunpalika,5,Ward - 5,876,3577,1603,1974
4,46,6,Nisikhola Gaunpalika,6,Ward - 6,821,3589,1697,1892
4,46,6,Nisikhola Gaunpalika,7,Ward - 7,598,2556,1151,1405
4,46,7,Badigad Gaunpalika,1,Ward - 1,538,2173,1028,1145
4,46,7,Badigad Gaunpalika,2,Ward - 2,747,2961,1375,1586
4,46,7,Badigad Gaunpalika,3,Ward - 3,449,1735,796,939
4,46,7,Badigad Gaunpalika,4,Ward - 4,796,3388,1556,1832
4,46,7,Badigad Gaunpalika,5,Ward - 5,1003,4200,1963,2237
4,46,7,Badigad Gaunpalika,6,Ward - 6,467,2066,993,1073
4,46,7,Badigad Gaunpalika,7,Ward - 7,854,3549,1583,1966
4,46,7,Badigad Gaunpalika,8,Ward - 8,581,2606,1244,1362
4,46,7,Badigad Gaunpalika,9,Ward - 9,565,2507,1163,1344
4,46,7,Badigad Gaunpalika,10,Ward - 10,745,3654,1699,1955
4,46,8,Galkot Municipality,1,Ward - 1,899,3580,1666,1914
4,46,8,Galkot Municipality,2,Ward - 2,701,2823,1301,1522
4,46,8,Galkot Municipality,3,Ward - 3,1138,4375,2081,2294
4,46,8,Galkot Municipality,4,Ward - 4,583,2349,1074,1275
4,46,8,Galkot Municipality,5,Ward - 5,716,2819,1322,1497
4,46,8,Galkot Municipality,6,Ward - 6,666,2647,1265,1382
4,46,8,Galkot Municipality,7,Ward - 7,527,2087,1014,1073
4,46,8,Galkot Municipality,8,Ward - 8,511,2039,990,1049
4,46,8,Galkot Municipality,9,Ward - 9,502,1985,939,1046
4,46,8,Galkot Municipality,10,Ward - 10,605,2352,1076,1276
4,46,8,Galkot Municipality,11,Ward - 11,866,3532,1644,1888
4,46,9,Bareng Gaunpalika,1,Ward - 1,773,2994,1369,1625
4,46,9,Bareng Gaunpalika,2,Ward - 2,875,3390,1566,1824
4,46,9,Bareng Gaunpalika,3,Ward - 3,718,2680,1207,1473
4,46,9,Bareng Gaunpalika,4,Ward - 4,327,1165,536,629
4,46,9,Bareng Gaunpalika,5,Ward - 5,232,929,424,505
4,46,10,Jaimuni Municipality,1,Ward - 1,765,2528,1184,1344
4,46,10,Jaimuni Municipality,2,Ward - 2,631,2369,1110,1259
4,46,10,Jaimuni Municipality,3,Ward - 3,538,1965,858,1107
4,46,10,Jaimuni Municipality,4,Ward - 4,522,1824,827,997
4,46,10,Jaimuni Municipality,5,Ward - 5,536,1838,823,1015
4,46,10,Jaimuni Municipality,6,Ward - 6,441,1639,746,893
4,46,10,Jaimuni Municipality,7,Ward - 7,854,3017,1352,1665
4,46,10,Jaimuni Municipality,8,Ward - 8,967,3676,1650,2026
4,46,10,Jaimuni Municipality,9,Ward - 9,718,2604,1217,1387
4,46,10,Jaimuni Municipality,10,Ward - 10,856,3168,1455,1713
5,47,1,Putha Uttanganga Gaunpalika,1,Ward - 1,154,773,384,389
5,47,1,Putha Uttanganga Gaunpalika,2,Ward - 2,408,1752,870,882
5,47,1,Putha Uttanganga Gaunpalika,3,Ward - 3,159,778,379,399
5,47,1,Putha Uttanganga Gaunpalika,4,Ward - 4,207,911,462,449
5,47,1,Putha Uttanganga Gaunpalika,5,Ward - 5,406,1730,855,875
5,47,1,Putha Uttanganga Gaunpalika,6,Ward - 6,169,762,373,389
5,47,1,Putha Uttanganga Gaunpalika,7,Ward - 7,208,808,382,426
5,47,1,Putha Uttanganga Gaunpalika,8,Ward - 8,306,1378,675,703
5,47,1,Putha Uttanganga Gaunpalika,9,Ward - 9,226,1018,520,498
5,47,1,Putha Uttanganga Gaunpalika,10,Ward - 10,559,2004,959,1045
5,47,1,Putha Uttanganga Gaunpalika,11,Ward - 11,321,1295,634,661
5,47,1,Putha Uttanganga Gaunpalika,12,Ward - 12,481,2046,988,1058
5,47,1,Putha Uttanganga Gaunpalika,13,Ward - 13,306,1171,572,599
5,47,1,Putha Uttanganga Gaunpalika,14,Ward - 14,458,1882,926,956
5,47,2,Sisne Gaunpalika,1,Ward - 1,488,2223,1100,1123
5,47,2,Sisne Gaunpalika,2,Ward - 2,418,1722,859,863
5,47,2,Sisne Gaunpalika,3,Ward - 3,440,1875,877,998
5,47,2,Sisne Gaunpalika,4,Ward - 4,592,2883,1424,1459
5,47,2,Sisne Gaunpalika,5,Ward - 5,755,3436,1699,1737
5,47,2,Sisne Gaunpalika,6,Ward - 6,690,2631,1277,1354
5,47,2,Sisne Gaunpalika,7,Ward - 7,368,1478,706,772
5,47,2,Sisne Gaunpalika,8,Ward - 8,548,2286,1072,1214
5,47,3,Bhoome Gaunpalika,1,Ward - 1,584,2713,1288,1425
5,47,3,Bhoome Gaunpalika,2,Ward - 2,486,2288,1094,1194
5,47,3,Bhoome Gaunpalika,3,Ward - 3,556,2325,1093,1232
5,47,3,Bhoome Gaunpalika,4,Ward - 4,328,1434,688,746
5,47,3,Bhoome Gaunpalika,5,Ward - 5,329,1432,659,773
5,47,3,Bhoome Gaunpalika,6,Ward - 6,415,1808,855,953
5,47,3,Bhoome Gaunpalika,7,Ward - 7,349,1539,784,755
5,47,3,Bhoome Gaunpalika,8,Ward - 8,512,2633,1219,1414
5,47,3,Bhoome Gaunpalika,9,Ward - 9,652,3657,1740,1917
5,48,1,Sunchhahari Gaunpalika,1,Ward - 1,416,2066,1025,1041
5,48,1,Sunchhahari Gaunpalika,2,Ward - 2,436,2170,1082,1088
5,48,1,Sunchhahari Gaunpalika,3,Ward - 3,507,2244,1112,1132
5,48,1,Sunchhahari Gaunpalika,4,Ward - 4,433,1846,821,1025
5,48,1,Sunchhahari Gaunpalika,5,Ward - 5,668,3378,1653,1725
5,48,1,Sunchhahari Gaunpalika,6,Ward - 6,551,2500,1134,1366
5,48,1,Sunchhahari Gaunpalika,7,Ward - 7,575,3037,1463,1574
5,48,2,Thawang Gaunpalika,1,Ward - 1,517,2011,951,1060
5,48,2,Thawang Gaunpalika,2,Ward - 2,641,2511,1176,1335
5,48,2,Thawang Gaunpalika,3,Ward - 3,575,2564,1181,1383
5,48,2,Thawang Gaunpalika,4,Ward - 4,406,1833,877,956
5,48,2,Thawang Gaunpalika,5,Ward - 5,412,1932,925,1007
5,48,3,Pariwartan Gaunpalika,1,Ward - 1,675,2939,1362,1577
5,48,3,Pariwartan Gaunpalika,2,Ward - 2,1096,4928,2246,2682
5,48,3,Pariwartan Gaunpalika,3,Ward - 3,747,3227,1465,1762
5,48,3,Pariwartan Gaunpalika,4,Ward - 4,879,4361,2006,2355
5,48,3,Pariwartan Gaunpalika,5,Ward - 5,818,3955,1837,2118
5,48,3,Pariwartan Gaunpalika,6,Ward - 6,467,2261,1069,1192
5,48,4,Gangadev Gaunpalika,1,Ward - 1,481,2243,1039,1204
5,48,4,Gangadev Gaunpalika,2,Ward - 2,648,2908,1372,1536
5,48,4,Gangadev Gaunpalika,3,Ward - 3,726,3137,1447,1690
5,48,4,Gangadev Gaunpalika,4,Ward - 4,694,3644,1728,1916
5,48,4,Gangadev Gaunpalika,5,Ward - 5,642,3341,1607,1734
5,48,4,Gangadev Gaunpalika,6,Ward - 6,707,3703,1722,1981
5,48,4,Gangadev Gaunpalika,7,Ward - 7,535,2527,1130,1397
5,48,5,Madi Gaunpalika,1,Ward - 1,986,4630,2187,2443
5,48,5,Madi Gaunpalika,2,Ward - 2,603,2547,1191,1356
5,48,5,Madi Gaunpalika,3,Ward - 3,657,2945,1382,1563
5,48,5,Madi Gaunpalika,4,Ward - 4,501,2269,1021,1248
5,48,5,Madi Gaunpalika,5,Ward - 5,846,3488,1647,1841
5,48,5,Madi Gaunpalika,6,Ward - 6,540,2177,993,1184
5,48,6,Tribeni Gaunpalika,1,Ward - 1,509,2274,1032,1242
5,48,6,Tribeni Gaunpalika,2,Ward - 2,1059,4870,2325,2545
5,48,6,Tribeni Gaunpalika,3,Ward - 3,600,2601,1216,1385
5,48,6,Tribeni Gaunpalika,4,Ward - 4,898,3995,1872,2123
5,48,6,Tribeni Gaunpalika,5,Ward - 5,722,3119,1520,1599
5,48,6,Tribeni Gaunpalika,6,Ward - 6,494,2111,968,1143
5,48,6,Tribeni Gaunpalika,7,Ward - 7,1075,4442,2091,2351
5,48,7,Rolpa Municipality,1,Ward - 1,828,3517,1555,1962
5,48,7,Rolpa Municipality,2,Ward - 2,1499,5184,2330,2854
5,48,7,Rolpa Municipality,3,Ward - 3,595,2619,1179,1440
5,48,7,Rolpa Municipality,4,Ward - 4,1285,4555,2147,2408
5,48,7,Rolpa Municipality,5,Ward - 5,503,2379,1084,1295
5,48,7,Rolpa Municipality,6,Ward - 6,798,3407,1518,1889
5,48,7,Rolpa Municipality,7,Ward - 7,637,2431,1075,1356
5,48,7,Rolpa Municipality,8,Ward - 8,520,1939,891,1048
5,48,7,Rolpa Municipality,9,Ward - 9,900,3905,1825,2080
5,48,7,Rolpa Municipality,10,Ward - 10,1180,5440,2554,2886
5,48,8,Runtigadhi Gaunpalika,1,Ward - 1,814,3879,1799,2080
5,48,8,Runtigadhi Gaunpalika,2,Ward - 2,425,1927,884,1043
5,48,8,Runtigadhi Gaunpalika,3,Ward - 3,576,2761,1335,1426
5,48,8,Runtigadhi Gaunpalika,4,Ward - 4,551,2443,1128,1315
5,48,8,Runtigadhi Gaunpalika,5,Ward - 5,1000,4257,1934,2323
5,48,8,Runtigadhi Gaunpalika,6,Ward - 6,950,4159,1977,2182
5,48,8,Runtigadhi Gaunpalika,7,Ward - 7,687,2991,1415,1576
5,48,8,Runtigadhi Gaunpalika,8,Ward - 8,516,2438,1156,1282
5,48,8,Runtigadhi Gaunpalika,9,Ward - 9,705,3436,1721,1715
5,48,9,Sunil Smriti Gaunpalika,1,Ward - 1,856,3343,1398,1945
5,48,9,Sunil Smriti Gaunpalika,2,Ward - 2,993,3987,1708,2279
5,48,9,Sunil Smriti Gaunpalika,3,Ward - 3,966,4051,1904,2147
5,48,9,Sunil Smriti Gaunpalika,4,Ward - 4,1085,4323,2026,2297
5,48,9,Sunil Smriti Gaunpalika,5,Ward - 5,682,3306,1607,1699
5,48,9,Sunil Smriti Gaunpalika,6,Ward - 6,727,2734,1157,1577
5,48,9,Sunil Smriti Gaunpalika,7,Ward - 7,803,4317,2137,2180
5,48,9,Sunil Smriti Gaunpalika,8,Ward - 8,897,4556,2158,2398
5,48,10,Lungri Gaunpalika,1,Ward - 1,1108,5451,2619,2832
5,48,10,Lungri Gaunpalika,2,Ward - 2,894,3885,1718,2167
5,48,10,Lungri Gaunpalika,3,Ward - 3,548,2950,1385,1565
5,48,10,Lungri Gaunpalika,4,Ward - 4,825,3794,1653,2141
5,48,10,Lungri Gaunpalika,5,Ward - 5,699,3314,1480,1834
5,48,10,Lungri Gaunpalika,6,Ward - 6,841,4389,2025,2364
5,48,10,Lungri Gaunpalika,7,Ward - 7,571,2542,1205,1337
5,49,1,Gaumukhi Gaunpalika,1,Ward - 1,596,3199,1526,1673
5,49,1,Gaumukhi Gaunpalika,2,Ward - 2,550,3101,1451,1650
5,49,1,Gaumukhi Gaunpalika,3,Ward - 3,1056,5535,2607,2928
5,49,1,Gaumukhi Gaunpalika,4,Ward - 4,1128,4758,2206,2552
5,49,1,Gaumukhi Gaunpalika,5,Ward - 5,767,2996,1374,1622
5,49,1,Gaumukhi Gaunpalika,6,Ward - 6,639,3047,1344,1703
5,49,1,Gaumukhi Gaunpalika,7,Ward - 7,842,3344,1509,1835
5,49,2,Naubahini Gaunpalika,1,Ward - 1,733,3700,1711,1989
5,49,2,Naubahini Gaunpalika,2,Ward - 2,767,4005,1861,2144
5,49,2,Naubahini Gaunpalika,3,Ward - 3,639,3121,1427,1694
5,49,2,Naubahini Gaunpalika,4,Ward - 4,712,3196,1438,1758
5,49,2,Naubahini Gaunpalika,5,Ward - 5,1134,5278,2448,2830
5,49,2,Naubahini Gaunpalika,6,Ward - 6,1265,5150,2391,2759
5,49,2,Naubahini Gaunpalika,7,Ward - 7,745,3459,1619,1840
5,49,2,Naubahini Gaunpalika,8,Ward - 8,1138,4773,2138,2635
5,49,3,Jhimaruk Gaunpalika,1,Ward - 1,825,3215,1459,1756
5,49,3,Jhimaruk Gaunpalika,2,Ward - 2,676,2765,1216,1549
5,49,3,Jhimaruk Gaunpalika,3,Ward - 3,755,3055,1350,1705
5,49,3,Jhimaruk Gaunpalika,4,Ward - 4,718,2882,1284,1598
5,49,3,Jhimaruk Gaunpalika,5,Ward - 5,756,3075,1473,1602
5,49,3,Jhimaruk Gaunpalika,6,Ward - 6,997,3700,1595,2105
5,49,3,Jhimaruk Gaunpalika,7,Ward - 7,1119,4558,1944,2614
5,49,3,Jhimaruk Gaunpalika,8,Ward - 8,688,2880,1310,1570
5,49,4,Pyuthan Municipality,1,Ward - 1,923,3325,1425,1900
5,49,4,Pyuthan Municipality,2,Ward - 2,1330,4974,2203,2771
5,49,4,Pyuthan Municipality,3,Ward - 3,1075,3986,1779,2207
5,49,4,Pyuthan Municipality,4,Ward - 4,1987,6921,3242,3679
5,49,4,Pyuthan Municipality,5,Ward - 5,1061,4420,1934,2486
5,49,4,Pyuthan Municipality,6,Ward - 6,802,3295,1523,1772
5,49,4,Pyuthan Municipality,7,Ward - 7,801,3032,1397,1635
5,49,4,Pyuthan Municipality,8,Ward - 8,1542,5825,2633,3192
5,49,4,Pyuthan Municipality,9,Ward - 9,877,3297,1456,1841
5,49,4,Pyuthan Municipality,10,Ward - 10,837,3055,1287,1768
5,49,5,Sworgadwari Municipality,1,Ward - 1,686,3255,1496,1759
5,49,5,Sworgadwari Municipality,2,Ward - 2,1191,4715,2047,2668
5,49,5,Sworgadwari Municipality,3,Ward - 3,1069,4085,1757,2328
5,49,5,Sworgadwari Municipality,4,Ward - 4,1026,3913,1697,2216
5,49,5,Sworgadwari Municipality,5,Ward - 5,1023,3830,1558,2272
5,49,5,Sworgadwari Municipality,6,Ward - 6,739,2895,1239,1656
5,49,5,Sworgadwari Municipality,7,Ward - 7,843,3034,1196,1838
5,49,5,Sworgadwari Municipality,8,Ward - 8,661,2470,1050,1420
5,49,5,Sworgadwari Municipality,9,Ward - 9,980,3840,1532,2308
5,49,6,Mandavi Gaunpalika,1,Ward - 1,690,3116,1432,1684
5,49,6,Mandavi Gaunpalika,2,Ward - 2,713,3364,1561,1803
5,49,6,Mandavi Gaunpalika,3,Ward - 3,1043,3898,1704,2194
5,49,6,Mandavi Gaunpalika,4,Ward - 4,701,3065,1274,1791
5,49,6,Mandavi Gaunpalika,5,Ward - 5,647,2420,1068,1352
5,49,7,Mallarani Gaunpalika,1,Ward - 1,607,2442,1093,1349
5,49,7,Mallarani Gaunpalika,2,Ward - 2,714,2836,1215,1621
5,49,7,Mallarani Gaunpalika,3,Ward - 3,1037,3655,1555,2100
5,49,7,Mallarani Gaunpalika,4,Ward - 4,1217,4368,1980,2388
5,49,7,Mallarani Gaunpalika,5,Ward - 5,563,2345,1000,1345
5,49,8,Aairawati Gaunpalika,1,Ward - 1,833,3730,1722,2008
5,49,8,Aairawati Gaunpalika,2,Ward - 2,1006,4064,1793,2271
5,49,8,Aairawati Gaunpalika,3,Ward - 3,782,3028,1337,1691
5,49,8,Aairawati Gaunpalika,4,Ward - 4,701,2797,1234,1563
5,49,8,Aairawati Gaunpalika,5,Ward - 5,858,3188,1350,1838
5,49,8,Aairawati Gaunpalika,6,Ward - 6,932,3621,1593,2028
5,49,9,Sarumarani Gaunpalika,1,Ward - 1,903,3755,1674,2081
5,49,9,Sarumarani Gaunpalika,2,Ward - 2,886,3779,1671,2108
5,49,9,Sarumarani Gaunpalika,3,Ward - 3,755,3325,1458,1867
5,49,9,Sarumarani Gaunpalika,4,Ward - 4,717,3233,1472,1761
5,49,9,Sarumarani Gaunpalika,5,Ward - 5,556,2523,1117,1406
5,49,9,Sarumarani Gaunpalika,6,Ward - 6,636,3168,1440,1728
5,50,1,Kali Gandaki Gaunpalika,1,Ward - 1,503,1983,934,1049
5,50,1,Kali Gandaki Gaunpalika,2,Ward - 2,541,2165,1008,1157
5,50,1,Kali Gandaki Gaunpalika,3,Ward - 3,230,995,471,524
5,50,1,Kali Gandaki Gaunpalika,4,Ward - 4,457,1834,892,942
5,50,1,Kali Gandaki Gaunpalika,5,Ward - 5,532,2144,1004,1140
5,50,1,Kali Gandaki Gaunpalika,6,Ward - 6,726,2982,1429,1553
5,50,1,Kali Gandaki Gaunpalika,7,Ward - 7,747,2941,1336,1605
5,50,2,Satyawoti Gaunpalika,1,Ward - 1,698,2565,1163,1402
5,50,2,Satyawoti Gaunpalika,2,Ward - 2,487,1943,883,1060
5,50,2,Satyawoti Gaunpalika,3,Ward - 3,714,3142,1466,1676
5,50,2,Satyawoti Gaunpalika,4,Ward - 4,652,2442,1100,1342
5,50,2,Satyawoti Gaunpalika,5,Ward - 5,624,2285,1035,1250
5,50,2,Satyawoti Gaunpalika,6,Ward - 6,1028,3611,1631,1980
5,50,2,Satyawoti Gaunpalika,7,Ward - 7,640,2320,1010,1310
5,50,2,Satyawoti Gaunpalika,8,Ward - 8,326,1165,505,660
5,50,3,Chandrakot Gaunpalika,1,Ward - 1,355,1416,646,770
5,50,3,Chandrakot Gaunpalika,2,Ward - 2,496,1935,858,1077
5,50,3,Chandrakot Gaunpalika,3,Ward - 3,476,1682,750,932
5,50,3,Chandrakot Gaunpalika,4,Ward - 4,1064,3872,1762,2110
5,50,3,Chandrakot Gaunpalika,5,Ward - 5,453,1781,788,993
5,50,3,Chandrakot Gaunpalika,6,Ward - 6,407,1565,713,852
5,50,3,Chandrakot Gaunpalika,7,Ward - 7,778,2666,1197,1469
5,50,3,Chandrakot Gaunpalika,8,Ward - 8,1000,3745,1757,1988
5,50,4,Musikot Municipality,1,Ward - 1,1014,4156,1960,2196
5,50,4,Musikot Municipality,2,Ward - 2,839,3505,1574,1931
5,50,4,Musikot Municipality,3,Ward - 3,726,2895,1290,1605
5,50,4,Musikot Municipality,4,Ward - 4,1124,4423,1968,2455
5,50,4,Musikot Municipality,5,Ward - 5,851,3186,1452,1734
5,50,4,Musikot Municipality,6,Ward - 6,719,2857,1314,1543
5,50,4,Musikot Municipality,7,Ward - 7,913,3663,1766,1897
5,50,4,Musikot Municipality,8,Ward - 8,524,2188,1016,1172
5,50,4,Musikot Municipality,9,Ward - 9,389,1581,756,825
5,50,5,Isma Gaunpalika,1,Ward - 1,729,2629,1161,1468
5,50,5,Isma Gaunpalika,2,Ward - 2,909,3608,1647,1961
5,50,5,Isma Gaunpalika,3,Ward - 3,663,2378,1055,1323
5,50,5,Isma Gaunpalika,4,Ward - 4,927,3423,1554,1869
5,50,5,Isma Gaunpalika,5,Ward - 5,870,3203,1474,1729
5,50,5,Isma Gaunpalika,6,Ward - 6,911,3288,1518,1770
5,50,6,Malika Gaunpalika,1,Ward - 1,372,1411,639,772
5,50,6,Malika Gaunpalika,2,Ward - 2,795,3290,1475,1815
5,50,6,Malika Gaunpalika,3,Ward - 3,445,1755,787,968
5,50,6,Malika Gaunpalika,4,Ward - 4,382,1319,629,690
5,50,6,Malika Gaunpalika,5,Ward - 5,792,3063,1437,1626
5,50,6,Malika Gaunpalika,6,Ward - 6,648,2465,1124,1341
5,50,6,Malika Gaunpalika,7,Ward - 7,883,3323,1508,1815
5,50,6,Malika Gaunpalika,8,Ward - 8,924,3449,1589,1860
5,50,7,Madane Gaunpalika,1,Ward - 1,835,3480,1556,1924
5,50,7,Madane Gaunpalika,2,Ward - 2,864,3214,1421,1793
5,50,7,Madane Gaunpalika,3,Ward - 3,790,2925,1300,1625
5,50,7,Madane Gaunpalika,4,Ward - 4,518,1958,874,1084
5,50,7,Madane Gaunpalika,5,Ward - 5,508,1995,889,1106
5,50,7,Madane Gaunpalika,6,Ward - 6,1008,3865,1752,2113
5,50,7,Madane Gaunpalika,7,Ward - 7,730,2585,1181,1404
5,50,8,Dhurkot Gaunpalika,1,Ward - 1,865,3063,1306,1757
5,50,8,Dhurkot Gaunpalika,2,Ward - 2,723,2444,1105,1339
5,50,8,Dhurkot Gaunpalika,3,Ward - 3,937,3428,1540,1888
5,50,8,Dhurkot Gaunpalika,4,Ward - 4,686,2338,1075,1263
5,50,8,Dhurkot Gaunpalika,5,Ward - 5,708,2383,1010,1373
5,50,8,Dhurkot Gaunpalika,6,Ward - 6,683,2454,1068,1386
5,50,8,Dhurkot Gaunpalika,7,Ward - 7,780,2704,1208,1496
5,50,9,Resunga Municipality,1,Ward - 1,1311,4270,2089,2181
5,50,9,Resunga Municipality,2,Ward - 2,1031,3556,1695,1861
5,50,9,Resunga Municipality,3,Ward - 3,374,1321,596,725
5,50,9,Resunga Municipality,4,Ward - 4,508,1946,895,1051
5,50,9,Resunga Municipality,5,Ward - 5,358,1273,582,691
5,50,9,Resunga Municipality,6,Ward - 6,449,1544,715,829
5,50,9,Resunga Municipality,7,Ward - 7,491,1906,925,981
5,50,9,Resunga Municipality,8,Ward - 8,1313,4283,1985,2298
5,50,9,Resunga Municipality,9,Ward - 9,591,2058,993,1065
5,50,9,Resunga Municipality,10,Ward - 10,842,3054,1388,1666
5,50,9,Resunga Municipality,11,Ward - 11,396,1394,580,814
5,50,9,Resunga Municipality,12,Ward - 12,420,1700,750,950
5,50,9,Resunga Municipality,13,Ward - 13,215,720,304,416
5,50,9,Resunga Municipality,14,Ward - 14,716,2526,1053,1473
5,50,10,Gulmi Durbar Gaunpalika,1,Ward - 1,917,3557,1548,2009
5,50,10,Gulmi Durbar Gaunpalika,2,Ward - 2,896,3247,1432,1815
5,50,10,Gulmi Durbar Gaunpalika,3,Ward - 3,690,2430,1062,1368
5,50,10,Gulmi Durbar Gaunpalika,4,Ward - 4,1097,4099,1770,2329
5,50,10,Gulmi Durbar Gaunpalika,5,Ward - 5,454,1654,734,920
5,50,10,Gulmi Durbar Gaunpalika,6,Ward - 6,482,1723,743,980
5,50,10,Gulmi Durbar Gaunpalika,7,Ward - 7,717,2586,1117,1469
5,50,11,Chhatrakot Gaunpalika,1,Ward - 1,810,2962,1325,1637
5,50,11,Chhatrakot Gaunpalika,2,Ward - 2,666,2637,1146,1491
5,50,11,Chhatrakot Gaunpalika,3,Ward - 3,1059,3988,1774,2214
5,50,11,Chhatrakot Gaunpalika,4,Ward - 4,1138,3828,1735,2093
5,50,11,Chhatrakot Gaunpalika,5,Ward - 5,960,3378,1488,1890
5,50,11,Chhatrakot Gaunpalika,6,Ward - 6,674,2564,1149,1415
5,50,12,Ruruchhetra Gaunpalika,1,Ward - 1,874,3024,1470,1554
5,50,12,Ruruchhetra Gaunpalika,2,Ward - 2,630,2244,968,1276
5,50,12,Ruruchhetra Gaunpalika,3,Ward - 3,633,2213,962,1251
5,50,12,Ruruchhetra Gaunpalika,4,Ward - 4,1086,3939,1864,2075
5,50,12,Ruruchhetra Gaunpalika,5,Ward - 5,801,3029,1384,1645
5,50,12,Ruruchhetra Gaunpalika,6,Ward - 6,583,2148,959,1189
5,51,1,Chhatradev Gaunpalika,1,Ward - 1,779,2617,1118,1499
5,51,1,Chhatradev Gaunpalika,2,Ward - 2,483,1887,848,1039
5,51,1,Chhatradev Gaunpalika,3,Ward - 3,788,2835,1227,1608
5,51,1,Chhatradev Gaunpalika,4,Ward - 4,843,2874,1253,1621
5,51,1,Chhatradev Gaunpalika,5,Ward - 5,674,2338,1023,1315
5,51,1,Chhatradev Gaunpalika,6,Ward - 6,902,3082,1330,1752
5,51,1,Chhatradev Gaunpalika,7,Ward - 7,905,3155,1408,1747
5,51,1,Chhatradev Gaunpalika,8,Ward - 8,854,2823,1288,1535
5,51,2,Malarani Gaunpalika,1,Ward - 1,512,1703,751,952
5,51,2,Malarani Gaunpalika,2,Ward - 2,580,2020,893,1127
5,51,2,Malarani Gaunpalika,3,Ward - 3,878,3028,1383,1645
5,51,2,Malarani Gaunpalika,4,Ward - 4,1067,3592,1572,2020
5,51,2,Malarani Gaunpalika,5,Ward - 5,1093,3606,1542,2064
5,51,2,Malarani Gaunpalika,6,Ward - 6,832,3268,1498,1770
5,51,2,Malarani Gaunpalika,7,Ward - 7,544,1910,857,1053
5,51,2,Malarani Gaunpalika,8,Ward - 8,593,2376,1073,1303
5,51,2,Malarani Gaunpalika,9,Ward - 9,681,2647,1200,1447
5,51,3,Bhumikasthan Municipality,1,Ward - 1,882,3391,1528,1863
5,51,3,Bhumikasthan Municipality,2,Ward - 2,683,2606,1191,1415
5,51,3,Bhumikasthan Municipality,3,Ward - 3,702,2628,1193,1435
5,51,3,Bhumikasthan Municipality,4,Ward - 4,757,2688,1144,1544
5,51,3,Bhumikasthan Municipality,5,Ward - 5,467,1717,773,944
5,51,3,Bhumikasthan Municipality,6,Ward - 6,881,3136,1378,1758
5,51,3,Bhumikasthan Municipality,7,Ward - 7,942,3365,1447,1918
5,51,3,Bhumikasthan Municipality,8,Ward - 8,613,2123,982,1141
5,51,3,Bhumikasthan Municipality,9,Ward - 9,992,3532,1566,1966
5,51,3,Bhumikasthan Municipality,10,Ward - 10,841,3006,1350,1656
5,51,4,Sandhikharka Municipality,1,Ward - 1,2653,8955,4318,4637
5,51,4,Sandhikharka Municipality,2,Ward - 2,1955,6708,3101,3607
5,51,4,Sandhikharka Municipality,3,Ward - 3,427,1505,669,836
5,51,4,Sandhikharka Municipality,4,Ward - 4,651,2373,1039,1334
5,51,4,Sandhikharka Municipality,5,Ward - 5,640,2255,1006,1249
5,51,4,Sandhikharka Municipality,6,Ward - 6,948,3419,1571,1848
5,51,4,Sandhikharka Municipality,7,Ward - 7,893,3313,1531,1782
5,51,4,Sandhikharka Municipality,8,Ward - 8,837,2981,1299,1682
5,51,4,Sandhikharka Municipality,9,Ward - 9,685,2460,1110,1350
5,51,4,Sandhikharka Municipality,10,Ward - 10,754,2758,1238,1520
5,51,4,Sandhikharka Municipality,11,Ward - 11,864,3044,1381,1663
5,51,4,Sandhikharka Municipality,12,Ward - 12,763,2721,1227,1494
5,51,5,Panini Gaunpalika,1,Ward - 1,557,1958,878,1080
5,51,5,Panini Gaunpalika,2,Ward - 2,878,3338,1501,1837
5,51,5,Panini Gaunpalika,3,Ward - 3,847,2969,1331,1638
5,51,5,Panini Gaunpalika,4,Ward - 4,706,2589,1167,1422
5,51,5,Panini Gaunpalika,5,Ward - 5,874,3186,1432,1754
5,51,5,Panini Gaunpalika,6,Ward - 6,417,1608,742,866
5,51,5,Panini Gaunpalika,7,Ward - 7,988,3404,1545,1859
5,51,5,Panini Gaunpalika,8,Ward - 8,894,3239,1404,1835
5,51,6,Shitaganga Municipality,1,Ward - 1,562,2003,903,1100
5,51,6,Shitaganga Municipality,2,Ward - 2,923,3493,1572,1921
5,51,6,Shitaganga Municipality,3,Ward - 3,617,2209,1004,1205
5,51,6,Shitaganga Municipality,4,Ward - 4,1001,3679,1744,1935
5,51,6,Shitaganga Municipality,5,Ward - 5,630,2416,1139,1277
5,51,6,Shitaganga Municipality,6,Ward - 6,706,2673,1278,1395
5,51,6,Shitaganga Municipality,7,Ward - 7,775,3177,1430,1747
5,51,6,Shitaganga Municipality,8,Ward - 8,707,3005,1362,1643
5,51,6,Shitaganga Municipality,9,Ward - 9,618,2860,1366,1494
5,51,6,Shitaganga Municipality,10,Ward - 10,399,1686,834,852
5,51,6,Shitaganga Municipality,11,Ward - 11,576,2700,1332,1368
5,51,6,Shitaganga Municipality,12,Ward - 12,635,2508,1196,1312
5,51,6,Shitaganga Municipality,13,Ward - 13,478,1819,889,930
5,51,6,Shitaganga Municipality,14,Ward - 14,823,3463,1700,1763
5,52,1,Rampur Municipality,1,Ward - 1,707,2439,1091,1348
5,52,1,Rampur Municipality,2,Ward - 2,478,1839,824,1015
5,52,1,Rampur Municipality,3,Ward - 3,997,3512,1578,1934
5,52,1,Rampur Municipality,4,Ward - 4,1357,5002,2240,2762
5,52,1,Rampur Municipality,5,Ward - 5,2888,9780,4476,5304
5,52,1,Rampur Municipality,6,Ward - 6,1152,4184,1887,2297
5,52,1,Rampur Municipality,7,Ward - 7,1064,3822,1797,2025
5,52,1,Rampur Municipality,8,Ward - 8,987,3782,1723,2059
5,52,1,Rampur Municipality,9,Ward - 9,540,2033,882,1151
5,52,1,Rampur Municipality,10,Ward - 10,1193,4490,1999,2491
5,52,2,Purbakhola Gaunpalika,1,Ward - 1,1045,4070,1821,2249
5,52,2,Purbakhola Gaunpalika,2,Ward - 2,652,2516,1159,1357
5,52,2,Purbakhola Gaunpalika,3,Ward - 3,579,2156,962,1194
5,52,2,Purbakhola Gaunpalika,4,Ward - 4,612,2433,1089,1344
5,52,2,Purbakhola Gaunpalika,5,Ward - 5,789,3131,1324,1807
5,52,2,Purbakhola Gaunpalika,6,Ward - 6,444,1746,738,1008
5,52,3,Rambha Gaunpalika,1,Ward - 1,1377,5112,2288,2824
5,52,3,Rambha Gaunpalika,2,Ward - 2,705,2624,1103,1521
5,52,3,Rambha Gaunpalika,3,Ward - 3,1198,4422,1965,2457
5,52,3,Rambha Gaunpalika,4,Ward - 4,504,1786,806,980
5,52,3,Rambha Gaunpalika,5,Ward - 5,905,3211,1363,1848
5,52,4,Baganaskali Gaunpalika,1,Ward - 1,1079,4117,1884,2233
5,52,4,Baganaskali Gaunpalika,2,Ward - 2,615,2181,997,1184
5,52,4,Baganaskali Gaunpalika,3,Ward - 3,488,1795,792,1003
5,52,4,Baganaskali Gaunpalika,4,Ward - 4,453,1631,725,906
5,52,4,Baganaskali Gaunpalika,5,Ward - 5,474,1659,753,906
5,52,4,Baganaskali Gaunpalika,6,Ward - 6,813,2778,1244,1534
5,52,4,Baganaskali Gaunpalika,7,Ward - 7,414,1523,711,812
5,52,4,Baganaskali Gaunpalika,8,Ward - 8,256,864,399,465
5,52,4,Baganaskali Gaunpalika,9,Ward - 9,523,1949,891,1058
5,52,5,Tansen Municipality,1,Ward - 1,1407,4888,2252,2636
5,52,5,Tansen Municipality,2,Ward - 2,1294,3999,1856,2143
5,52,5,Tansen Municipality,3,Ward - 3,1715,5579,2519,3060
5,52,5,Tansen Municipality,4,Ward - 4,1145,3699,1725,1974
5,52,5,Tansen Municipality,5,Ward - 5,1027,3663,1737,1926
5,52,5,Tansen Municipality,6,Ward - 6,1248,4495,2090,2405
5,52,5,Tansen Municipality,7,Ward - 7,1840,6240,2925,3315
5,52,5,Tansen Municipality,8,Ward - 8,791,3011,1406,1605
5,52,5,Tansen Municipality,9,Ward - 9,996,3321,1488,1833
5,52,5,Tansen Municipality,10,Ward - 10,774,2813,1293,1520
5,52,5,Tansen Municipality,11,Ward - 11,546,1992,930,1062
5,52,5,Tansen Municipality,12,Ward - 12,628,2261,1009,1252
5,52,5,Tansen Municipality,13,Ward - 13,510,1715,780,935
5,52,5,Tansen Municipality,14,Ward - 14,861,3116,1404,1712
5,52,6,Ribdikot Gaunpalika,1,Ward - 1,540,2001,883,1118
5,52,6,Ribdikot Gaunpalika,2,Ward - 2,552,1828,827,1001
5,52,6,Ribdikot Gaunpalika,3,Ward - 3,541,1807,799,1008
5,52,6,Ribdikot Gaunpalika,4,Ward - 4,526,1802,847,955
5,52,6,Ribdikot Gaunpalika,5,Ward - 5,371,1311,604,707
5,52,6,Ribdikot Gaunpalika,6,Ward - 6,568,2005,909,1096
5,52,6,Ribdikot Gaunpalika,7,Ward - 7,602,2048,922,1126
5,52,6,Ribdikot Gaunpalika,8,Ward - 8,702,2671,1235,1436
5,52,7,Rainadevi Chhahara Gaunpalika,1,Ward - 1,675,2507,1147,1360
5,52,7,Rainadevi Chhahara Gaunpalika,2,Ward - 2,561,2092,969,1123
5,52,7,Rainadevi Chhahara Gaunpalika,3,Ward - 3,1300,4756,2097,2659
5,52,7,Rainadevi Chhahara Gaunpalika,4,Ward - 4,1267,4445,2000,2445
5,52,7,Rainadevi Chhahara Gaunpalika,5,Ward - 5,545,1881,864,1017
5,52,7,Rainadevi Chhahara Gaunpalika,6,Ward - 6,757,2968,1358,1610
5,52,7,Rainadevi Chhahara Gaunpalika,7,Ward - 7,464,1719,795,924
5,52,7,Rainadevi Chhahara Gaunpalika,8,Ward - 8,761,2781,1281,1500
5,52,8,Tinau Gaunpalika,1,Ward - 1,868,3594,1709,1885
5,52,8,Tinau Gaunpalika,2,Ward - 2,715,3068,1462,1606
5,52,8,Tinau Gaunpalika,3,Ward - 3,704,2903,1443,1460
5,52,8,Tinau Gaunpalika,4,Ward - 4,428,2054,1007,1047
5,52,8,Tinau Gaunpalika,5,Ward - 5,610,2704,1253,1451
5,52,8,Tinau Gaunpalika,6,Ward - 6,876,3454,1577,1877
5,52,9,Mathagadhi Gaunpalika,1,Ward - 1,966,3508,1554,1954
5,52,9,Mathagadhi Gaunpalika,2,Ward - 2,593,2332,1048,1284
5,52,9,Mathagadhi Gaunpalika,3,Ward - 3,1587,6345,2892,3453
5,52,9,Mathagadhi Gaunpalika,4,Ward - 4,1030,3912,1776,2136
5,52,9,Mathagadhi Gaunpalika,5,Ward - 5,463,2438,1245,1193
5,52,9,Mathagadhi Gaunpalika,6,Ward - 6,479,1996,947,1049
5,52,9,Mathagadhi Gaunpalika,7,Ward - 7,424,2118,1067,1051
5,52,9,Mathagadhi Gaunpalika,8,Ward - 8,281,1404,655,749
5,52,10,Nisdi Gaunpalika,1,Ward - 1,582,2299,1077,1222
5,52,10,Nisdi Gaunpalika,2,Ward - 2,363,1598,733,865
5,52,10,Nisdi Gaunpalika,3,Ward - 3,479,2433,1128,1305
5,52,10,Nisdi Gaunpalika,4,Ward - 4,827,3642,1683,1959
5,52,10,Nisdi Gaunpalika,5,Ward - 5,810,3105,1390,1715
5,52,10,Nisdi Gaunpalika,6,Ward - 6,462,1928,896,1032
5,52,10,Nisdi Gaunpalika,7,Ward - 7,642,3115,1438,1677
5,53,1,Bardaghat Municipality,1,Ward - 1,654,2709,1245,1464
5,53,1,Bardaghat Municipality,2,Ward - 2,1607,6631,3050,3581
5,53,1,Bardaghat Municipality,3,Ward - 3,273,1234,590,644
5,53,1,Bardaghat Municipality,4,Ward - 4,4123,15973,7407,8566
5,53,1,Bardaghat Municipality,5,Ward - 5,940,3935,1812,2123
5,53,1,Bardaghat Municipality,6,Ward - 6,330,1470,693,777
5,53,1,Bardaghat Municipality,7,Ward - 7,627,2525,1205,1320
5,53,1,Bardaghat Municipality,8,Ward - 8,421,1698,793,905
5,53,1,Bardaghat Municipality,9,Ward - 9,761,3068,1403,1665
5,53,1,Bardaghat Municipality,10,Ward - 10,1138,4468,2080,2388
5,53,1,Bardaghat Municipality,11,Ward - 11,687,2896,1373,1523
5,53,1,Bardaghat Municipality,12,Ward - 12,1222,5455,2576,2879
5,53,1,Bardaghat Municipality,13,Ward - 13,1449,6520,3051,3469
5,53,1,Bardaghat Municipality,14,Ward - 14,1802,7686,3596,4090
5,53,1,Bardaghat Municipality,15,Ward - 15,1224,5286,2469,2817
5,53,1,Bardaghat Municipality,16,Ward - 16,1243,5149,2332,2817
5,53,2,Sunawal Municipality,1,Ward - 1,1742,6799,3162,3637
5,53,2,Sunawal Municipality,2,Ward - 2,927,3990,1888,2102
5,53,2,Sunawal Municipality,3,Ward - 3,1273,5157,2421,2736
5,53,2,Sunawal Municipality,4,Ward - 4,1853,7760,3624,4136
5,53,2,Sunawal Municipality,5,Ward - 5,951,3924,1811,2113
5,53,2,Sunawal Municipality,6,Ward - 6,1023,4137,1941,2196
5,53,2,Sunawal Municipality,7,Ward - 7,1476,6215,2965,3250
5,53,2,Sunawal Municipality,8,Ward - 8,1124,4624,2106,2518
5,53,2,Sunawal Municipality,9,Ward - 9,997,4686,2286,2400
5,53,2,Sunawal Municipality,10,Ward - 10,746,3032,1401,1631
5,53,2,Sunawal Municipality,11,Ward - 11,1627,6700,3088,3612
5,53,2,Sunawal Municipality,12,Ward - 12,2024,8194,3865,4329
5,53,2,Sunawal Municipality,13,Ward - 13,1655,6867,3235,3632
5,53,3,Ramgram Municipality,1,Ward - 1,605,2786,1380,1406
5,53,3,Ramgram Municipality,2,Ward - 2,457,2272,1136,1136
5,53,3,Ramgram Municipality,3,Ward - 3,675,2746,1366,1380
5,53,3,Ramgram Municipality,4,Ward - 4,521,2667,1315,1352
5,53,3,Ramgram Municipality,5,Ward - 5,445,1888,981,907
5,53,3,Ramgram Municipality,6,Ward - 6,437,2097,1045,1052
5,53,3,Ramgram Municipality,7,Ward - 7,549,2971,1505,1466
5,53,3,Ramgram Municipality,8,Ward - 8,496,2462,1190,1272
5,53,3,Ramgram Municipality,9,Ward - 9,547,2719,1360,1359
5,53,3,Ramgram Municipality,10,Ward - 10,939,4697,2333,2364
5,53,3,Ramgram Municipality,11,Ward - 11,422,1879,936,943
5,53,3,Ramgram Municipality,12,Ward - 12,514,2508,1218,1290
5,53,3,Ramgram Municipality,13,Ward - 13,338,1665,836,829
5,53,3,Ramgram Municipality,14,Ward - 14,1168,5339,2621,2718
5,53,3,Ramgram Municipality,15,Ward - 15,987,5360,2687,2673
5,53,3,Ramgram Municipality,16,Ward - 16,1487,7657,3816,3841
5,53,3,Ramgram Municipality,17,Ward - 17,1193,6140,3005,3135
5,53,3,Ramgram Municipality,18,Ward - 18,1357,6164,2926,3238
5,53,4,Palhinandan Gaunpalika,1,Ward - 1,702,3746,1918,1828
5,53,4,Palhinandan Gaunpalika,2,Ward - 2,1366,6924,3397,3527
5,53,4,Palhinandan Gaunpalika,3,Ward - 3,1407,7598,3704,3894
5,53,4,Palhinandan Gaunpalika,4,Ward - 4,1224,6294,3186,3108
5,53,4,Palhinandan Gaunpalika,5,Ward - 5,1242,6976,3474,3502
5,53,4,Palhinandan Gaunpalika,6,Ward - 6,1239,6648,3337,3311
5,53,5,Sarawal Gaunpalika,1,Ward - 1,1607,6727,3143,3584
5,53,5,Sarawal Gaunpalika,2,Ward - 2,1366,6444,3081,3363
5,53,5,Sarawal Gaunpalika,3,Ward - 3,1320,6102,3014,3088
5,53,5,Sarawal Gaunpalika,4,Ward - 4,1192,5896,2874,3022
5,53,5,Sarawal Gaunpalika,5,Ward - 5,889,4444,2186,2258
5,53,5,Sarawal Gaunpalika,6,Ward - 6,1257,6677,3305,3372
5,53,5,Sarawal Gaunpalika,7,Ward - 7,1114,5917,2934,2983
5,53,6,Pratapapur Gaunpalika,1,Ward - 1,1053,4804,2321,2483
5,53,6,Pratapapur Gaunpalika,2,Ward - 2,1099,5129,2520,2609
5,53,6,Pratapapur Gaunpalika,3,Ward - 3,1113,5662,2793,2869
5,53,6,Pratapapur Gaunpalika,4,Ward - 4,971,5497,2760,2737
5,53,6,Pratapapur Gaunpalika,5,Ward - 5,1143,6508,3277,3231
5,53,6,Pratapapur Gaunpalika,6,Ward - 6,980,5085,2527,2558
5,53,6,Pratapapur Gaunpalika,7,Ward - 7,1094,5770,2920,2850
5,53,6,Pratapapur Gaunpalika,8,Ward - 8,1038,5337,2677,2660
5,53,6,Pratapapur Gaunpalika,9,Ward - 9,1211,6105,3017,3088
5,53,7,Susta Gaunpalika,1,Ward - 1,1555,6834,3248,3586
5,53,7,Susta Gaunpalika,2,Ward - 2,1504,7143,3404,3739
5,53,7,Susta Gaunpalika,3,Ward - 3,1219,6302,3037,3265
5,53,7,Susta Gaunpalika,4,Ward - 4,1297,6797,3240,3557
5,53,7,Susta Gaunpalika,5,Ward - 5,2451,13579,6775,6804
5,54,1,Devdaha Municipality,1,Ward - 1,1184,5484,2580,2904
5,54,1,Devdaha Municipality,2,Ward - 2,1053,4390,1971,2419
5,54,1,Devdaha Municipality,3,Ward - 3,1037,4273,1991,2282
5,54,1,Devdaha Municipality,4,Ward - 4,1145,4747,2247,2500
5,54,1,Devdaha Municipality,5,Ward - 5,2211,8730,4013,4717
5,54,1,Devdaha Municipality,6,Ward - 6,1274,5172,2419,2753
5,54,1,Devdaha Municipality,7,Ward - 7,2194,8833,4118,4715
5,54,1,Devdaha Municipality,8,Ward - 8,1036,4298,2038,2260
5,54,1,Devdaha Municipality,9,Ward - 9,1415,5503,2524,2979
5,54,1,Devdaha Municipality,10,Ward - 10,2314,9083,4283,4800
5,54,1,Devdaha Municipality,11,Ward - 11,1329,6591,3198,3393
5,54,1,Devdaha Municipality,12,Ward - 12,1108,5353,2651,2702
5,54,2,Butwal Sub-Metropolitian City,1,Ward - 1,751,3377,1719,1658
5,54,2,Butwal Sub-Metropolitian City,2,Ward - 2,1626,6760,3433,3327
5,54,2,Butwal Sub-Metropolitian City,3,Ward - 3,3225,11268,5520,5748
5,54,2,Butwal Sub-Metropolitian City,4,Ward - 4,2305,9115,4570,4545
5,54,2,Butwal Sub-Metropolitian City,5,Ward - 5,781,3493,1886,1607
5,54,2,Butwal Sub-Metropolitian City,6,Ward - 6,1892,7474,3807,3667
5,54,2,Butwal Sub-Metropolitian City,7,Ward - 7,2937,11113,5319,5794
5,54,2,Butwal Sub-Metropolitian City,8,Ward - 8,3005,11037,5377,5660
5,54,2,Butwal Sub-Metropolitian City,9,Ward - 9,2653,9665,4810,4855
5,54,2,Butwal Sub-Metropolitian City,10,Ward - 10,1723,6266,3108,3158
5,54,2,Butwal Sub-Metropolitian City,11,Ward - 11,14693,54699,26454,28245
5,54,2,Butwal Sub-Metropolitian City,12,Ward - 12,3473,13567,6553,7014
5,54,2,Butwal Sub-Metropolitian City,13,Ward - 13,4386,16762,8022,8740
5,54,2,Butwal Sub-Metropolitian City,14,Ward - 14,1427,5804,2784,3020
5,54,2,Butwal Sub-Metropolitian City,15,Ward - 15,1106,4652,2143,2509
5,54,2,Butwal Sub-Metropolitian City,16,Ward - 16,747,3371,1624,1747
5,54,2,Butwal Sub-Metropolitian City,17,Ward - 17,2007,7984,3903,4081
5,54,2,Butwal Sub-Metropolitian City,18,Ward - 18,625,2861,1416,1445
5,54,2,Butwal Sub-Metropolitian City,19,Ward - 19,1203,5067,2401,2666
5,54,3,Sainamaina Municipality,1,Ward - 1,2972,12075,5603,6472
5,54,3,Sainamaina Municipality,2,Ward - 2,1364,5665,2613,3052
5,54,3,Sainamaina Municipality,3,Ward - 3,1591,6204,2860,3344
5,54,3,Sainamaina Municipality,4,Ward - 4,2315,9271,4308,4963
5,54,3,Sainamaina Municipality,5,Ward - 5,2079,8510,4032,4478
5,54,3,Sainamaina Municipality,6,Ward - 6,1868,7678,3638,4040
5,54,3,Sainamaina Municipality,7,Ward - 7,1374,5596,2606,2990
5,54,3,Sainamaina Municipality,8,Ward - 8,1412,5483,2559,2924
5,54,3,Sainamaina Municipality,9,Ward - 9,1155,4572,2122,2450
5,54,3,Sainamaina Municipality,10,Ward - 10,1770,6884,3091,3793
5,54,3,Sainamaina Municipality,11,Ward - 11,1545,6455,3009,3446
5,54,4,Kanchan Gaunpalika,1,Ward - 1,2163,8674,4026,4648
5,54,4,Kanchan Gaunpalika,2,Ward - 2,1599,7375,3507,3868
5,54,4,Kanchan Gaunpalika,3,Ward - 3,2365,9253,4135,5118
5,54,4,Kanchan Gaunpalika,4,Ward - 4,2398,9658,4294,5364
5,54,4,Kanchan Gaunpalika,5,Ward - 5,1915,7568,3446,4122
5,54,5,Gaidahawa Gaunpalika,1,Ward - 1,1230,7215,3538,3677
5,54,5,Gaidahawa Gaunpalika,2,Ward - 2,1144,6664,3262,3402
5,54,5,Gaidahawa Gaunpalika,3,Ward - 3,1340,7789,3929,3860
5,54,5,Gaidahawa Gaunpalika,4,Ward - 4,911,4939,2463,2476
5,54,5,Gaidahawa Gaunpalika,5,Ward - 5,715,4625,2321,2304
5,54,5,Gaidahawa Gaunpalika,6,Ward - 6,1262,7724,3940,3784
5,54,5,Gaidahawa Gaunpalika,7,Ward - 7,1213,7045,3448,3597
5,54,5,Gaidahawa Gaunpalika,8,Ward - 8,1182,5839,2877,2962
5,54,5,Gaidahawa Gaunpalika,9,Ward - 9,950,4309,2069,2240
5,54,6,Suddhodhan Gaunpalika,1,Ward - 1,1088,6401,3271,3130
5,54,6,Suddhodhan Gaunpalika,2,Ward - 2,1353,5963,2867,3096
5,54,6,Suddhodhan Gaunpalika,3,Ward - 3,1457,6292,2987,3305
5,54,6,Suddhodhan Gaunpalika,4,Ward - 4,1550,6495,3131,3364
5,54,6,Suddhodhan Gaunpalika,5,Ward - 5,1246,6020,2914,3106
5,54,6,Suddhodhan Gaunpalika,6,Ward - 6,955,4936,2455,2481
5,54,6,Suddhodhan Gaunpalika,7,Ward - 7,1027,5800,2945,2855
5,54,7,Siyari Gaunpalika,1,Ward - 1,1413,6562,3150,3412
5,54,7,Siyari Gaunpalika,2,Ward - 2,1473,8490,4235,4255
5,54,7,Siyari Gaunpalika,3,Ward - 3,990,5563,2762,2801
5,54,7,Siyari Gaunpalika,4,Ward - 4,1282,6451,3194,3257
5,54,7,Siyari Gaunpalika,5,Ward - 5,1002,4623,2229,2394
5,54,7,Siyari Gaunpalika,6,Ward - 6,1306,6055,2889,3166
5,54,7,Siyari Gaunpalika,7,Ward - 7,1553,7241,3563,3678
5,54,8,Tilottama Municipality,1,Ward - 1,2473,10149,4803,5346
5,54,8,Tilottama Municipality,2,Ward - 2,2689,10227,4964,5263
5,54,8,Tilottama Municipality,3,Ward - 3,3202,12180,5848,6332
5,54,8,Tilottama Municipality,4,Ward - 4,2586,10302,4822,5480
5,54,8,Tilottama Municipality,5,Ward - 5,2282,8665,4211,4454
5,54,8,Tilottama Municipality,6,Ward - 6,2861,12104,5808,6296
5,54,8,Tilottama Municipality,7,Ward - 7,2801,11599,5471,6128
5,54,8,Tilottama Municipality,8,Ward - 8,1589,6520,3077,3443
5,54,8,Tilottama Municipality,9,Ward - 9,2126,8537,4030,4507
5,54,8,Tilottama Municipality,10,Ward - 10,1156,5136,2462,2674
5,54,8,Tilottama Municipality,11,Ward - 11,2853,11749,5509,6240
5,54,8,Tilottama Municipality,12,Ward - 12,1184,5039,2431,2608
5,54,8,Tilottama Municipality,13,Ward - 13,1320,5799,2744,3055
5,54,8,Tilottama Municipality,14,Ward - 14,1906,9402,4585,4817
5,54,8,Tilottama Municipality,15,Ward - 15,1770,7442,3561,3881
5,54,8,Tilottama Municipality,16,Ward - 16,1516,6409,3066,3343
5,54,8,Tilottama Municipality,17,Ward - 17,1677,8220,4134,4086
5,54,9,Om Satiya Gaunpalika,1,Ward - 1,1273,5730,2678,3052
5,54,9,Om Satiya Gaunpalika,2,Ward - 2,1374,6686,3319,3367
5,54,9,Om Satiya Gaunpalika,3,Ward - 3,1237,6203,3082,3121
5,54,9,Om Satiya Gaunpalika,4,Ward - 4,1855,10028,5132,4896
5,54,9,Om Satiya Gaunpalika,5,Ward - 5,1198,6477,3222,3255
5,54,9,Om Satiya Gaunpalika,6,Ward - 6,1145,6017,3019,2998
5,54,10,Rohini Gaunpalika,1,Ward - 1,1032,6372,3223,3149
5,54,10,Rohini Gaunpalika,2,Ward - 2,1288,7578,3828,3750
5,54,10,Rohini Gaunpalika,3,Ward - 3,1527,8580,4355,4225
5,54,10,Rohini Gaunpalika,4,Ward - 4,1095,5919,2958,2961
5,54,10,Rohini Gaunpalika,5,Ward - 5,836,4554,2284,2270
5,54,10,Rohini Gaunpalika,6,Ward - 6,889,5095,2545,2550
5,54,10,Rohini Gaunpalika,7,Ward - 7,859,5229,2672,2557
5,54,11,Siddharthanagar Municipality,1,Ward - 1,1640,7696,3855,3841
5,54,11,Siddharthanagar Municipality,2,Ward - 2,745,3732,1847,1885
5,54,11,Siddharthanagar Municipality,3,Ward - 3,1968,9307,4630,4677
5,54,11,Siddharthanagar Municipality,4,Ward - 4,1011,5330,2703,2627
5,54,11,Siddharthanagar Municipality,5,Ward - 5,202,829,452,377
5,54,11,Siddharthanagar Municipality,6,Ward - 6,2267,11147,5695,5452
5,54,11,Siddharthanagar Municipality,7,Ward - 7,859,3626,1792,1834
5,54,11,Siddharthanagar Municipality,8,Ward - 8,2542,10572,5295,5277
5,54,11,Siddharthanagar Municipality,9,Ward - 9,1810,8370,4102,4268
5,54,11,Siddharthanagar Municipality,10,Ward - 10,461,2785,1411,1374
5,54,11,Siddharthanagar Municipality,11,Ward - 11,535,3226,1688,1538
5,54,11,Siddharthanagar Municipality,12,Ward - 12,974,4223,2052,2171
5,54,11,Siddharthanagar Municipality,13,Ward - 13,857,3593,1727,1866
5,54,12,Mayadevi Gaunpalika,1,Ward - 1,1222,7161,3519,3642
5,54,12,Mayadevi Gaunpalika,2,Ward - 2,1439,7976,4033,3943
5,54,12,Mayadevi Gaunpalika,3,Ward - 3,1436,8348,4185,4163
5,54,12,Mayadevi Gaunpalika,4,Ward - 4,1082,6364,3235,3129
5,54,12,Mayadevi Gaunpalika,5,Ward - 5,1419,8574,4335,4239
5,54,12,Mayadevi Gaunpalika,6,Ward - 6,1373,7299,3737,3562
5,54,12,Mayadevi Gaunpalika,7,Ward - 7,900,5413,2789,2624
5,54,12,Mayadevi Gaunpalika,8,Ward - 8,1119,5035,2522,2513
5,54,13,Lumbini Sanskritik Municipality,1,Ward - 1,909,6005,2984,3021
5,54,13,Lumbini Sanskritik Municipality,2,Ward - 2,1220,7518,3810,3708
5,54,13,Lumbini Sanskritik Municipality,3,Ward - 3,829,5321,2586,2735
5,54,13,Lumbini Sanskritik Municipality,4,Ward - 4,1029,6710,3324,3386
5,54,13,Lumbini Sanskritik Municipality,5,Ward - 5,916,6286,2994,3292
5,54,13,Lumbini Sanskritik Municipality,6,Ward - 6,1133,7955,3858,4097
5,54,13,Lumbini Sanskritik Municipality,7,Ward - 7,897,5700,2869,2831
5,54,13,Lumbini Sanskritik Municipality,8,Ward - 8,699,4344,2122,2222
5,54,13,Lumbini Sanskritik Municipality,9,Ward - 9,992,6297,3124,3173
5,54,13,Lumbini Sanskritik Municipality,10,Ward - 10,1412,8356,4244,4112
5,54,13,Lumbini Sanskritik Municipality,11,Ward - 11,1560,10107,4902,5205
5,54,13,Lumbini Sanskritik Municipality,12,Ward - 12,1250,7487,3783,3704
5,54,13,Lumbini Sanskritik Municipality,13,Ward - 13,775,5297,2564,2733
5,54,14,Kotahimai Gaunpalika,1,Ward - 1,1246,7606,3878,3728
5,54,14,Kotahimai Gaunpalika,2,Ward - 2,973,6105,3119,2986
5,54,14,Kotahimai Gaunpalika,3,Ward - 3,1045,6509,3222,3287
5,54,14,Kotahimai Gaunpalika,4,Ward - 4,1155,6660,3335,3325
5,54,14,Kotahimai Gaunpalika,5,Ward - 5,1072,6605,3256,3349
5,54,14,Kotahimai Gaunpalika,6,Ward - 6,955,5953,3054,2899
5,54,14,Kotahimai Gaunpalika,7,Ward - 7,1089,6537,3275,3262
5,54,15,Sammarimai Gaunpalika,1,Ward - 1,827,5103,2553,2550
5,54,15,Sammarimai Gaunpalika,2,Ward - 2,1147,7156,3555,3601
5,54,15,Sammarimai Gaunpalika,3,Ward - 3,914,4871,2394,2477
5,54,15,Sammarimai Gaunpalika,4,Ward - 4,906,5333,2650,2683
5,54,15,Sammarimai Gaunpalika,5,Ward - 5,1043,6337,3194,3143
5,54,15,Sammarimai Gaunpalika,6,Ward - 6,1494,8300,4160,4140
5,54,15,Sammarimai Gaunpalika,7,Ward - 7,911,5944,3005,2939
5,54,16,Marchawari Gaunpalika,1,Ward - 1,1264,7599,3819,3780
5,54,16,Marchawari Gaunpalika,2,Ward - 2,885,5306,2636,2670
5,54,16,Marchawari Gaunpalika,3,Ward - 3,1268,7482,3779,3703
5,54,16,Marchawari Gaunpalika,4,Ward - 4,841,4908,2464,2444
5,54,16,Marchawari Gaunpalika,5,Ward - 5,800,4654,2340,2314
5,54,16,Marchawari Gaunpalika,6,Ward - 6,1153,6956,3547,3409
5,54,16,Marchawari Gaunpalika,7,Ward - 7,710,3975,1914,2061
5,55,1,Banganga Municipality,1,Ward - 1,2203,8544,4069,4475
5,55,1,Banganga Municipality,2,Ward - 2,2560,10370,4802,5568
5,55,1,Banganga Municipality,3,Ward - 3,1558,6781,3264,3517
5,55,1,Banganga Municipality,4,Ward - 4,2627,10422,4879,5543
5,55,1,Banganga Municipality,5,Ward - 5,1550,6593,3117,3476
5,55,1,Banganga Municipality,6,Ward - 6,1327,5608,2603,3005
5,55,1,Banganga Municipality,7,Ward - 7,2020,7780,3580,4200
5,55,1,Banganga Municipality,8,Ward - 8,3312,13243,6182,7061
5,55,1,Banganga Municipality,9,Ward - 9,1619,6762,3101,3661
5,55,1,Banganga Municipality,10,Ward - 10,2140,10024,4783,5241
5,55,1,Banganga Municipality,11,Ward - 11,2409,10587,5027,5560
5,55,2,Buddhabhumi Municipality,1,Ward - 1,2142,8945,4124,4821
5,55,2,Buddhabhumi Municipality,2,Ward - 2,2352,9934,4761,5173
5,55,2,Buddhabhumi Municipality,3,Ward - 3,1306,5707,2674,3033
5,55,2,Buddhabhumi Municipality,4,Ward - 4,1496,6512,3123,3389
5,55,2,Buddhabhumi Municipality,5,Ward - 5,914,5375,2657,2718
5,55,2,Buddhabhumi Municipality,6,Ward - 6,1024,6525,3235,3290
5,55,2,Buddhabhumi Municipality,7,Ward - 7,697,4726,2408,2318
5,55,2,Buddhabhumi Municipality,8,Ward - 8,1340,7765,3835,3930
5,55,2,Buddhabhumi Municipality,9,Ward - 9,2441,11037,5222,5815
5,55,2,Buddhabhumi Municipality,10,Ward - 10,1667,9981,4912,5069
5,55,3,Shivaraj Municipality,1,Ward - 1,2183,9712,4645,5067
5,55,3,Shivaraj Municipality,2,Ward - 2,1124,5570,2643,2927
5,55,3,Shivaraj Municipality,3,Ward - 3,1914,9320,4488,4832
5,55,3,Shivaraj Municipality,4,Ward - 4,1347,8141,4074,4067
5,55,3,Shivaraj Municipality,5,Ward - 5,3367,15566,7514,8052
5,55,3,Shivaraj Municipality,6,Ward - 6,1216,7400,3745,3655
5,55,3,Shivaraj Municipality,7,Ward - 7,596,4080,2057,2023
5,55,3,Shivaraj Municipality,8,Ward - 8,905,5743,2861,2882
5,55,3,Shivaraj Municipality,9,Ward - 9,1517,7012,3249,3763
5,55,3,Shivaraj Municipality,10,Ward - 10,731,4573,2286,2287
5,55,3,Shivaraj Municipality,11,Ward - 11,1341,7693,3766,3927
5,55,4,Bijayanagar Gaunpalika,1,Ward - 1,952,5513,2727,2786
5,55,4,Bijayanagar Gaunpalika,2,Ward - 2,1106,6602,3228,3374
5,55,4,Bijayanagar Gaunpalika,3,Ward - 3,1169,7316,3669,3647
5,55,4,Bijayanagar Gaunpalika,4,Ward - 4,1070,5817,2783,3034
5,55,4,Bijayanagar Gaunpalika,5,Ward - 5,833,5694,2835,2859
5,55,4,Bijayanagar Gaunpalika,6,Ward - 6,853,5134,2623,2511
5,55,4,Bijayanagar Gaunpalika,7,Ward - 7,1076,7215,3545,3670
5,55,5,Krishnanagar Municipality,1,Ward - 1,1224,7537,3832,3705
5,55,5,Krishnanagar Municipality,2,Ward - 2,1049,6001,3041,2960
5,55,5,Krishnanagar Municipality,3,Ward - 3,626,4714,2366,2348
5,55,5,Krishnanagar Municipality,4,Ward - 4,670,4519,2274,2245
5,55,5,Krishnanagar Municipality,5,Ward - 5,560,3581,1748,1833
5,55,5,Krishnanagar Municipality,6,Ward - 6,816,5237,2431,2806
5,55,5,Krishnanagar Municipality,7,Ward - 7,859,6316,3129,3187
5,55,5,Krishnanagar Municipality,8,Ward - 8,1281,8276,4190,4086
5,55,5,Krishnanagar Municipality,9,Ward - 9,1105,6470,3286,3184
5,55,5,Krishnanagar Municipality,10,Ward - 10,797,5778,2919,2859
5,55,5,Krishnanagar Municipality,11,Ward - 11,785,4943,2462,2481
5,55,5,Krishnanagar Municipality,12,Ward - 12,898,6739,3443,3296
5,55,6,Maharajganj Municipality,1,Ward - 1,1019,6775,3506,3269
5,55,6,Maharajganj Municipality,2,Ward - 2,1066,6993,3509,3484
5,55,6,Maharajganj Municipality,3,Ward - 3,771,4908,2454,2454
5,55,6,Maharajganj Municipality,4,Ward - 4,586,3715,1890,1825
5,55,6,Maharajganj Municipality,5,Ward - 5,763,5143,2605,2538
5,55,6,Maharajganj Municipality,6,Ward - 6,976,6119,3112,3007
5,55,6,Maharajganj Municipality,7,Ward - 7,880,5742,2728,3014
5,55,6,Maharajganj Municipality,8,Ward - 8,863,5725,2908,2817
5,55,6,Maharajganj Municipality,9,Ward - 9,1228,8386,4168,4218
5,55,6,Maharajganj Municipality,10,Ward - 10,879,5643,2847,2796
5,55,6,Maharajganj Municipality,11,Ward - 11,789,5496,2809,2687
5,55,7,Kapilbastu Municipality,1,Ward - 1,1582,8530,4269,4261
5,55,7,Kapilbastu Municipality,2,Ward - 2,1385,7854,3874,3980
5,55,7,Kapilbastu Municipality,3,Ward - 3,2011,10598,5372,5226
5,55,7,Kapilbastu Municipality,4,Ward - 4,1177,7742,3834,3908
5,55,7,Kapilbastu Municipality,5,Ward - 5,925,5720,2820,2900
5,55,7,Kapilbastu Municipality,6,Ward - 6,1707,9993,4992,5001
5,55,7,Kapilbastu Municipality,7,Ward - 7,903,5520,2648,2872
5,55,7,Kapilbastu Municipality,8,Ward - 8,1296,8192,4124,4068
5,55,7,Kapilbastu Municipality,9,Ward - 9,1278,6286,3035,3251
5,55,7,Kapilbastu Municipality,10,Ward - 10,1166,6233,3084,3149
5,55,7,Kapilbastu Municipality,11,Ward - 11,1181,7434,3536,3898
5,55,7,Kapilbastu Municipality,12,Ward - 12,771,4772,2410,2362
5,55,8,Yasodhara Gaunpalika,1,Ward - 1,867,5535,2697,2838
5,55,8,Yasodhara Gaunpalika,2,Ward - 2,798,5123,2464,2659
5,55,8,Yasodhara Gaunpalika,3,Ward - 3,563,3955,1984,1971
5,55,8,Yasodhara Gaunpalika,4,Ward - 4,781,4855,2314,2541
5,55,8,Yasodhara Gaunpalika,5,Ward - 5,1008,6544,3102,3442
5,55,8,Yasodhara Gaunpalika,6,Ward - 6,940,5943,2934,3009
5,55,8,Yasodhara Gaunpalika,7,Ward - 7,1041,6662,3270,3392
5,55,8,Yasodhara Gaunpalika,8,Ward - 8,1001,6283,3045,3238
5,55,9,Mayadevi Gaunpalika,1,Ward - 1,1420,9462,4692,4770
5,55,9,Mayadevi Gaunpalika,2,Ward - 2,1125,8134,3864,4270
5,55,9,Mayadevi Gaunpalika,3,Ward - 3,1208,8172,4033,4139
5,55,9,Mayadevi Gaunpalika,4,Ward - 4,775,5368,2496,2872
5,55,9,Mayadevi Gaunpalika,5,Ward - 5,1028,6181,2882,3299
5,55,9,Mayadevi Gaunpalika,6,Ward - 6,852,5805,2901,2904
5,55,9,Mayadevi Gaunpalika,7,Ward - 7,910,5824,2886,2938
5,55,9,Mayadevi Gaunpalika,8,Ward - 8,1125,7026,3370,3656
5,55,10,Shuddhodhan Gaunpalika,1,Ward - 1,1771,10027,4898,5129
5,55,10,Shuddhodhan Gaunpalika,2,Ward - 2,1364,8376,4090,4286
5,55,10,Shuddhodhan Gaunpalika,3,Ward - 3,1464,8860,4470,4390
5,55,10,Shuddhodhan Gaunpalika,4,Ward - 4,827,5281,2597,2684
5,55,10,Shuddhodhan Gaunpalika,5,Ward - 5,1468,9391,4538,4853
5,55,10,Shuddhodhan Gaunpalika,6,Ward - 6,1649,10926,5368,5558
5,56,1,Bangalachuli Gaunpalika,1,Ward - 1,510,1945,805,1140
5,56,1,Bangalachuli Gaunpalika,2,Ward - 2,456,1999,914,1085
5,56,1,Bangalachuli Gaunpalika,3,Ward - 3,797,3152,1287,1865
5,56,1,Bangalachuli Gaunpalika,4,Ward - 4,720,3036,1356,1680
5,56,1,Bangalachuli Gaunpalika,5,Ward - 5,620,2832,1281,1551
5,56,1,Bangalachuli Gaunpalika,6,Ward - 6,600,2556,1061,1495
5,56,1,Bangalachuli Gaunpalika,7,Ward - 7,747,3544,1625,1919
5,56,1,Bangalachuli Gaunpalika,8,Ward - 8,689,3309,1503,1806
5,56,2,Ghorahi Sub-Metropolitian City,1,Ward - 1,1253,4987,2088,2899
5,56,2,Ghorahi Sub-Metropolitian City,2,Ward - 2,1923,8033,3665,4368
5,56,2,Ghorahi Sub-Metropolitian City,3,Ward - 3,2188,9090,4140,4950
5,56,2,Ghorahi Sub-Metropolitian City,4,Ward - 4,2177,8744,3997,4747
5,56,2,Ghorahi Sub-Metropolitian City,5,Ward - 5,1959,7626,3483,4143
5,56,2,Ghorahi Sub-Metropolitian City,6,Ward - 6,1338,6093,2881,3212
5,56,2,Ghorahi Sub-Metropolitian City,7,Ward - 7,1893,7913,3710,4203
5,56,2,Ghorahi Sub-Metropolitian City,8,Ward - 8,1793,7473,3405,4068
5,56,2,Ghorahi Sub-Metropolitian City,9,Ward - 9,2013,8336,3910,4426
5,56,2,Ghorahi Sub-Metropolitian City,10,Ward - 10,3902,15296,7147,8149
5,56,2,Ghorahi Sub-Metropolitian City,11,Ward - 11,2155,9020,4257,4763
5,56,2,Ghorahi Sub-Metropolitian City,12,Ward - 12,2718,11535,5314,6221
5,56,2,Ghorahi Sub-Metropolitian City,13,Ward - 13,3197,12878,5991,6887
5,56,2,Ghorahi Sub-Metropolitian City,14,Ward - 14,2869,12004,5831,6173
5,56,2,Ghorahi Sub-Metropolitian City,15,Ward - 15,8147,29044,14024,15020
5,56,2,Ghorahi Sub-Metropolitian City,16,Ward - 16,2420,9758,4655,5103
5,56,2,Ghorahi Sub-Metropolitian City,17,Ward - 17,3413,13825,6522,7303
5,56,2,Ghorahi Sub-Metropolitian City,18,Ward - 18,3115,12966,6029,6937
5,56,2,Ghorahi Sub-Metropolitian City,19,Ward - 19,1288,5909,2757,3152
5,56,3,Tulsipur Sub-Metropolitian City,1,Ward - 1,1232,4660,2134,2526
5,56,3,Tulsipur Sub-Metropolitian City,2,Ward - 2,1182,4877,2355,2522
5,56,3,Tulsipur Sub-Metropolitian City,3,Ward - 3,2003,8025,3829,4196
5,56,3,Tulsipur Sub-Metropolitian City,4,Ward - 4,2338,9260,4340,4920
5,56,3,Tulsipur Sub-Metropolitian City,5,Ward - 5,3608,13647,6540,7107
5,56,3,Tulsipur Sub-Metropolitian City,6,Ward - 6,6073,21656,10255,11401
5,56,3,Tulsipur Sub-Metropolitian City,7,Ward - 7,3526,13868,6462,7406
5,56,3,Tulsipur Sub-Metropolitian City,8,Ward - 8,2208,8795,4219,4576
5,56,3,Tulsipur Sub-Metropolitian City,9,Ward - 9,3773,13464,6351,7113
5,56,3,Tulsipur Sub-Metropolitian City,10,Ward - 10,1600,6587,3110,3477
5,56,3,Tulsipur Sub-Metropolitian City,11,Ward - 11,2150,8909,4196,4713
5,56,3,Tulsipur Sub-Metropolitian City,12,Ward - 12,2673,10897,5188,5709
5,56,3,Tulsipur Sub-Metropolitian City,13,Ward - 13,1480,5908,2733,3175
5,56,3,Tulsipur Sub-Metropolitian City,14,Ward - 14,1627,6415,2982,3433
5,56,3,Tulsipur Sub-Metropolitian City,15,Ward - 15,1928,7850,3609,4241
5,56,3,Tulsipur Sub-Metropolitian City,16,Ward - 16,1907,7929,3770,4159
5,56,3,Tulsipur Sub-Metropolitian City,17,Ward - 17,2292,9312,4387,4925
5,56,3,Tulsipur Sub-Metropolitian City,18,Ward - 18,2384,9462,4493,4969
5,56,3,Tulsipur Sub-Metropolitian City,19,Ward - 19,2034,8234,3811,4423
5,56,4,Shantinagar Gaunpalika,1,Ward - 1,783,3302,1564,1738
5,56,4,Shantinagar Gaunpalika,2,Ward - 2,1175,4727,2228,2499
5,56,4,Shantinagar Gaunpalika,3,Ward - 3,1251,4726,2193,2533
5,56,4,Shantinagar Gaunpalika,4,Ward - 4,1049,4033,1828,2205
5,56,4,Shantinagar Gaunpalika,5,Ward - 5,781,3171,1452,1719
5,56,4,Shantinagar Gaunpalika,6,Ward - 6,845,3432,1587,1845
5,56,4,Shantinagar Gaunpalika,7,Ward - 7,1035,4250,1949,2301
5,56,5,Babai Gaunpalika,1,Ward - 1,873,3888,1833,2055
5,56,5,Babai Gaunpalika,2,Ward - 2,892,3927,1847,2080
5,56,5,Babai Gaunpalika,3,Ward - 3,777,3133,1466,1667
5,56,5,Babai Gaunpalika,4,Ward - 4,1370,5382,2510,2872
5,56,5,Babai Gaunpalika,5,Ward - 5,1481,6214,2910,3304
5,56,5,Babai Gaunpalika,6,Ward - 6,1156,4540,2104,2436
5,56,5,Babai Gaunpalika,7,Ward - 7,978,3884,1776,2108
5,56,6,Dangisharan Gaunpalika,1,Ward - 1,593,2246,1022,1224
5,56,6,Dangisharan Gaunpalika,2,Ward - 2,739,2979,1388,1591
5,56,6,Dangisharan Gaunpalika,3,Ward - 3,888,3506,1629,1877
5,56,6,Dangisharan Gaunpalika,4,Ward - 4,684,2946,1419,1527
5,56,6,Dangisharan Gaunpalika,5,Ward - 5,919,3724,1759,1965
5,56,6,Dangisharan Gaunpalika,6,Ward - 6,1049,4374,2131,2243
5,56,6,Dangisharan Gaunpalika,7,Ward - 7,953,3893,1849,2044
5,56,7,Lamahi Municipality,1,Ward - 1,1402,5952,2824,3128
5,56,7,Lamahi Municipality,2,Ward - 2,1383,6758,3310,3448
5,56,7,Lamahi Municipality,3,Ward - 3,1708,7651,3667,3984
5,56,7,Lamahi Municipality,4,Ward - 4,1456,6632,3224,3408
5,56,7,Lamahi Municipality,5,Ward - 5,2422,9681,4672,5009
5,56,7,Lamahi Municipality,6,Ward - 6,1847,7440,3509,3931
5,56,7,Lamahi Municipality,7,Ward - 7,1243,5595,2734,2861
5,56,7,Lamahi Municipality,8,Ward - 8,1139,5585,2745,2840
5,56,7,Lamahi Municipality,9,Ward - 9,858,3756,1816,1940
5,56,8,Rapti Gaunpalika,1,Ward - 1,1799,7637,3622,4015
5,56,8,Rapti Gaunpalika,2,Ward - 2,1744,7238,3463,3775
5,56,8,Rapti Gaunpalika,3,Ward - 3,1561,6839,3328,3511
5,56,8,Rapti Gaunpalika,4,Ward - 4,1630,6824,3137,3687
5,56,8,Rapti Gaunpalika,5,Ward - 5,1363,6242,3047,3195
5,56,8,Rapti Gaunpalika,6,Ward - 6,1000,4480,2093,2387
5,56,8,Rapti Gaunpalika,7,Ward - 7,1090,5134,2458,2676
5,56,8,Rapti Gaunpalika,8,Ward - 8,1255,5684,2663,3021
5,56,8,Rapti Gaunpalika,9,Ward - 9,384,2045,1006,1039
5,56,9,Gadhawa Gaunpalika,1,Ward - 1,1688,7561,3619,3942
5,56,9,Gadhawa Gaunpalika,2,Ward - 2,1169,5596,2754,2842
5,56,9,Gadhawa Gaunpalika,3,Ward - 3,1135,5049,2439,2610
5,56,9,Gadhawa Gaunpalika,4,Ward - 4,1265,5983,2971,3012
5,56,9,Gadhawa Gaunpalika,5,Ward - 5,1482,6901,3374,3527
5,56,9,Gadhawa Gaunpalika,6,Ward - 6,1714,7847,3819,4028
5,56,9,Gadhawa Gaunpalika,7,Ward - 7,1320,6111,2925,3186
5,56,9,Gadhawa Gaunpalika,8,Ward - 8,191,850,407,443
5,56,10,Rajpur Gaunpalika,1,Ward - 1,1024,4932,2425,2507
5,56,10,Rajpur Gaunpalika,2,Ward - 2,1051,4678,2265,2413
5,56,10,Rajpur Gaunpalika,3,Ward - 3,631,3821,1978,1843
5,56,10,Rajpur Gaunpalika,4,Ward - 4,625,3351,1689,1662
5,56,10,Rajpur Gaunpalika,5,Ward - 5,702,3546,1760,1786
5,56,10,Rajpur Gaunpalika,6,Ward - 6,665,2976,1423,1553
5,56,10,Rajpur Gaunpalika,7,Ward - 7,1131,5042,2518,2524
5,57,1,Rapti Sonari Gaunpalika,1,Ward - 1,1351,5507,2625,2882
5,57,1,Rapti Sonari Gaunpalika,2,Ward - 2,2204,9045,4164,4881
5,57,1,Rapti Sonari Gaunpalika,3,Ward - 3,1146,5782,2750,3032
5,57,1,Rapti Sonari Gaunpalika,4,Ward - 4,1784,7616,3485,4131
5,57,1,Rapti Sonari Gaunpalika,5,Ward - 5,1788,7970,3707,4263
5,57,1,Rapti Sonari Gaunpalika,6,Ward - 6,1746,8349,3932,4417
5,57,1,Rapti Sonari Gaunpalika,7,Ward - 7,2188,11143,5509,5634
5,57,1,Rapti Sonari Gaunpalika,8,Ward - 8,1391,5449,2490,2959
5,57,1,Rapti Sonari Gaunpalika,9,Ward - 9,1348,5584,2665,2919
5,57,2,Kohalpur Municipality,1,Ward - 1,951,4029,1856,2173
5,57,2,Kohalpur Municipality,2,Ward - 2,3665,14752,6925,7827
5,57,2,Kohalpur Municipality,3,Ward - 3,1740,7322,3490,3832
5,57,2,Kohalpur Municipality,4,Ward - 4,719,3632,1839,1793
5,57,2,Kohalpur Municipality,5,Ward - 5,1717,6647,3114,3533
5,57,2,Kohalpur Municipality,6,Ward - 6,1440,5731,2719,3012
5,57,2,Kohalpur Municipality,7,Ward - 7,604,2811,1348,1463
5,57,2,Kohalpur Municipality,8,Ward - 8,1243,5206,2454,2752
5,57,2,Kohalpur Municipality,9,Ward - 9,814,3815,1911,1904
5,57,2,Kohalpur Municipality,10,Ward - 10,2205,8734,4239,4495
5,57,2,Kohalpur Municipality,11,Ward - 11,3420,13748,6724,7024
5,57,2,Kohalpur Municipality,12,Ward - 12,2182,9249,4462,4787
5,57,2,Kohalpur Municipality,13,Ward - 13,1181,5398,2668,2730
5,57,2,Kohalpur Municipality,14,Ward - 14,1233,5569,2727,2842
5,57,2,Kohalpur Municipality,15,Ward - 15,1069,5024,2492,2532
5,57,3,Baijanath Gaunpalika,1,Ward - 1,2031,9008,4198,4810
5,57,3,Baijanath Gaunpalika,2,Ward - 2,2272,9140,4059,5081
5,57,3,Baijanath Gaunpalika,3,Ward - 3,2101,8747,4045,4702
5,57,3,Baijanath Gaunpalika,4,Ward - 4,2141,9033,4266,4767
5,57,3,Baijanath Gaunpalika,5,Ward - 5,2469,10945,5069,5876
5,57,3,Baijanath Gaunpalika,6,Ward - 6,2317,9225,4174,5051
5,57,3,Baijanath Gaunpalika,7,Ward - 7,745,3208,1563,1645
5,57,3,Baijanath Gaunpalika,8,Ward - 8,2393,10166,4699,5467
5,57,4,Khajura Gaunpalika,1,Ward - 1,915,3770,1667,2103
5,57,4,Khajura Gaunpalika,2,Ward - 2,2467,10124,4575,5549
5,57,4,Khajura Gaunpalika,3,Ward - 3,1952,8133,3725,4408
5,57,4,Khajura Gaunpalika,4,Ward - 4,1711,7064,3146,3918
5,57,4,Khajura Gaunpalika,5,Ward - 5,1402,7298,3615,3683
5,57,4,Khajura Gaunpalika,6,Ward - 6,1690,7901,3773,4128
5,57,4,Khajura Gaunpalika,7,Ward - 7,1974,10436,5165,5271
5,57,4,Khajura Gaunpalika,8,Ward - 8,1595,8063,3913,4150
5,57,5,Janaki Gaunpalika,1,Ward - 1,1299,7676,3845,3831
5,57,5,Janaki Gaunpalika,2,Ward - 2,1141,6044,3024,3020
5,57,5,Janaki Gaunpalika,3,Ward - 3,2633,12623,6429,6194
5,57,5,Janaki Gaunpalika,4,Ward - 4,1356,6399,3210,3189
5,57,5,Janaki Gaunpalika,5,Ward - 5,1148,6221,3153,3068
5,57,5,Janaki Gaunpalika,6,Ward - 6,1249,7178,3645,3533
5,57,6,Nepalganj Sub-Metropolitian City,1,Ward - 1,2167,8990,4436,4554
5,57,6,Nepalganj Sub-Metropolitian City,2,Ward - 2,1363,6244,3171,3073
5,57,6,Nepalganj Sub-Metropolitian City,3,Ward - 3,556,3313,1700,1613
5,57,6,Nepalganj Sub-Metropolitian City,4,Ward - 4,2918,12738,6320,6418
5,57,6,Nepalganj Sub-Metropolitian City,5,Ward - 5,1137,5872,2996,2876
5,57,6,Nepalganj Sub-Metropolitian City,6,Ward - 6,1411,6366,3226,3140
5,57,6,Nepalganj Sub-Metropolitian City,7,Ward - 7,682,3415,1750,1665
5,57,6,Nepalganj Sub-Metropolitian City,8,Ward - 8,852,4617,2376,2241
5,57,6,Nepalganj Sub-Metropolitian City,9,Ward - 9,1425,5534,2776,2758
5,57,6,Nepalganj Sub-Metropolitian City,10,Ward - 10,2663,9455,4684,4771
5,57,6,Nepalganj Sub-Metropolitian City,11,Ward - 11,1001,5522,2844,2678
5,57,6,Nepalganj Sub-Metropolitian City,12,Ward - 12,1738,7244,3590,3654
5,57,6,Nepalganj Sub-Metropolitian City,13,Ward - 13,1466,6999,3597,3402
5,57,6,Nepalganj Sub-Metropolitian City,14,Ward - 14,1056,6352,3296,3056
5,57,6,Nepalganj Sub-Metropolitian City,15,Ward - 15,1145,6489,3313,3176
5,57,6,Nepalganj Sub-Metropolitian City,16,Ward - 16,1100,7672,3999,3673
5,57,6,Nepalganj Sub-Metropolitian City,17,Ward - 17,1220,6274,3171,3103
5,57,6,Nepalganj Sub-Metropolitian City,18,Ward - 18,2702,12047,6034,6013
5,57,6,Nepalganj Sub-Metropolitian City,19,Ward - 19,1711,8537,4171,4366
5,57,6,Nepalganj Sub-Metropolitian City,20,Ward - 20,3298,14767,7282,7485
5,57,6,Nepalganj Sub-Metropolitian City,21,Ward - 21,1553,8217,4118,4099
5,57,6,Nepalganj Sub-Metropolitian City,22,Ward - 22,1066,5934,2991,2943
5,57,6,Nepalganj Sub-Metropolitian City,23,Ward - 23,335,1846,914,932
5,57,7,Duduwa Gaunpalika,1,Ward - 1,1065,5872,2989,2883
5,57,7,Duduwa Gaunpalika,2,Ward - 2,1588,9226,4722,4504
5,57,7,Duduwa Gaunpalika,3,Ward - 3,1368,7638,3920,3718
5,57,7,Duduwa Gaunpalika,4,Ward - 4,952,5261,2701,2560
5,57,7,Duduwa Gaunpalika,5,Ward - 5,1569,6680,3074,3606
5,57,7,Duduwa Gaunpalika,6,Ward - 6,1509,8458,4426,4032
5,57,8,Narainapur Gaunpalika,1,Ward - 1,1369,7111,3630,3481
5,57,8,Narainapur Gaunpalika,2,Ward - 2,1390,7033,3424,3609
5,57,8,Narainapur Gaunpalika,3,Ward - 3,1028,5697,2927,2770
5,57,8,Narainapur Gaunpalika,4,Ward - 4,1255,6327,3219,3108
5,57,8,Narainapur Gaunpalika,5,Ward - 5,1805,9289,4679,4610
5,57,8,Narainapur Gaunpalika,6,Ward - 6,1641,7749,3853,3896
5,58,1,Bansgadhi Municipality,1,Ward - 1,625,2343,1075,1268
5,58,1,Bansgadhi Municipality,2,Ward - 2,1613,6470,2919,3551
5,58,1,Bansgadhi Municipality,3,Ward - 3,2156,9174,4381,4793
5,58,1,Bansgadhi Municipality,4,Ward - 4,2185,9064,4125,4939
5,58,1,Bansgadhi Municipality,5,Ward - 5,1874,7809,3656,4153
5,58,1,Bansgadhi Municipality,6,Ward - 6,1693,7308,3329,3979
5,58,1,Bansgadhi Municipality,7,Ward - 7,1015,4636,2192,2444
5,58,1,Bansgadhi Municipality,8,Ward - 8,1943,7771,3569,4202
5,58,1,Bansgadhi Municipality,9,Ward - 9,1987,8677,4061,4616
5,58,2,Barbardiya Municipality,1,Ward - 1,1532,6171,2849,3322
5,58,2,Barbardiya Municipality,2,Ward - 2,1231,5577,2660,2917
5,58,2,Barbardiya Municipality,3,Ward - 3,1570,7107,3416,3691
5,58,2,Barbardiya Municipality,4,Ward - 4,1468,6903,3335,3568
5,58,2,Barbardiya Municipality,5,Ward - 5,1316,5754,2721,3033
5,58,2,Barbardiya Municipality,6,Ward - 6,1594,6460,3003,3457
5,58,2,Barbardiya Municipality,7,Ward - 7,1666,6513,2871,3642
5,58,2,Barbardiya Municipality,8,Ward - 8,1569,6303,2826,3477
5,58,2,Barbardiya Municipality,9,Ward - 9,1774,7667,3594,4073
5,58,2,Barbardiya Municipality,10,Ward - 10,1905,8062,3899,4163
5,58,2,Barbardiya Municipality,11,Ward - 11,1272,6016,2952,3064
5,58,3,Thakurbaba Municipality,1,Ward - 1,1599,6701,3168,3533
5,58,3,Thakurbaba Municipality,2,Ward - 2,1635,7355,3489,3866
5,58,3,Thakurbaba Municipality,3,Ward - 3,1655,7006,3220,3786
5,58,3,Thakurbaba Municipality,4,Ward - 4,1211,5272,2407,2865
5,58,3,Thakurbaba Municipality,5,Ward - 5,1353,5857,2670,3187
5,58,3,Thakurbaba Municipality,6,Ward - 6,880,3607,1622,1985
5,58,3,Thakurbaba Municipality,7,Ward - 7,865,4025,1911,2114
5,58,3,Thakurbaba Municipality,8,Ward - 8,959,4114,1869,2245
5,58,3,Thakurbaba Municipality,9,Ward - 9,1312,5483,2514,2969
5,58,4,Geruwa Gaunpalika,1,Ward - 1,1161,5491,2640,2851
5,58,4,Geruwa Gaunpalika,2,Ward - 2,1041,4427,1930,2497
5,58,4,Geruwa Gaunpalika,3,Ward - 3,1114,4906,2308,2598
5,58,4,Geruwa Gaunpalika,4,Ward - 4,1525,6340,2874,3466
5,58,4,Geruwa Gaunpalika,5,Ward - 5,1504,6433,2897,3536
5,58,4,Geruwa Gaunpalika,6,Ward - 6,1417,5917,2714,3203
5,58,5,Rajapur Municipality,1,Ward - 1,1378,6037,2848,3189
5,58,5,Rajapur Municipality,2,Ward - 2,1341,5807,2716,3091
5,58,5,Rajapur Municipality,3,Ward - 3,1348,5923,2658,3265
5,58,5,Rajapur Municipality,4,Ward - 4,1926,7886,3773,4113
5,58,5,Rajapur Municipality,5,Ward - 5,1481,6298,2877,3421
5,58,5,Rajapur Municipality,6,Ward - 6,1408,6572,3244,3328
5,58,5,Rajapur Municipality,7,Ward - 7,908,4068,1874,2194
5,58,5,Rajapur Municipality,8,Ward - 8,1181,5639,2615,3024
5,58,5,Rajapur Municipality,9,Ward - 9,1098,5371,2599,2772
5,58,5,Rajapur Municipality,10,Ward - 10,1590,7230,3403,3827
5,58,6,Madhuwan Municipality,1,Ward - 1,1272,5666,2708,2958
5,58,6,Madhuwan Municipality,2,Ward - 2,1117,5308,2609,2699
5,58,6,Madhuwan Municipality,3,Ward - 3,1049,4357,1986,2371
5,58,6,Madhuwan Municipality,4,Ward - 4,1565,6549,3109,3440
5,58,6,Madhuwan Municipality,5,Ward - 5,1562,5909,2562,3347
5,58,6,Madhuwan Municipality,6,Ward - 6,1428,5387,2426,2961
5,58,6,Madhuwan Municipality,7,Ward - 7,1577,6108,2714,3394
5,58,6,Madhuwan Municipality,8,Ward - 8,1438,5562,2552,3010
5,58,6,Madhuwan Municipality,9,Ward - 9,1436,5893,2644,3249
5,58,7,Gulariya Municipality,1,Ward - 1,1416,6585,3165,3420
5,58,7,Gulariya Municipality,2,Ward - 2,1253,5778,2865,2913
5,58,7,Gulariya Municipality,3,Ward - 3,1091,5468,2704,2764
5,58,7,Gulariya Municipality,4,Ward - 4,2071,8616,4092,4524
5,58,7,Gulariya Municipality,5,Ward - 5,1239,4778,2237,2541
5,58,7,Gulariya Municipality,6,Ward - 6,1161,4900,2414,2486
5,58,7,Gulariya Municipality,7,Ward - 7,1118,5267,2700,2567
5,58,7,Gulariya Municipality,8,Ward - 8,1415,6722,3400,3322
5,58,7,Gulariya Municipality,9,Ward - 9,1405,6896,3484,3412
5,58,7,Gulariya Municipality,10,Ward - 10,1430,7204,3628,3576
5,58,7,Gulariya Municipality,11,Ward - 11,1287,6656,3360,3296
5,58,7,Gulariya Municipality,12,Ward - 12,1116,5635,2678,2957
5,58,8,Badhaiyatal Gaunpalika,1,Ward - 1,1514,5600,2356,3244
5,58,8,Badhaiyatal Gaunpalika,2,Ward - 2,1620,6588,2990,3598
5,58,8,Badhaiyatal Gaunpalika,3,Ward - 3,1608,6969,3289,3680
5,58,8,Badhaiyatal Gaunpalika,4,Ward - 4,1403,5834,2706,3128
5,58,8,Badhaiyatal Gaunpalika,5,Ward - 5,1132,5089,2443,2646
5,58,8,Badhaiyatal Gaunpalika,6,Ward - 6,1411,5744,2703,3041
5,58,8,Badhaiyatal Gaunpalika,7,Ward - 7,1335,5730,2709,3021
5,58,8,Badhaiyatal Gaunpalika,8,Ward - 8,1535,6141,2827,3314
5,58,8,Badhaiyatal Gaunpalika,9,Ward - 9,1403,5123,2361,2762
6,59,1,Dolpo Buddha Gaunpalika,1,Ward - 1,102,524,236,288
6,59,1,Dolpo Buddha Gaunpalika,2,Ward - 2,31,102,41,61
6,59,1,Dolpo Buddha Gaunpalika,3,Ward - 3,118,408,186,222
6,59,1,Dolpo Buddha Gaunpalika,4,Ward - 4,67,301,146,155
6,59,1,Dolpo Buddha Gaunpalika,5,Ward - 5,98,509,244,265
6,59,1,Dolpo Buddha Gaunpalika,6,Ward - 6,127,576,295,281
6,59,2,Shey Phoksundo Gaunpalika,1,Ward - 1,186,818,395,423
6,59,2,Shey Phoksundo Gaunpalika,2,Ward - 2,144,616,306,310
6,59,2,Shey Phoksundo Gaunpalika,3,Ward - 3,154,505,240,265
6,59,2,Shey Phoksundo Gaunpalika,4,Ward - 4,151,660,325,335
6,59,2,Shey Phoksundo Gaunpalika,5,Ward - 5,48,197,87,110
6,59,2,Shey Phoksundo Gaunpalika,6,Ward - 6,13,72,38,34
6,59,2,Shey Phoksundo Gaunpalika,7,Ward - 7,37,163,93,70
6,59,2,Shey Phoksundo Gaunpalika,8,Ward - 8,85,388,193,195
6,59,2,Shey Phoksundo Gaunpalika,9,Ward - 9,43,216,102,114
6,59,3,Jagadulla Gaunpalika,1,Ward - 1,70,260,136,124
6,59,3,Jagadulla Gaunpalika,2,Ward - 2,77,301,147,154
6,59,3,Jagadulla Gaunpalika,3,Ward - 3,95,447,207,240
6,59,3,Jagadulla Gaunpalika,4,Ward - 4,98,376,196,180
6,59,3,Jagadulla Gaunpalika,5,Ward - 5,132,588,288,300
6,59,3,Jagadulla Gaunpalika,6,Ward - 6,129,603,286,317
6,59,4,Mudkechula Gaunpalika,1,Ward - 1,105,446,215,231
6,59,4,Mudkechula Gaunpalika,2,Ward - 2,112,487,252,235
6,59,4,Mudkechula Gaunpalika,3,Ward - 3,93,415,222,193
6,59,4,Mudkechula Gaunpalika,4,Ward - 4,144,717,365,352
6,59,4,Mudkechula Gaunpalika,5,Ward - 5,93,467,239,228
6,59,4,Mudkechula Gaunpalika,6,Ward - 6,149,686,327,359
6,59,4,Mudkechula Gaunpalika,7,Ward - 7,195,987,499,488
6,59,4,Mudkechula Gaunpalika,8,Ward - 8,181,983,484,499
6,59,4,Mudkechula Gaunpalika,9,Ward - 9,118,615,315,300
6,59,5,Tripurasundari Municipality,1,Ward - 1,403,1739,859,880
6,59,5,Tripurasundari Municipality,2,Ward - 2,342,1632,808,824
6,59,5,Tripurasundari Municipality,3,Ward - 3,252,1141,577,564
6,59,5,Tripurasundari Municipality,4,Ward - 4,204,998,500,498
6,59,5,Tripurasundari Municipality,5,Ward - 5,139,754,385,369
6,59,5,Tripurasundari Municipality,6,Ward - 6,144,720,361,359
6,59,5,Tripurasundari Municipality,7,Ward - 7,303,1471,730,741
6,59,5,Tripurasundari Municipality,8,Ward - 8,240,1078,539,539
6,59,5,Tripurasundari Municipality,9,Ward - 9,184,788,375,413
6,59,5,Tripurasundari Municipality,10,Ward - 10,190,839,416,423
6,59,5,Tripurasundari Municipality,11,Ward - 11,221,1073,530,543
6,59,6,Thulibheri Municipality,1,Ward - 1,90,378,194,184
6,59,6,Thulibheri Municipality,2,Ward - 2,109,483,240,243
6,59,6,Thulibheri Municipality,3,Ward - 3,523,1756,891,865
6,59,6,Thulibheri Municipality,4,Ward - 4,107,494,258,236
6,59,6,Thulibheri Municipality,5,Ward - 5,301,1400,697,703
6,59,6,Thulibheri Municipality,6,Ward - 6,334,1570,770,800
6,59,6,Thulibheri Municipality,7,Ward - 7,273,1112,552,560
6,59,6,Thulibheri Municipality,8,Ward - 8,187,864,430,434
6,59,6,Thulibheri Municipality,9,Ward - 9,142,682,328,354
6,59,6,Thulibheri Municipality,10,Ward - 10,91,392,201,191
6,59,6,Thulibheri Municipality,11,Ward - 11,170,730,386,344
6,59,7,Kaike Gaunpalika,1,Ward - 1,115,468,216,252
6,59,7,Kaike Gaunpalika,2,Ward - 2,121,568,276,292
6,59,7,Kaike Gaunpalika,3,Ward - 3,150,554,252,302
6,59,7,Kaike Gaunpalika,4,Ward - 4,125,607,282,325
6,59,7,Kaike Gaunpalika,5,Ward - 5,201,864,397,467
6,59,7,Kaike Gaunpalika,6,Ward - 6,99,453,219,234
6,59,7,Kaike Gaunpalika,7,Ward - 7,105,451,210,241
6,59,8,Chharka Tangsong Gaunpalika,1,Ward - 1,74,453,216,237
6,59,8,Chharka Tangsong Gaunpalika,2,Ward - 2,39,194,97,97
6,59,8,Chharka Tangsong Gaunpalika,3,Ward - 3,32,196,101,95
6,59,8,Chharka Tangsong Gaunpalika,4,Ward - 4,68,243,122,121
6,59,8,Chharka Tangsong Gaunpalika,5,Ward - 5,70,378,185,193
6,59,8,Chharka Tangsong Gaunpalika,6,Ward - 6,37,208,98,110
6,60,1,Mugumakarmarog Gaunpalika,1,Ward - 1,108,466,206,260
6,60,1,Mugumakarmarog Gaunpalika,2,Ward - 2,235,1268,616,652
6,60,1,Mugumakarmarog Gaunpalika,3,Ward - 3,38,122,62,60
6,60,1,Mugumakarmarog Gaunpalika,4,Ward - 4,78,337,150,187
6,60,1,Mugumakarmarog Gaunpalika,5,Ward - 5,193,784,360,424
6,60,1,Mugumakarmarog Gaunpalika,6,Ward - 6,114,383,172,211
6,60,1,Mugumakarmarog Gaunpalika,7,Ward - 7,200,949,442,507
6,60,1,Mugumakarmarog Gaunpalika,8,Ward - 8,188,819,382,437
6,60,1,Mugumakarmarog Gaunpalika,9,Ward - 9,218,1094,573,521
6,60,2,Chhayanath Rara Municipality,1,Ward - 1,512,2132,1056,1076
6,60,2,Chhayanath Rara Municipality,2,Ward - 2,596,2199,1172,1027
6,60,2,Chhayanath Rara Municipality,3,Ward - 3,283,1515,767,748
6,60,2,Chhayanath Rara Municipality,4,Ward - 4,356,1917,939,978
6,60,2,Chhayanath Rara Municipality,5,Ward - 5,427,2217,1129,1088
6,60,2,Chhayanath Rara Municipality,6,Ward - 6,338,1734,910,824
6,60,2,Chhayanath Rara Municipality,7,Ward - 7,269,1319,667,652
6,60,2,Chhayanath Rara Municipality,8,Ward - 8,215,1101,561,540
6,60,2,Chhayanath Rara Municipality,9,Ward - 9,77,401,203,198
6,60,2,Chhayanath Rara Municipality,10,Ward - 10,390,2204,1089,1115
6,60,2,Chhayanath Rara Municipality,11,Ward - 11,216,1148,574,574
6,60,2,Chhayanath Rara Municipality,12,Ward - 12,357,1827,920,907
6,60,2,Chhayanath Rara Municipality,13,Ward - 13,534,2731,1355,1376
6,60,2,Chhayanath Rara Municipality,14,Ward - 14,382,2082,1048,1034
6,60,3,Soru Gaunpalika,1,Ward - 1,120,834,416,418
6,60,3,Soru Gaunpalika,2,Ward - 2,191,1073,546,527
6,60,3,Soru Gaunpalika,3,Ward - 3,273,1549,720,829
6,60,3,Soru Gaunpalika,4,Ward - 4,127,777,369,408
6,60,3,Soru Gaunpalika,5,Ward - 5,129,694,372,322
6,60,3,Soru Gaunpalika,6,Ward - 6,406,2163,1038,1125
6,60,3,Soru Gaunpalika,7,Ward - 7,305,1573,778,795
6,60,3,Soru Gaunpalika,8,Ward - 8,246,1334,666,668
6,60,3,Soru Gaunpalika,9,Ward - 9,312,1885,963,922
6,60,3,Soru Gaunpalika,10,Ward - 10,267,1346,667,679
6,60,3,Soru Gaunpalika,11,Ward - 11,205,1049,494,555
6,60,4,Khatyad Gaunpalika,1,Ward - 1,165,907,480,427
6,60,4,Khatyad Gaunpalika,2,Ward - 2,271,1442,721,721
6,60,4,Khatyad Gaunpalika,3,Ward - 3,377,2046,1000,1046
6,60,4,Khatyad Gaunpalika,4,Ward - 4,422,2299,1178,1121
6,60,4,Khatyad Gaunpalika,5,Ward - 5,380,1941,991,950
6,60,4,Khatyad Gaunpalika,6,Ward - 6,234,1336,670,666
6,60,4,Khatyad Gaunpalika,7,Ward - 7,387,1856,936,920
6,60,4,Khatyad Gaunpalika,8,Ward - 8,305,1694,841,853
6,60,4,Khatyad Gaunpalika,9,Ward - 9,350,2099,1068,1031
6,60,4,Khatyad Gaunpalika,10,Ward - 10,264,1376,701,675
6,60,4,Khatyad Gaunpalika,11,Ward - 11,370,1836,927,909
6,61,1,Chankheli Gaunpalika,1,Ward - 1,129,701,351,350
6,61,1,Chankheli Gaunpalika,2,Ward - 2,330,1780,887,893
6,61,1,Chankheli Gaunpalika,3,Ward - 3,246,1567,799,768
6,61,1,Chankheli Gaunpalika,4,Ward - 4,171,918,472,446
6,61,1,Chankheli Gaunpalika,5,Ward - 5,68,382,184,198
6,61,1,Chankheli Gaunpalika,6,Ward - 6,249,1231,597,634
6,61,2,Kharpunath Gaunpalika,1,Ward - 1,364,1691,822,869
6,61,2,Kharpunath Gaunpalika,2,Ward - 2,217,952,472,480
6,61,2,Kharpunath Gaunpalika,3,Ward - 3,238,1127,568,559
6,61,2,Kharpunath Gaunpalika,4,Ward - 4,268,1234,576,658
6,61,2,Kharpunath Gaunpalika,5,Ward - 5,350,1732,888,844
6,61,3,Simkot Gaunpalika,1,Ward - 1,159,676,361,315
6,61,3,Simkot Gaunpalika,2,Ward - 2,319,1346,665,681
6,61,3,Simkot Gaunpalika,3,Ward - 3,166,622,337,285
6,61,3,Simkot Gaunpalika,4,Ward - 4,120,508,274,234
6,61,3,Simkot Gaunpalika,5,Ward - 5,622,2145,1104,1041
6,61,3,Simkot Gaunpalika,6,Ward - 6,610,2279,1145,1134
6,61,3,Simkot Gaunpalika,7,Ward - 7,443,2209,1105,1104
6,61,3,Simkot Gaunpalika,8,Ward - 8,443,2150,1056,1094
6,61,4,Namkha Gaunpalika,1,Ward - 1,198,962,478,484
6,61,4,Namkha Gaunpalika,2,Ward - 2,132,490,242,248
6,61,4,Namkha Gaunpalika,3,Ward - 3,123,538,269,269
6,61,4,Namkha Gaunpalika,4,Ward - 4,100,372,170,202
6,61,4,Namkha Gaunpalika,5,Ward - 5,117,415,211,204
6,61,4,Namkha Gaunpalika,6,Ward - 6,179,812,380,432
6,61,5,Sarkegad Gaunpalika,1,Ward - 1,426,2158,1056,1102
6,61,5,Sarkegad Gaunpalika,2,Ward - 2,277,1134,553,581
6,61,5,Sarkegad Gaunpalika,3,Ward - 3,227,983,511,472
6,61,5,Sarkegad Gaunpalika,4,Ward - 4,251,1225,623,602
6,61,5,Sarkegad Gaunpalika,5,Ward - 5,176,901,452,449
6,61,5,Sarkegad Gaunpalika,6,Ward - 6,279,1366,671,695
6,61,5,Sarkegad Gaunpalika,7,Ward - 7,318,1594,806,788
6,61,5,Sarkegad Gaunpalika,8,Ward - 8,251,1327,691,636
6,61,6,Adanchuli Gaunpalika,1,Ward - 1,186,1200,598,602
6,61,6,Adanchuli Gaunpalika,2,Ward - 2,253,1489,735,754
6,61,6,Adanchuli Gaunpalika,3,Ward - 3,268,1422,680,742
6,61,6,Adanchuli Gaunpalika,4,Ward - 4,172,941,454,487
6,61,6,Adanchuli Gaunpalika,5,Ward - 5,333,1750,834,916
6,61,6,Adanchuli Gaunpalika,6,Ward - 6,268,1463,737,726
6,61,7,Tanjakot Gaunpalika,1,Ward - 1,162,819,403,416
6,61,7,Tanjakot Gaunpalika,2,Ward - 2,231,1157,574,583
6,61,7,Tanjakot Gaunpalika,3,Ward - 3,364,1963,961,1002
6,61,7,Tanjakot Gaunpalika,4,Ward - 4,227,1152,562,590
6,61,7,Tanjakot Gaunpalika,5,Ward - 5,174,1001,505,496
6,62,1,Patarasi Gaunpalika,1,Ward - 1,283,1567,778,789
6,62,1,Patarasi Gaunpalika,2,Ward - 2,603,3283,1636,1647
6,62,1,Patarasi Gaunpalika,3,Ward - 3,530,2913,1439,1474
6,62,1,Patarasi Gaunpalika,4,Ward - 4,710,3447,1686,1761
6,62,1,Patarasi Gaunpalika,5,Ward - 5,428,1938,920,1018
6,62,1,Patarasi Gaunpalika,6,Ward - 6,294,1438,677,761
6,62,1,Patarasi Gaunpalika,7,Ward - 7,494,2238,1120,1118
6,62,2,Kanaka Sundari Gaunpalika,1,Ward - 1,257,1144,590,554
6,62,2,Kanaka Sundari Gaunpalika,2,Ward - 2,309,1583,780,803
6,62,2,Kanaka Sundari Gaunpalika,3,Ward - 3,400,2174,1103,1071
6,62,2,Kanaka Sundari Gaunpalika,4,Ward - 4,331,1721,821,900
6,62,2,Kanaka Sundari Gaunpalika,5,Ward - 5,295,1390,680,710
6,62,2,Kanaka Sundari Gaunpalika,6,Ward - 6,347,1724,833,891
6,62,2,Kanaka Sundari Gaunpalika,7,Ward - 7,384,1756,873,883
6,62,2,Kanaka Sundari Gaunpalika,8,Ward - 8,431,2133,1054,1079
6,62,3,Sinja Gaunpalika,1,Ward - 1,408,1997,1024,973
6,62,3,Sinja Gaunpalika,2,Ward - 2,385,1953,1010,943
6,62,3,Sinja Gaunpalika,3,Ward - 3,473,2463,1261,1202
6,62,3,Sinja Gaunpalika,4,Ward - 4,324,1838,921,917
6,62,3,Sinja Gaunpalika,5,Ward - 5,375,2179,1117,1062
6,62,3,Sinja Gaunpalika,6,Ward - 6,389,2126,1080,1046
6,62,4,Chandannath Municipality,1,Ward - 1,477,2052,980,1072
6,62,4,Chandannath Municipality,2,Ward - 2,466,1733,846,887
6,62,4,Chandannath Municipality,3,Ward - 3,432,1686,815,871
6,62,4,Chandannath Municipality,4,Ward - 4,631,2474,1245,1229
6,62,4,Chandannath Municipality,5,Ward - 5,558,2025,1054,971
6,62,4,Chandannath Municipality,6,Ward - 6,774,2643,1363,1280
6,62,4,Chandannath Municipality,7,Ward - 7,454,1776,865,911
6,62,4,Chandannath Municipality,8,Ward - 8,543,2500,1233,1267
6,62,4,Chandannath Municipality,9,Ward - 9,500,2060,997,1063
6,62,4,Chandannath Municipality,10,Ward - 10,532,2087,1001,1086
6,62,5,Guthichaur Gaunpalika,1,Ward - 1,453,2133,1036,1097
6,62,5,Guthichaur Gaunpalika,2,Ward - 2,426,2108,1053,1055
6,62,5,Guthichaur Gaunpalika,3,Ward - 3,357,1586,785,801
6,62,5,Guthichaur Gaunpalika,4,Ward - 4,616,2627,1280,1347
6,62,5,Guthichaur Gaunpalika,5,Ward - 5,592,2468,1227,1241
6,62,6,Tatopani Gaunpalika,1,Ward - 1,381,1873,918,955
6,62,6,Tatopani Gaunpalika,2,Ward - 2,410,1847,909,938
6,62,6,Tatopani Gaunpalika,3,Ward - 3,342,1619,806,813
6,62,6,Tatopani Gaunpalika,4,Ward - 4,530,2091,998,1093
6,62,6,Tatopani Gaunpalika,5,Ward - 5,321,1343,669,674
6,62,6,Tatopani Gaunpalika,6,Ward - 6,360,1631,776,855
6,62,6,Tatopani Gaunpalika,7,Ward - 7,645,3381,1719,1662
6,62,6,Tatopani Gaunpalika,8,Ward - 8,329,1790,904,886
6,62,7,Tila Gaunpalika,1,Ward - 1,294,1401,666,735
6,62,7,Tila Gaunpalika,2,Ward - 2,300,1549,765,784
6,62,7,Tila Gaunpalika,3,Ward - 3,401,1857,904,953
6,62,7,Tila Gaunpalika,4,Ward - 4,434,2140,1037,1103
6,62,7,Tila Gaunpalika,5,Ward - 5,261,1346,688,658
6,62,7,Tila Gaunpalika,6,Ward - 6,188,1302,656,646
6,62,7,Tila Gaunpalika,7,Ward - 7,227,1334,672,662
6,62,7,Tila Gaunpalika,8,Ward - 8,271,1727,872,855
6,62,7,Tila Gaunpalika,9,Ward - 9,291,1883,942,941
6,62,8,Hima Gaunpalika,1,Ward - 1,400,2122,1052,1070
6,62,8,Hima Gaunpalika,2,Ward - 2,194,1040,505,535
6,62,8,Hima Gaunpalika,3,Ward - 3,414,2205,1119,1086
6,62,8,Hima Gaunpalika,4,Ward - 4,252,1411,722,689
6,62,8,Hima Gaunpalika,5,Ward - 5,298,1892,980,912
6,62,8,Hima Gaunpalika,6,Ward - 6,293,1640,823,817
6,62,8,Hima Gaunpalika,7,Ward - 7,325,1881,953,928
6,63,1,Palata Gaunpalika,1,Ward - 1,342,2116,1035,1081
6,63,1,Palata Gaunpalika,2,Ward - 2,441,2656,1335,1321
6,63,1,Palata Gaunpalika,3,Ward - 3,411,2444,1228,1216
6,63,1,Palata Gaunpalika,4,Ward - 4,243,1476,758,718
6,63,1,Palata Gaunpalika,5,Ward - 5,104,655,334,321
6,63,1,Palata Gaunpalika,6,Ward - 6,371,2319,1207,1112
6,63,1,Palata Gaunpalika,7,Ward - 7,323,2335,1182,1153
6,63,1,Palata Gaunpalika,8,Ward - 8,232,1259,650,609
6,63,1,Palata Gaunpalika,9,Ward - 9,367,2086,1079,1007
6,63,2,Pachal Jharana Gaunpalika,1,Ward - 1,253,1364,690,674
6,63,2,Pachal Jharana Gaunpalika,2,Ward - 2,201,1133,559,574
6,63,2,Pachal Jharana Gaunpalika,3,Ward - 3,282,1673,859,814
6,63,2,Pachal Jharana Gaunpalika,4,Ward - 4,207,998,523,475
6,63,2,Pachal Jharana Gaunpalika,5,Ward - 5,317,1717,883,834
6,63,2,Pachal Jharana Gaunpalika,6,Ward - 6,266,1720,841,879
6,63,2,Pachal Jharana Gaunpalika,7,Ward - 7,345,2257,1118,1139
6,63,2,Pachal Jharana Gaunpalika,8,Ward - 8,315,1665,845,820
6,63,2,Pachal Jharana Gaunpalika,9,Ward - 9,212,1160,582,578
6,63,3,Raskot Municipality,1,Ward - 1,376,2191,1084,1107
6,63,3,Raskot Municipality,2,Ward - 2,347,1813,893,920
6,63,3,Raskot Municipality,3,Ward - 3,314,1669,837,832
6,63,3,Raskot Municipality,4,Ward - 4,308,1672,793,879
6,63,3,Raskot Municipality,5,Ward - 5,467,2373,1157,1216
6,63,3,Raskot Municipality,6,Ward - 6,364,1997,972,1025
6,63,3,Raskot Municipality,7,Ward - 7,193,1086,516,570
6,63,3,Raskot Municipality,8,Ward - 8,455,2395,1179,1216
6,63,3,Raskot Municipality,9,Ward - 9,370,2229,1113,1116
6,63,4,Sanni Tribeni Gaunpalika,1,Ward - 1,260,1539,768,771
6,63,4,Sanni Tribeni Gaunpalika,2,Ward - 2,289,1751,849,902
6,63,4,Sanni Tribeni Gaunpalika,3,Ward - 3,251,1410,692,718
6,63,4,Sanni Tribeni Gaunpalika,4,Ward - 4,295,1494,729,765
6,63,4,Sanni Tribeni Gaunpalika,5,Ward - 5,214,1194,573,621
6,63,4,Sanni Tribeni Gaunpalika,6,Ward - 6,454,2457,1180,1277
6,63,4,Sanni Tribeni Gaunpalika,7,Ward - 7,143,719,357,362
6,63,4,Sanni Tribeni Gaunpalika,8,Ward - 8,265,1504,753,751
6,63,4,Sanni Tribeni Gaunpalika,9,Ward - 9,251,1423,687,736
6,63,5,Naraharinath Gaunpalika,1,Ward - 1,463,2220,1065,1155
6,63,5,Naraharinath Gaunpalika,2,Ward - 2,429,2221,1094,1127
6,63,5,Naraharinath Gaunpalika,3,Ward - 3,434,2322,1164,1158
6,63,5,Naraharinath Gaunpalika,4,Ward - 4,573,2878,1464,1414
6,63,5,Naraharinath Gaunpalika,5,Ward - 5,447,2302,1145,1157
6,63,5,Naraharinath Gaunpalika,6,Ward - 6,380,2034,952,1082
6,63,5,Naraharinath Gaunpalika,7,Ward - 7,401,2113,1038,1075
6,63,5,Naraharinath Gaunpalika,8,Ward - 8,527,2972,1493,1479
6,63,5,Naraharinath Gaunpalika,9,Ward - 9,636,3396,1643,1753
6,63,6,Khandachakra Municipality,1,Ward - 1,800,3614,1879,1735
6,63,6,Khandachakra Municipality,2,Ward - 2,576,3578,1829,1749
6,63,6,Khandachakra Municipality,3,Ward - 3,362,1799,871,928
6,63,6,Khandachakra Municipality,4,Ward - 4,289,1784,864,920
6,63,6,Khandachakra Municipality,5,Ward - 5,457,2408,1197,1211
6,63,6,Khandachakra Municipality,6,Ward - 6,429,2394,1193,1201
6,63,6,Khandachakra Municipality,7,Ward - 7,188,1096,552,544
6,63,6,Khandachakra Municipality,8,Ward - 8,292,1584,809,775
6,63,6,Khandachakra Municipality,9,Ward - 9,248,1406,705,701
6,63,6,Khandachakra Municipality,10,Ward - 10,237,1343,688,655
6,63,6,Khandachakra Municipality,11,Ward - 11,223,1268,625,643
6,63,7,Tilagupha Municipality,1,Ward - 1,393,1975,1008,967
6,63,7,Tilagupha Municipality,2,Ward - 2,192,1047,529,518
6,63,7,Tilagupha Municipality,3,Ward - 3,295,1330,671,659
6,63,7,Tilagupha Municipality,4,Ward - 4,203,988,484,504
6,63,7,Tilagupha Municipality,5,Ward - 5,167,849,409,440
6,63,7,Tilagupha Municipality,6,Ward - 6,326,1534,722,812
6,63,7,Tilagupha Municipality,7,Ward - 7,479,2594,1283,1311
6,63,7,Tilagupha Municipality,8,Ward - 8,232,1173,597,576
6,63,7,Tilagupha Municipality,9,Ward - 9,395,2035,977,1058
6,63,7,Tilagupha Municipality,10,Ward - 10,204,1260,623,637
6,63,7,Tilagupha Municipality,11,Ward - 11,268,1412,701,711
6,63,8,Mahawai Gaunpalika,1,Ward - 1,160,829,415,414
6,63,8,Mahawai Gaunpalika,2,Ward - 2,253,1287,615,672
6,63,8,Mahawai Gaunpalika,3,Ward - 3,282,1450,741,709
6,63,8,Mahawai Gaunpalika,4,Ward - 4,198,993,498,495
6,63,8,Mahawai Gaunpalika,5,Ward - 5,295,1463,724,739
6,63,8,Mahawai Gaunpalika,6,Ward - 6,240,1261,644,617
6,63,8,Mahawai Gaunpalika,7,Ward - 7,187,894,412,482
6,63,9,Shuva Kalika Gaunpalika,1,Ward - 1,156,840,404,436
6,63,9,Shuva Kalika Gaunpalika,2,Ward - 2,415,2088,1010,1078
6,63,9,Shuva Kalika Gaunpalika,3,Ward - 3,665,3303,1601,1702
6,63,9,Shuva Kalika Gaunpalika,4,Ward - 4,412,2191,1076,1115
6,63,9,Shuva Kalika Gaunpalika,5,Ward - 5,313,1500,718,782
6,63,9,Shuva Kalika Gaunpalika,6,Ward - 6,274,1333,652,681
6,63,9,Shuva Kalika Gaunpalika,7,Ward - 7,214,1016,472,544
6,63,9,Shuva Kalika Gaunpalika,8,Ward - 8,313,1502,701,801
6,64,1,Naumule Gaunpalika,1,Ward - 1,832,3446,1598,1848
6,64,1,Naumule Gaunpalika,2,Ward - 2,672,3310,1617,1693
6,64,1,Naumule Gaunpalika,3,Ward - 3,543,2681,1348,1333
6,64,1,Naumule Gaunpalika,4,Ward - 4,487,2299,1148,1151
6,64,1,Naumule Gaunpalika,5,Ward - 5,380,1619,764,855
6,64,1,Naumule Gaunpalika,6,Ward - 6,447,2194,1057,1137
6,64,1,Naumule Gaunpalika,7,Ward - 7,303,1702,841,861
6,64,1,Naumule Gaunpalika,8,Ward - 8,559,2436,1118,1318
6,64,2,Mahabu Gaunpalika,1,Ward - 1,784,2875,1229,1646
6,64,2,Mahabu Gaunpalika,2,Ward - 2,679,2593,1110,1483
6,64,2,Mahabu Gaunpalika,3,Ward - 3,806,3870,1685,2185
6,64,2,Mahabu Gaunpalika,4,Ward - 4,583,2739,1339,1400
6,64,2,Mahabu Gaunpalika,5,Ward - 5,515,2618,1237,1381
6,64,2,Mahabu Gaunpalika,6,Ward - 6,601,3364,1662,1702
6,64,3,Bhairabi Gaunpalika,1,Ward - 1,634,2955,1401,1554
6,64,3,Bhairabi Gaunpalika,2,Ward - 2,517,2020,828,1192
6,64,3,Bhairabi Gaunpalika,3,Ward - 3,963,3971,1677,2294
6,64,3,Bhairabi Gaunpalika,4,Ward - 4,612,2725,1258,1467
6,64,3,Bhairabi Gaunpalika,5,Ward - 5,564,2724,1300,1424
6,64,3,Bhairabi Gaunpalika,6,Ward - 6,456,2035,953,1082
6,64,3,Bhairabi Gaunpalika,7,Ward - 7,523,2337,1167,1170
6,64,4,Thantikandh Gaunpalika,1,Ward - 1,735,3389,1657,1732
6,64,4,Thantikandh Gaunpalika,2,Ward - 2,565,2810,1451,1359
6,64,4,Thantikandh Gaunpalika,3,Ward - 3,732,3443,1675,1768
6,64,4,Thantikandh Gaunpalika,4,Ward - 4,568,2877,1414,1463
6,64,4,Thantikandh Gaunpalika,5,Ward - 5,554,2722,1280,1442
6,64,4,Thantikandh Gaunpalika,6,Ward - 6,686,3060,1453,1607
6,64,5,Aathbis Municipality,1,Ward - 1,906,4466,2168,2298
6,64,5,Aathbis Municipality,2,Ward - 2,607,2979,1449,1530
6,64,5,Aathbis Municipality,3,Ward - 3,682,3289,1501,1788
6,64,5,Aathbis Municipality,4,Ward - 4,798,3631,1844,1787
6,64,5,Aathbis Municipality,5,Ward - 5,636,3586,1797,1789
6,64,5,Aathbis Municipality,6,Ward - 6,781,4199,2061,2138
6,64,5,Aathbis Municipality,7,Ward - 7,620,3244,1595,1649
6,64,5,Aathbis Municipality,8,Ward - 8,654,3236,1540,1696
6,64,5,Aathbis Municipality,9,Ward - 9,450,2462,1295,1167
6,64,6,Chamunda Bindrasaini Municipality,1,Ward - 1,526,2680,1336,1344
6,64,6,Chamunda Bindrasaini Municipality,2,Ward - 2,595,2965,1455,1510
6,64,6,Chamunda Bindrasaini Municipality,3,Ward - 3,481,2646,1297,1349
6,64,6,Chamunda Bindrasaini Municipality,4,Ward - 4,603,3370,1734,1636
6,64,6,Chamunda Bindrasaini Municipality,5,Ward - 5,649,3443,1584,1859
6,64,6,Chamunda Bindrasaini Municipality,6,Ward - 6,639,3593,1812,1781
6,64,6,Chamunda Bindrasaini Municipality,7,Ward - 7,594,3108,1577,1531
6,64,6,Chamunda Bindrasaini Municipality,8,Ward - 8,601,2894,1379,1515
6,64,6,Chamunda Bindrasaini Municipality,9,Ward - 9,425,1860,847,1013
6,64,7,Dullu Municipality,1,Ward - 1,509,2360,1146,1214
6,64,7,Dullu Municipality,2,Ward - 2,608,2812,1373,1439
6,64,7,Dullu Municipality,3,Ward - 3,659,3291,1575,1716
6,64,7,Dullu Municipality,4,Ward - 4,634,2626,1207,1419
6,64,7,Dullu Municipality,5,Ward - 5,755,3463,1723,1740
6,64,7,Dullu Municipality,6,Ward - 6,865,3764,1674,2090
6,64,7,Dullu Municipality,7,Ward - 7,447,1690,816,874
6,64,7,Dullu Municipality,8,Ward - 8,846,3677,1609,2068
6,64,7,Dullu Municipality,9,Ward - 9,695,3294,1571,1723
6,64,7,Dullu Municipality,10,Ward - 10,727,2741,1137,1604
6,64,7,Dullu Municipality,11,Ward - 11,873,3273,1464,1809
6,64,7,Dullu Municipality,12,Ward - 12,597,2617,1224,1393
6,64,7,Dullu Municipality,13,Ward - 13,838,3535,1586,1949
6,64,8,Narayan Municipality,1,Ward - 1,1015,3725,1872,1853
6,64,8,Narayan Municipality,2,Ward - 2,503,2179,1006,1173
6,64,8,Narayan Municipality,3,Ward - 3,465,1866,826,1040
6,64,8,Narayan Municipality,4,Ward - 4,549,2401,1117,1284
6,64,8,Narayan Municipality,5,Ward - 5,472,1872,833,1039
6,64,8,Narayan Municipality,6,Ward - 6,876,3331,1576,1755
6,64,8,Narayan Municipality,7,Ward - 7,584,2302,1073,1229
6,64,8,Narayan Municipality,8,Ward - 8,451,1647,766,881
6,64,8,Narayan Municipality,9,Ward - 9,587,2178,954,1224
6,64,8,Narayan Municipality,10,Ward - 10,411,2018,984,1034
6,64,8,Narayan Municipality,11,Ward - 11,591,2592,1198,1394
6,64,9,Bhagawatimai Gaunpalika,1,Ward - 1,539,2515,1218,1297
6,64,9,Bhagawatimai Gaunpalika,2,Ward - 2,506,2315,1115,1200
6,64,9,Bhagawatimai Gaunpalika,3,Ward - 3,527,3018,1507,1511
6,64,9,Bhagawatimai Gaunpalika,4,Ward - 4,519,2542,1294,1248
6,64,9,Bhagawatimai Gaunpalika,5,Ward - 5,428,2142,1069,1073
6,64,9,Bhagawatimai Gaunpalika,6,Ward - 6,521,3149,1574,1575
6,64,9,Bhagawatimai Gaunpalika,7,Ward - 7,510,2525,1240,1285
6,64,10,Dungeshwor Gaunpalika,1,Ward - 1,696,2779,1314,1465
6,64,10,Dungeshwor Gaunpalika,2,Ward - 2,761,2969,1352,1617
6,64,10,Dungeshwor Gaunpalika,3,Ward - 3,369,1807,922,885
6,64,10,Dungeshwor Gaunpalika,4,Ward - 4,489,2216,1036,1180
6,64,10,Dungeshwor Gaunpalika,5,Ward - 5,485,2016,954,1062
6,64,10,Dungeshwor Gaunpalika,6,Ward - 6,599,2746,1312,1434
6,64,11,Gurans Gaunpalika,1,Ward - 1,509,2131,992,1139
6,64,11,Gurans Gaunpalika,2,Ward - 2,550,2733,1313,1420
6,64,11,Gurans Gaunpalika,3,Ward - 3,564,2622,1266,1356
6,64,11,Gurans Gaunpalika,4,Ward - 4,799,3327,1648,1679
6,64,11,Gurans Gaunpalika,5,Ward - 5,732,3421,1709,1712
6,64,11,Gurans Gaunpalika,6,Ward - 6,568,2793,1387,1406
6,64,11,Gurans Gaunpalika,7,Ward - 7,395,1901,965,936
6,64,11,Gurans Gaunpalika,8,Ward - 8,424,2261,1122,1139
6,65,1,Barekot Gaunpalika,1,Ward - 1,508,2904,1463,1441
6,65,1,Barekot Gaunpalika,2,Ward - 2,396,2106,1070,1036
6,65,1,Barekot Gaunpalika,3,Ward - 3,370,2301,1167,1134
6,65,1,Barekot Gaunpalika,4,Ward - 4,583,3268,1620,1648
6,65,1,Barekot Gaunpalika,5,Ward - 5,431,2285,1108,1177
6,65,1,Barekot Gaunpalika,6,Ward - 6,286,1686,818,868
6,65,1,Barekot Gaunpalika,7,Ward - 7,452,2651,1357,1294
6,65,1,Barekot Gaunpalika,8,Ward - 8,508,2719,1336,1383
6,65,1,Barekot Gaunpalika,9,Ward - 9,353,2085,1096,989
6,65,2,Kuse Gaunpalika,1,Ward - 1,345,1881,957,924
6,65,2,Kuse Gaunpalika,2,Ward - 2,532,2923,1455,1468
6,65,2,Kuse Gaunpalika,3,Ward - 3,403,2055,1010,1045
6,65,2,Kuse Gaunpalika,4,Ward - 4,369,1827,911,916
6,65,2,Kuse Gaunpalika,5,Ward - 5,803,3973,2006,1967
6,65,2,Kuse Gaunpalika,6,Ward - 6,477,2557,1293,1264
6,65,2,Kuse Gaunpalika,7,Ward - 7,457,2424,1186,1238
6,65,2,Kuse Gaunpalika,8,Ward - 8,576,3072,1519,1553
6,65,2,Kuse Gaunpalika,9,Ward - 9,439,2346,1166,1180
6,65,3,Junichande Gaunpalika,1,Ward - 1,429,2368,1148,1220
6,65,3,Junichande Gaunpalika,2,Ward - 2,473,2491,1227,1264
6,65,3,Junichande Gaunpalika,3,Ward - 3,331,1601,778,823
6,65,3,Junichande Gaunpalika,4,Ward - 4,311,1689,847,842
6,65,3,Junichande Gaunpalika,5,Ward - 5,562,3194,1576,1618
6,65,3,Junichande Gaunpalika,6,Ward - 6,531,2862,1430,1432
6,65,3,Junichande Gaunpalika,7,Ward - 7,175,1023,532,491
6,65,3,Junichande Gaunpalika,8,Ward - 8,335,1958,959,999
6,65,3,Junichande Gaunpalika,9,Ward - 9,472,2720,1375,1345
6,65,3,Junichande Gaunpalika,10,Ward - 10,268,1583,813,770
6,65,3,Junichande Gaunpalika,11,Ward - 11,409,2282,1150,1132
6,65,4,Chhedagad Municipality,1,Ward - 1,644,3439,1678,1761
6,65,4,Chhedagad Municipality,2,Ward - 2,560,3145,1550,1595
6,65,4,Chhedagad Municipality,3,Ward - 3,607,3328,1640,1688
6,65,4,Chhedagad Municipality,4,Ward - 4,417,2229,1134,1095
6,65,4,Chhedagad Municipality,5,Ward - 5,583,2979,1523,1456
6,65,4,Chhedagad Municipality,6,Ward - 6,585,2947,1409,1538
6,65,4,Chhedagad Municipality,7,Ward - 7,168,930,458,472
6,65,4,Chhedagad Municipality,8,Ward - 8,582,3214,1553,1661
6,65,4,Chhedagad Municipality,9,Ward - 9,436,2360,1153,1207
6,65,4,Chhedagad Municipality,10,Ward - 10,598,3412,1724,1688
6,65,4,Chhedagad Municipality,11,Ward - 11,588,2961,1456,1505
6,65,4,Chhedagad Municipality,12,Ward - 12,795,3917,1893,2024
6,65,4,Chhedagad Municipality,13,Ward - 13,634,3016,1527,1489
6,65,5,Shivalaya Gaunpalika,1,Ward - 1,435,2062,994,1068
6,65,5,Shivalaya Gaunpalika,2,Ward - 2,309,1754,867,887
6,65,5,Shivalaya Gaunpalika,3,Ward - 3,375,1721,834,887
6,65,5,Shivalaya Gaunpalika,4,Ward - 4,95,450,213,237
6,65,5,Shivalaya Gaunpalika,5,Ward - 5,297,1804,878,926
6,65,5,Shivalaya Gaunpalika,6,Ward - 6,383,1962,947,1015
6,65,5,Shivalaya Gaunpalika,7,Ward - 7,346,1972,987,985
6,65,5,Shivalaya Gaunpalika,8,Ward - 8,329,1763,915,848
6,65,5,Shivalaya Gaunpalika,9,Ward - 9,237,1288,663,625
6,65,6,Bheri Malika Municipality,1,Ward - 1,852,3712,1781,1931
6,65,6,Bheri Malika Municipality,2,Ward - 2,1143,4846,2409,2437
6,65,6,Bheri Malika Municipality,3,Ward - 3,781,2812,1429,1383
6,65,6,Bheri Malika Municipality,4,Ward - 4,881,3159,1555,1604
6,65,6,Bheri Malika Municipality,5,Ward - 5,550,2227,1048,1179
6,65,6,Bheri Malika Municipality,6,Ward - 6,589,2813,1353,1460
6,65,6,Bheri Malika Municipality,7,Ward - 7,793,3962,1945,2017
6,65,6,Bheri Malika Municipality,8,Ward - 8,512,2350,1101,1249
6,65,6,Bheri Malika Municipality,9,Ward - 9,443,2116,1026,1090
6,65,6,Bheri Malika Municipality,10,Ward - 10,521,2109,1009,1100
6,65,6,Bheri Malika Municipality,11,Ward - 11,719,3547,1749,1798
6,65,6,Bheri Malika Municipality,12,Ward - 12,601,2523,1176,1347
6,65,6,Bheri Malika Municipality,13,Ward - 13,489,1716,795,921
6,65,7,Nalgad Municipality,1,Ward - 1,654,3127,1567,1560
6,65,7,Nalgad Municipality,2,Ward - 2,377,1663,830,833
6,65,7,Nalgad Municipality,3,Ward - 3,500,2484,1236,1248
6,65,7,Nalgad Municipality,4,Ward - 4,372,1793,900,893
6,65,7,Nalgad Municipality,5,Ward - 5,653,3165,1611,1554
6,65,7,Nalgad Municipality,6,Ward - 6,400,2086,1043,1043
6,65,7,Nalgad Municipality,7,Ward - 7,641,2560,1264,1296
6,65,7,Nalgad Municipality,8,Ward - 8,712,3776,1864,1912
6,65,7,Nalgad Municipality,9,Ward - 9,291,1593,790,803
6,65,7,Nalgad Municipality,10,Ward - 10,330,1517,702,815
6,65,7,Nalgad Municipality,11,Ward - 11,274,1272,613,659
6,65,7,Nalgad Municipality,12,Ward - 12,427,2070,1021,1049
6,65,7,Nalgad Municipality,13,Ward - 13,361,1816,925,891
6,66,1,Aathabisakot Municipality,1,Ward - 1,263,1264,630,634
6,66,1,Aathabisakot Municipality,2,Ward - 2,386,1744,848,896
6,66,1,Aathabisakot Municipality,3,Ward - 3,393,1874,901,973
6,66,1,Aathabisakot Municipality,4,Ward - 4,469,2224,1121,1103
6,66,1,Aathabisakot Municipality,5,Ward - 5,569,2892,1405,1487
6,66,1,Aathabisakot Municipality,6,Ward - 6,495,2394,1173,1221
6,66,1,Aathabisakot Municipality,7,Ward - 7,443,1912,924,988
6,66,1,Aathabisakot Municipality,8,Ward - 8,369,1723,847,876
6,66,1,Aathabisakot Municipality,9,Ward - 9,799,3404,1656,1748
6,66,1,Aathabisakot Municipality,10,Ward - 10,680,3292,1645,1647
6,66,1,Aathabisakot Municipality,11,Ward - 11,1021,4942,2397,2545
6,66,1,Aathabisakot Municipality,12,Ward - 12,654,3289,1618,1671
6,66,1,Aathabisakot Municipality,13,Ward - 13,386,2055,1057,998
6,66,1,Aathabisakot Municipality,14,Ward - 14,626,2908,1396,1512
6,66,2,Sanibheri Gaunpalika,1,Ward - 1,455,2075,997,1078
6,66,2,Sanibheri Gaunpalika,2,Ward - 2,411,1837,845,992
6,66,2,Sanibheri Gaunpalika,3,Ward - 3,824,4013,2009,2004
6,66,2,Sanibheri Gaunpalika,4,Ward - 4,571,2744,1329,1415
6,66,2,Sanibheri Gaunpalika,5,Ward - 5,452,2367,1172,1195
6,66,2,Sanibheri Gaunpalika,6,Ward - 6,267,1304,635,669
6,66,2,Sanibheri Gaunpalika,7,Ward - 7,397,1726,799,927
6,66,2,Sanibheri Gaunpalika,8,Ward - 8,374,1670,819,851
6,66,2,Sanibheri Gaunpalika,9,Ward - 9,561,2566,1230,1336
6,66,2,Sanibheri Gaunpalika,10,Ward - 10,393,1705,802,903
6,66,2,Sanibheri Gaunpalika,11,Ward - 11,587,2752,1377,1375
6,66,3,Banphikot Gaunpalika,1,Ward - 1,321,1537,739,798
6,66,3,Banphikot Gaunpalika,2,Ward - 2,796,3306,1574,1732
6,66,3,Banphikot Gaunpalika,3,Ward - 3,444,1782,832,950
6,66,3,Banphikot Gaunpalika,4,Ward - 4,577,2274,1086,1188
6,66,3,Banphikot Gaunpalika,5,Ward - 5,354,1803,889,914
6,66,3,Banphikot Gaunpalika,6,Ward - 6,462,2298,1115,1183
6,66,3,Banphikot Gaunpalika,7,Ward - 7,541,2946,1478,1468
6,66,3,Banphikot Gaunpalika,8,Ward - 8,310,1580,764,816
6,66,3,Banphikot Gaunpalika,9,Ward - 9,444,1895,903,992
6,66,3,Banphikot Gaunpalika,10,Ward - 10,358,1612,794,818
6,66,4,Musikot Municipality,1,Ward - 1,2049,7514,3598,3916
6,66,4,Musikot Municipality,2,Ward - 2,504,1872,895,977
6,66,4,Musikot Municipality,3,Ward - 3,293,1152,558,594
6,66,4,Musikot Municipality,4,Ward - 4,608,2554,1213,1341
6,66,4,Musikot Municipality,5,Ward - 5,977,3414,1644,1770
6,66,4,Musikot Municipality,6,Ward - 6,357,1385,659,726
6,66,4,Musikot Municipality,7,Ward - 7,651,2866,1314,1552
6,66,4,Musikot Municipality,8,Ward - 8,327,1442,698,744
6,66,4,Musikot Municipality,9,Ward - 9,365,1679,802,877
6,66,4,Musikot Municipality,10,Ward - 10,341,1431,681,750
6,66,4,Musikot Municipality,11,Ward - 11,630,2558,1163,1395
6,66,4,Musikot Municipality,12,Ward - 12,392,1537,720,817
6,66,4,Musikot Municipality,13,Ward - 13,602,2370,1118,1252
6,66,4,Musikot Municipality,14,Ward - 14,597,2496,1187,1309
6,66,5,Tribeni Gaunpalika,1,Ward - 1,488,2206,1065,1141
6,66,5,Tribeni Gaunpalika,2,Ward - 2,536,2259,1060,1199
6,66,5,Tribeni Gaunpalika,3,Ward - 3,487,2521,1214,1307
6,66,5,Tribeni Gaunpalika,4,Ward - 4,374,1726,785,941
6,66,5,Tribeni Gaunpalika,5,Ward - 5,466,2309,1076,1233
6,66,5,Tribeni Gaunpalika,6,Ward - 6,366,1763,865,898
6,66,5,Tribeni Gaunpalika,7,Ward - 7,492,2162,996,1166
6,66,5,Tribeni Gaunpalika,8,Ward - 8,338,1820,923,897
6,66,5,Tribeni Gaunpalika,9,Ward - 9,418,1922,906,1016
6,66,5,Tribeni Gaunpalika,10,Ward - 10,343,1837,931,906
6,66,6,Chaurjahari Municipality,1,Ward - 1,881,3212,1537,1675
6,66,6,Chaurjahari Municipality,2,Ward - 2,391,1541,753,788
6,66,6,Chaurjahari Municipality,3,Ward - 3,463,1865,882,983
6,66,6,Chaurjahari Municipality,4,Ward - 4,494,2044,978,1066
6,66,6,Chaurjahari Municipality,5,Ward - 5,385,1683,805,878
6,66,6,Chaurjahari Municipality,6,Ward - 6,409,2147,1078,1069
6,66,6,Chaurjahari Municipality,7,Ward - 7,359,1480,708,772
6,66,6,Chaurjahari Municipality,8,Ward - 8,451,1995,1013,982
6,66,6,Chaurjahari Municipality,9,Ward - 9,318,1561,782,779
6,66,6,Chaurjahari Municipality,10,Ward - 10,437,1798,819,979
6,66,6,Chaurjahari Municipality,11,Ward - 11,516,2089,992,1097
6,66,6,Chaurjahari Municipality,12,Ward - 12,454,2004,965,1039
6,66,6,Chaurjahari Municipality,13,Ward - 13,620,2638,1315,1323
6,66,6,Chaurjahari Municipality,14,Ward - 14,659,2899,1382,1517
6,67,1,Darma Gaunpalika,1,Ward - 1,531,2475,1163,1312
6,67,1,Darma Gaunpalika,2,Ward - 2,624,2944,1425,1519
6,67,1,Darma Gaunpalika,3,Ward - 3,714,3074,1523,1551
6,67,1,Darma Gaunpalika,4,Ward - 4,864,4078,2004,2074
6,67,1,Darma Gaunpalika,5,Ward - 5,824,3980,1927,2053
6,67,1,Darma Gaunpalika,6,Ward - 6,707,3588,1713,1875
6,67,2,Kumakh Gaunpalika,1,Ward - 1,656,2956,1418,1538
6,67,2,Kumakh Gaunpalika,2,Ward - 2,721,3091,1439,1652
6,67,2,Kumakh Gaunpalika,3,Ward - 3,1024,4757,2330,2427
6,67,2,Kumakh Gaunpalika,4,Ward - 4,853,3667,1780,1887
6,67,2,Kumakh Gaunpalika,5,Ward - 5,748,3268,1540,1728
6,67,2,Kumakh Gaunpalika,6,Ward - 6,799,3513,1749,1764
6,67,2,Kumakh Gaunpalika,7,Ward - 7,690,3607,1838,1769
6,67,3,Banagad Kupinde Municipality,1,Ward - 1,1095,4422,2079,2343
6,67,3,Banagad Kupinde Municipality,2,Ward - 2,448,1979,948,1031
6,67,3,Banagad Kupinde Municipality,3,Ward - 3,486,2068,960,1108
6,67,3,Banagad Kupinde Municipality,4,Ward - 4,454,2308,1174,1134
6,67,3,Banagad Kupinde Municipality,5,Ward - 5,700,3340,1711,1629
6,67,3,Banagad Kupinde Municipality,6,Ward - 6,639,2808,1275,1533
6,67,3,Banagad Kupinde Municipality,7,Ward - 7,617,2579,1233,1346
6,67,3,Banagad Kupinde Municipality,8,Ward - 8,811,3630,1678,1952
6,67,3,Banagad Kupinde Municipality,9,Ward - 9,675,2705,1190,1515
6,67,3,Banagad Kupinde Municipality,10,Ward - 10,481,2251,1095,1156
6,67,3,Banagad Kupinde Municipality,11,Ward - 11,626,3029,1494,1535
6,67,3,Banagad Kupinde Municipality,12,Ward - 12,396,1821,901,920
6,67,4,Siddha Kumakh Gaunpalika,1,Ward - 1,742,3299,1578,1721
6,67,4,Siddha Kumakh Gaunpalika,2,Ward - 2,449,2029,946,1083
6,67,4,Siddha Kumakh Gaunpalika,3,Ward - 3,608,2594,1250,1344
6,67,4,Siddha Kumakh Gaunpalika,4,Ward - 4,593,2903,1386,1517
6,67,4,Siddha Kumakh Gaunpalika,5,Ward - 5,506,2302,1098,1204
6,67,5,Bagachour Municipality,1,Ward - 1,608,2672,1272,1400
6,67,5,Bagachour Municipality,2,Ward - 2,1085,4518,2244,2274
6,67,5,Bagachour Municipality,3,Ward - 3,500,2554,1287,1267
6,67,5,Bagachour Municipality,4,Ward - 4,699,3158,1494,1664
6,67,5,Bagachour Municipality,5,Ward - 5,776,3563,1731,1832
6,67,5,Bagachour Municipality,6,Ward - 6,499,2406,1143,1263
6,67,5,Bagachour Municipality,7,Ward - 7,732,3466,1678,1788
6,67,5,Bagachour Municipality,8,Ward - 8,480,2050,1001,1049
6,67,5,Bagachour Municipality,9,Ward - 9,687,3023,1460,1563
6,67,5,Bagachour Municipality,10,Ward - 10,540,2349,1137,1212
6,67,5,Bagachour Municipality,11,Ward - 11,436,2002,980,1022
6,67,5,Bagachour Municipality,12,Ward - 12,456,2260,1047,1213
6,67,6,Chhatreshwori Gaunpalika,1,Ward - 1,626,2644,1285,1359
6,67,6,Chhatreshwori Gaunpalika,2,Ward - 2,738,3008,1389,1619
6,67,6,Chhatreshwori Gaunpalika,3,Ward - 3,685,2807,1265,1542
6,67,6,Chhatreshwori Gaunpalika,4,Ward - 4,737,3412,1651,1761
6,67,6,Chhatreshwori Gaunpalika,5,Ward - 5,773,3306,1608,1698
6,67,6,Chhatreshwori Gaunpalika,6,Ward - 6,891,3353,1547,1806
6,67,6,Chhatreshwori Gaunpalika,7,Ward - 7,689,2712,1274,1438
6,67,7,Sharada Municipality,1,Ward - 1,1615,5930,2761,3169
6,67,7,Sharada Municipality,2,Ward - 2,659,2459,1202,1257
6,67,7,Sharada Municipality,3,Ward - 3,369,1284,638,646
6,67,7,Sharada Municipality,4,Ward - 4,376,1433,685,748
6,67,7,Sharada Municipality,5,Ward - 5,446,1716,779,937
6,67,7,Sharada Municipality,6,Ward - 6,751,3001,1406,1595
6,67,7,Sharada Municipality,7,Ward - 7,551,2398,1125,1273
6,67,7,Sharada Municipality,8,Ward - 8,405,1595,751,844
6,67,7,Sharada Municipality,9,Ward - 9,504,2158,1019,1139
6,67,7,Sharada Municipality,10,Ward - 10,457,1989,981,1008
6,67,7,Sharada Municipality,11,Ward - 11,503,1787,829,958
6,67,7,Sharada Municipality,12,Ward - 12,563,2199,1003,1196
6,67,7,Sharada Municipality,13,Ward - 13,540,2095,966,1129
6,67,7,Sharada Municipality,14,Ward - 14,467,1894,932,962
6,67,7,Sharada Municipality,15,Ward - 15,692,2725,1311,1414
6,67,8,Kalimati Gaunpalika,1,Ward - 1,860,4009,2000,2009
6,67,8,Kalimati Gaunpalika,2,Ward - 2,812,3609,1773,1836
6,67,8,Kalimati Gaunpalika,3,Ward - 3,864,3749,1788,1961
6,67,8,Kalimati Gaunpalika,4,Ward - 4,808,3564,1753,1811
6,67,8,Kalimati Gaunpalika,5,Ward - 5,593,2795,1462,1333
6,67,8,Kalimati Gaunpalika,6,Ward - 6,472,2095,1039,1056
6,67,8,Kalimati Gaunpalika,7,Ward - 7,563,2385,1126,1259
6,67,9,Tribeni Gaunpalika,1,Ward - 1,917,3584,1708,1876
6,67,9,Tribeni Gaunpalika,2,Ward - 2,623,2536,1236,1300
6,67,9,Tribeni Gaunpalika,3,Ward - 3,859,3490,1661,1829
6,67,9,Tribeni Gaunpalika,4,Ward - 4,470,1990,956,1034
6,67,9,Tribeni Gaunpalika,5,Ward - 5,508,2264,1061,1203
6,67,9,Tribeni Gaunpalika,6,Ward - 6,733,2800,1296,1504
6,67,10,Kapurkot Gaunpalika,1,Ward - 1,480,2184,1044,1140
6,67,10,Kapurkot Gaunpalika,2,Ward - 2,491,2252,1072,1180
6,67,10,Kapurkot Gaunpalika,3,Ward - 3,670,2696,1281,1415
6,67,10,Kapurkot Gaunpalika,4,Ward - 4,613,2647,1286,1361
6,67,10,Kapurkot Gaunpalika,5,Ward - 5,946,4171,1920,2251
6,67,10,Kapurkot Gaunpalika,6,Ward - 6,774,3576,1766,1810
6,68,1,Simta Gaunpalika,1,Ward - 1,651,2892,1264,1628
6,68,1,Simta Gaunpalika,2,Ward - 2,672,2978,1255,1723
6,68,1,Simta Gaunpalika,3,Ward - 3,621,2501,1078,1423
6,68,1,Simta Gaunpalika,4,Ward - 4,405,1590,688,902
6,68,1,Simta Gaunpalika,5,Ward - 5,622,2242,958,1284
6,68,1,Simta Gaunpalika,6,Ward - 6,1113,4235,1914,2321
6,68,1,Simta Gaunpalika,7,Ward - 7,694,2769,1262,1507
6,68,1,Simta Gaunpalika,8,Ward - 8,576,2202,998,1204
6,68,1,Simta Gaunpalika,9,Ward - 9,708,2674,1203,1471
6,68,2,Chingad Gaunpalika,1,Ward - 1,565,2554,1228,1326
6,68,2,Chingad Gaunpalika,2,Ward - 2,701,3243,1477,1766
6,68,2,Chingad Gaunpalika,3,Ward - 3,586,3021,1457,1564
6,68,2,Chingad Gaunpalika,4,Ward - 4,502,2603,1236,1367
6,68,2,Chingad Gaunpalika,5,Ward - 5,497,2214,1024,1190
6,68,2,Chingad Gaunpalika,6,Ward - 6,446,1965,945,1020
6,68,3,Lekabeshi Municipality,1,Ward - 1,1041,4383,1992,2391
6,68,3,Lekabeshi Municipality,2,Ward - 2,469,2037,993,1044
6,68,3,Lekabeshi Municipality,3,Ward - 3,588,2356,1035,1321
6,68,3,Lekabeshi Municipality,4,Ward - 4,758,3266,1565,1701
6,68,3,Lekabeshi Municipality,5,Ward - 5,722,3384,1741,1643
6,68,3,Lekabeshi Municipality,6,Ward - 6,901,3531,1589,1942
6,68,3,Lekabeshi Municipality,7,Ward - 7,642,2815,1295,1520
6,68,3,Lekabeshi Municipality,8,Ward - 8,549,2214,990,1224
6,68,3,Lekabeshi Municipality,9,Ward - 9,925,3974,1867,2107
6,68,3,Lekabeshi Municipality,10,Ward - 10,846,3750,1810,1940
6,68,4,Gurbhakot Municipality,1,Ward - 1,439,1770,806,964
6,68,4,Gurbhakot Municipality,2,Ward - 2,863,3461,1580,1881
6,68,4,Gurbhakot Municipality,3,Ward - 3,624,2865,1360,1505
6,68,4,Gurbhakot Municipality,4,Ward - 4,1037,4360,2099,2261
6,68,4,Gurbhakot Municipality,5,Ward - 5,712,3215,1533,1682
6,68,4,Gurbhakot Municipality,6,Ward - 6,1155,4552,2040,2512
6,68,4,Gurbhakot Municipality,7,Ward - 7,785,3171,1443,1728
6,68,4,Gurbhakot Municipality,8,Ward - 8,1104,4326,2044,2282
6,68,4,Gurbhakot Municipality,9,Ward - 9,1063,4528,2121,2407
6,68,4,Gurbhakot Municipality,10,Ward - 10,538,2068,908,1160
6,68,4,Gurbhakot Municipality,11,Ward - 11,653,2653,1225,1428
6,68,4,Gurbhakot Municipality,12,Ward - 12,833,3216,1430,1786
6,68,4,Gurbhakot Municipality,13,Ward - 13,1131,4534,1985,2549
6,68,4,Gurbhakot Municipality,14,Ward - 14,861,3497,1609,1888
6,68,5,Bheriganga Municipality,1,Ward - 1,555,2472,1182,1290
6,68,5,Bheriganga Municipality,2,Ward - 2,751,3301,1649,1652
6,68,5,Bheriganga Municipality,3,Ward - 3,481,2133,1009,1124
6,68,5,Bheriganga Municipality,4,Ward - 4,981,4270,2007,2263
6,68,5,Bheriganga Municipality,5,Ward - 5,901,3939,1894,2045
6,68,5,Bheriganga Municipality,6,Ward - 6,896,3542,1594,1948
6,68,5,Bheriganga Municipality,7,Ward - 7,530,1967,867,1100
6,68,5,Bheriganga Municipality,8,Ward - 8,984,3948,1820,2128
6,68,5,Bheriganga Municipality,9,Ward - 9,1026,4217,1941,2276
6,68,5,Bheriganga Municipality,10,Ward - 10,1306,5491,2614,2877
6,68,5,Bheriganga Municipality,11,Ward - 11,1101,4546,2074,2472
6,68,5,Bheriganga Municipality,12,Ward - 12,1082,4347,2040,2307
6,68,5,Bheriganga Municipality,13,Ward - 13,945,4030,1847,2183
6,68,6,Birendranagar Municipality,1,Ward - 1,2388,10208,5004,5204
6,68,6,Birendranagar Municipality,2,Ward - 2,3394,14326,6867,7459
6,68,6,Birendranagar Municipality,3,Ward - 3,4811,19619,9865,9754
6,68,6,Birendranagar Municipality,4,Ward - 4,2608,10227,4978,5249
6,68,6,Birendranagar Municipality,5,Ward - 5,1582,6336,3019,3317
6,68,6,Birendranagar Municipality,6,Ward - 6,1898,7691,3932,3759
6,68,6,Birendranagar Municipality,7,Ward - 7,2559,9397,4683,4714
6,68,6,Birendranagar Municipality,8,Ward - 8,2209,7824,3922,3902
6,68,6,Birendranagar Municipality,9,Ward - 9,2838,11678,5616,6062
6,68,6,Birendranagar Municipality,10,Ward - 10,4614,18091,8780,9311
6,68,6,Birendranagar Municipality,11,Ward - 11,2914,12151,5841,6310
6,68,6,Birendranagar Municipality,12,Ward - 12,3741,14358,6829,7529
6,68,6,Birendranagar Municipality,13,Ward - 13,1372,5982,2895,3087
6,68,6,Birendranagar Municipality,14,Ward - 14,638,2576,1286,1290
6,68,6,Birendranagar Municipality,15,Ward - 15,378,1557,756,801
6,68,6,Birendranagar Municipality,16,Ward - 16,433,1842,856,986
6,68,7,Barahatal Gaunpalika,1,Ward - 1,342,1504,732,772
6,68,7,Barahatal Gaunpalika,2,Ward - 2,717,2875,1372,1503
6,68,7,Barahatal Gaunpalika,3,Ward - 3,286,1342,658,684
6,68,7,Barahatal Gaunpalika,4,Ward - 4,663,2772,1327,1445
6,68,7,Barahatal Gaunpalika,5,Ward - 5,1268,5199,2433,2766
6,68,7,Barahatal Gaunpalika,6,Ward - 6,560,2343,1124,1219
6,68,7,Barahatal Gaunpalika,7,Ward - 7,540,2405,1168,1237
6,68,7,Barahatal Gaunpalika,8,Ward - 8,818,3355,1646,1709
6,68,7,Barahatal Gaunpalika,9,Ward - 9,389,1591,734,857
6,68,7,Barahatal Gaunpalika,10,Ward - 10,586,2557,1271,1286
6,68,8,Panchapuri Municipality,1,Ward - 1,460,2221,1079,1142
6,68,8,Panchapuri Municipality,2,Ward - 2,773,3156,1462,1694
6,68,8,Panchapuri Municipality,3,Ward - 3,838,3754,1775,1979
6,68,8,Panchapuri Municipality,4,Ward - 4,599,2902,1396,1506
6,68,8,Panchapuri Municipality,5,Ward - 5,794,3635,1796,1839
6,68,8,Panchapuri Municipality,6,Ward - 6,839,4148,2013,2135
6,68,8,Panchapuri Municipality,7,Ward - 7,665,3170,1563,1607
6,68,8,Panchapuri Municipality,8,Ward - 8,835,3625,1726,1899
6,68,8,Panchapuri Municipality,9,Ward - 9,776,3456,1658,1798
6,68,8,Panchapuri Municipality,10,Ward - 10,658,3098,1512,1586
6,68,8,Panchapuri Municipality,11,Ward - 11,566,2674,1250,1424
6,68,9,Chaukune Gaunpalika,1,Ward - 1,430,2308,1165,1143
6,68,9,Chaukune Gaunpalika,2,Ward - 2,311,1919,967,952
6,68,9,Chaukune Gaunpalika,3,Ward - 3,579,2910,1436,1474
6,68,9,Chaukune Gaunpalika,4,Ward - 4,640,2696,1256,1440
6,68,9,Chaukune Gaunpalika,5,Ward - 5,500,2423,1158,1265
6,68,9,Chaukune Gaunpalika,6,Ward - 6,475,2356,1149,1207
6,68,9,Chaukune Gaunpalika,7,Ward - 7,724,3798,1860,1938
6,68,9,Chaukune Gaunpalika,8,Ward - 8,585,2650,1311,1339
6,68,9,Chaukune Gaunpalika,9,Ward - 9,477,2330,1122,1208
6,68,9,Chaukune Gaunpalika,10,Ward - 10,615,3560,1812,1748
7,69,1,Himali Gaunpalika,1,Ward - 1,207,1193,628,565
7,69,1,Himali Gaunpalika,2,Ward - 2,213,1234,661,573
7,69,1,Himali Gaunpalika,3,Ward - 3,164,944,456,488
7,69,1,Himali Gaunpalika,4,Ward - 4,252,1285,622,663
7,69,1,Himali Gaunpalika,5,Ward - 5,361,1871,921,950
7,69,1,Himali Gaunpalika,6,Ward - 6,624,3055,1474,1581
7,69,1,Himali Gaunpalika,7,Ward - 7,177,727,333,394
7,69,2,Gaumul Gaunpalika,1,Ward - 1,239,1408,662,746
7,69,2,Gaumul Gaunpalika,2,Ward - 2,329,1683,798,885
7,69,2,Gaumul Gaunpalika,3,Ward - 3,289,1321,627,694
7,69,2,Gaumul Gaunpalika,4,Ward - 4,313,1729,839,890
7,69,2,Gaumul Gaunpalika,5,Ward - 5,231,1286,627,659
7,69,2,Gaumul Gaunpalika,6,Ward - 6,315,1486,751,735
7,69,3,Budhinanda Municipality,1,Ward - 1,626,2772,1335,1437
7,69,3,Budhinanda Municipality,2,Ward - 2,438,1768,868,900
7,69,3,Budhinanda Municipality,3,Ward - 3,561,2805,1392,1413
7,69,3,Budhinanda Municipality,4,Ward - 4,341,2177,1089,1088
7,69,3,Budhinanda Municipality,5,Ward - 5,370,1718,818,900
7,69,3,Budhinanda Municipality,6,Ward - 6,320,1444,687,757
7,69,3,Budhinanda Municipality,7,Ward - 7,469,2306,1120,1186
7,69,3,Budhinanda Municipality,8,Ward - 8,344,1714,853,861
7,69,3,Budhinanda Municipality,9,Ward - 9,327,1727,843,884
7,69,3,Budhinanda Municipality,10,Ward - 10,354,1641,774,867
7,69,4,Swamikartik Khapar Gaunpalika,1,Ward - 1,640,3724,1832,1892
7,69,4,Swamikartik Khapar Gaunpalika,2,Ward - 2,452,2563,1250,1313
7,69,4,Swamikartik Khapar Gaunpalika,3,Ward - 3,592,3047,1517,1530
7,69,4,Swamikartik Khapar Gaunpalika,4,Ward - 4,411,1981,944,1037
7,69,4,Swamikartik Khapar Gaunpalika,5,Ward - 5,267,1261,602,659
7,69,5,Jagannath Gaunpalika,1,Ward - 1,429,2120,1012,1108
7,69,5,Jagannath Gaunpalika,2,Ward - 2,342,1620,761,859
7,69,5,Jagannath Gaunpalika,3,Ward - 3,258,1325,670,655
7,69,5,Jagannath Gaunpalika,4,Ward - 4,349,1910,896,1014
7,69,5,Jagannath Gaunpalika,5,Ward - 5,237,1253,589,664
7,69,5,Jagannath Gaunpalika,6,Ward - 6,324,1930,940,990
7,69,6,Badimalika Municipality,1,Ward - 1,361,1740,863,877
7,69,6,Badimalika Municipality,2,Ward - 2,227,1104,557,547
7,69,6,Badimalika Municipality,3,Ward - 3,198,971,484,487
7,69,6,Badimalika Municipality,4,Ward - 4,180,722,347,375
7,69,6,Badimalika Municipality,5,Ward - 5,223,959,464,495
7,69,6,Badimalika Municipality,6,Ward - 6,509,2595,1270,1325
7,69,6,Badimalika Municipality,7,Ward - 7,457,2341,1156,1185
7,69,6,Badimalika Municipality,8,Ward - 8,1239,5027,2626,2401
7,69,6,Badimalika Municipality,9,Ward - 9,652,2955,1482,1473
7,69,7,Khaptad Chhededaha Gaunpalika,1,Ward - 1,616,3095,1500,1595
7,69,7,Khaptad Chhededaha Gaunpalika,2,Ward - 2,400,2299,1125,1174
7,69,7,Khaptad Chhededaha Gaunpalika,3,Ward - 3,492,2825,1354,1471
7,69,7,Khaptad Chhededaha Gaunpalika,4,Ward - 4,510,2648,1274,1374
7,69,7,Khaptad Chhededaha Gaunpalika,5,Ward - 5,680,3695,1814,1881
7,69,7,Khaptad Chhededaha Gaunpalika,6,Ward - 6,383,2244,1148,1096
7,69,7,Khaptad Chhededaha Gaunpalika,7,Ward - 7,493,2501,1214,1287
7,69,8,Budhiganga Municipality,1,Ward - 1,447,2102,965,1137
7,69,8,Budhiganga Municipality,2,Ward - 2,473,2051,901,1150
7,69,8,Budhiganga Municipality,3,Ward - 3,365,1411,629,782
7,69,8,Budhiganga Municipality,4,Ward - 4,524,2315,1079,1236
7,69,8,Budhiganga Municipality,5,Ward - 5,288,1247,575,672
7,69,8,Budhiganga Municipality,6,Ward - 6,492,2242,1105,1137
7,69,8,Budhiganga Municipality,7,Ward - 7,478,2215,1010,1205
7,69,8,Budhiganga Municipality,8,Ward - 8,417,1735,779,956
7,69,8,Budhiganga Municipality,9,Ward - 9,489,2077,932,1145
7,69,8,Budhiganga Municipality,10,Ward - 10,581,2790,1279,1511
7,69,9,Tribeni Municipality,1,Ward - 1,370,1761,818,943
7,69,9,Tribeni Municipality,2,Ward - 2,351,1639,734,905
7,69,9,Tribeni Municipality,3,Ward - 3,325,1691,785,906
7,69,9,Tribeni Municipality,4,Ward - 4,487,2453,1135,1318
7,69,9,Tribeni Municipality,5,Ward - 5,248,1290,644,646
7,69,9,Tribeni Municipality,6,Ward - 6,711,3361,1560,1801
7,69,9,Tribeni Municipality,7,Ward - 7,373,1789,824,965
7,69,9,Tribeni Municipality,8,Ward - 8,299,1357,621,736
7,69,9,Tribeni Municipality,9,Ward - 9,538,2457,1081,1376
7,70,1,Saipal Gaunpalika,1,Ward - 1,93,580,286,294
7,70,1,Saipal Gaunpalika,2,Ward - 2,65,386,195,191
7,70,1,Saipal Gaunpalika,3,Ward - 3,121,683,316,367
7,70,1,Saipal Gaunpalika,4,Ward - 4,115,676,343,333
7,70,1,Saipal Gaunpalika,5,Ward - 5,53,300,152,148
7,70,2,Bungal Municipality,1,Ward - 1,589,3305,1644,1661
7,70,2,Bungal Municipality,2,Ward - 2,445,2561,1248,1313
7,70,2,Bungal Municipality,3,Ward - 3,769,4142,1929,2213
7,70,2,Bungal Municipality,4,Ward - 4,607,2685,1256,1429
7,70,2,Bungal Municipality,5,Ward - 5,468,2291,1031,1260
7,70,2,Bungal Municipality,6,Ward - 6,822,4119,1973,2146
7,70,2,Bungal Municipality,7,Ward - 7,471,2709,1280,1429
7,70,2,Bungal Municipality,8,Ward - 8,743,4223,2060,2163
7,70,2,Bungal Municipality,9,Ward - 9,560,2680,1217,1463
7,70,2,Bungal Municipality,10,Ward - 10,358,2166,994,1172
7,70,2,Bungal Municipality,11,Ward - 11,540,2931,1405,1526
7,70,3,Surma Gaunpalika,1,Ward - 1,201,1265,659,606
7,70,3,Surma Gaunpalika,2,Ward - 2,491,2796,1368,1428
7,70,3,Surma Gaunpalika,3,Ward - 3,323,2433,1262,1171
7,70,3,Surma Gaunpalika,4,Ward - 4,554,2974,1447,1527
7,70,3,Surma Gaunpalika,5,Ward - 5,254,1614,773,841
7,70,4,Talkot Gaunpalika,1,Ward - 1,407,1903,846,1057
7,70,4,Talkot Gaunpalika,2,Ward - 2,305,1593,726,867
7,70,4,Talkot Gaunpalika,3,Ward - 3,255,1512,737,775
7,70,4,Talkot Gaunpalika,4,Ward - 4,307,1638,783,855
7,70,4,Talkot Gaunpalika,5,Ward - 5,358,1766,826,940
7,70,4,Talkot Gaunpalika,6,Ward - 6,310,1723,786,937
7,70,4,Talkot Gaunpalika,7,Ward - 7,302,1584,758,826
7,70,5,Masta Gaunpalika,1,Ward - 1,594,2628,1188,1440
7,70,5,Masta Gaunpalika,2,Ward - 2,475,2493,1162,1331
7,70,5,Masta Gaunpalika,3,Ward - 3,309,1622,736,886
7,70,5,Masta Gaunpalika,4,Ward - 4,285,1575,752,823
7,70,5,Masta Gaunpalika,5,Ward - 5,285,1500,679,821
7,70,5,Masta Gaunpalika,6,Ward - 6,264,1467,663,804
7,70,5,Masta Gaunpalika,7,Ward - 7,333,1980,935,1045
7,70,6,Jayaprithbi Municipality,1,Ward - 1,360,1756,845,911
7,70,6,Jayaprithbi Municipality,2,Ward - 2,155,706,318,388
7,70,6,Jayaprithbi Municipality,3,Ward - 3,466,2090,964,1126
7,70,6,Jayaprithbi Municipality,4,Ward - 4,217,1023,453,570
7,70,6,Jayaprithbi Municipality,5,Ward - 5,309,1431,630,801
7,70,6,Jayaprithbi Municipality,6,Ward - 6,272,1214,532,682
7,70,6,Jayaprithbi Municipality,7,Ward - 7,673,2616,1135,1481
7,70,6,Jayaprithbi Municipality,8,Ward - 8,294,1413,650,763
7,70,6,Jayaprithbi Municipality,9,Ward - 9,413,1718,879,839
7,70,6,Jayaprithbi Municipality,10,Ward - 10,1183,4706,2497,2209
7,70,6,Jayaprithbi Municipality,11,Ward - 11,660,3260,1540,1720
7,70,7,Chhabis Pathibhara Gaunpalika,1,Ward - 1,459,2008,911,1097
7,70,7,Chhabis Pathibhara Gaunpalika,2,Ward - 2,382,1914,888,1026
7,70,7,Chhabis Pathibhara Gaunpalika,3,Ward - 3,460,2152,995,1157
7,70,7,Chhabis Pathibhara Gaunpalika,4,Ward - 4,319,1317,591,726
7,70,7,Chhabis Pathibhara Gaunpalika,5,Ward - 5,420,2233,1070,1163
7,70,7,Chhabis Pathibhara Gaunpalika,6,Ward - 6,502,2216,1052,1164
7,70,7,Chhabis Pathibhara Gaunpalika,7,Ward - 7,528,2634,1238,1396
7,70,8,Durgathali Gaunpalika,1,Ward - 1,309,1178,532,646
7,70,8,Durgathali Gaunpalika,2,Ward - 2,383,1453,650,803
7,70,8,Durgathali Gaunpalika,3,Ward - 3,373,1564,663,901
7,70,8,Durgathali Gaunpalika,4,Ward - 4,327,1391,613,778
7,70,8,Durgathali Gaunpalika,5,Ward - 5,524,2253,1011,1242
7,70,8,Durgathali Gaunpalika,6,Ward - 6,282,1559,711,848
7,70,8,Durgathali Gaunpalika,7,Ward - 7,394,1920,929,991
7,70,9,Kedarsyun Gaunpalika,1,Ward - 1,681,3028,1430,1598
7,70,9,Kedarsyun Gaunpalika,2,Ward - 2,305,1643,709,934
7,70,9,Kedarsyun Gaunpalika,3,Ward - 3,291,1661,750,911
7,70,9,Kedarsyun Gaunpalika,4,Ward - 4,592,2604,1242,1362
7,70,9,Kedarsyun Gaunpalika,5,Ward - 5,428,2283,1055,1228
7,70,9,Kedarsyun Gaunpalika,6,Ward - 6,480,2777,1317,1460
7,70,9,Kedarsyun Gaunpalika,7,Ward - 7,403,2157,984,1173
7,70,9,Kedarsyun Gaunpalika,8,Ward - 8,532,2563,1207,1356
7,70,9,Kedarsyun Gaunpalika,9,Ward - 9,584,2596,1162,1434
7,70,10,Bitthadchir Gaunpalika,1,Ward - 1,460,2832,1399,1433
7,70,10,Bitthadchir Gaunpalika,2,Ward - 2,303,1874,897,977
7,70,10,Bitthadchir Gaunpalika,3,Ward - 3,208,1210,576,634
7,70,10,Bitthadchir Gaunpalika,4,Ward - 4,469,2471,1173,1298
7,70,10,Bitthadchir Gaunpalika,5,Ward - 5,254,1572,724,848
7,70,10,Bitthadchir Gaunpalika,6,Ward - 6,282,1794,885,909
7,70,10,Bitthadchir Gaunpalika,7,Ward - 7,286,1556,731,825
7,70,10,Bitthadchir Gaunpalika,8,Ward - 8,214,974,437,537
7,70,10,Bitthadchir Gaunpalika,9,Ward - 9,640,3529,1612,1917
7,70,11,Thalara Gaunpalika,1,Ward - 1,367,1681,735,946
7,70,11,Thalara Gaunpalika,2,Ward - 2,480,2441,1065,1376
7,70,11,Thalara Gaunpalika,3,Ward - 3,435,2009,916,1093
7,70,11,Thalara Gaunpalika,4,Ward - 4,400,2040,912,1128
7,70,11,Thalara Gaunpalika,5,Ward - 5,342,1558,694,864
7,70,11,Thalara Gaunpalika,6,Ward - 6,307,1265,556,709
7,70,11,Thalara Gaunpalika,7,Ward - 7,337,1554,685,869
7,70,11,Thalara Gaunpalika,8,Ward - 8,318,1482,657,825
7,70,11,Thalara Gaunpalika,9,Ward - 9,430,1928,881,1047
7,70,12,Khaptad Chhanna Gaunpalika,1,Ward - 1,355,1571,709,862
7,70,12,Khaptad Chhanna Gaunpalika,2,Ward - 2,375,1608,722,886
7,70,12,Khaptad Chhanna Gaunpalika,3,Ward - 3,373,1636,711,925
7,70,12,Khaptad Chhanna Gaunpalika,4,Ward - 4,441,1857,825,1032
7,70,12,Khaptad Chhanna Gaunpalika,5,Ward - 5,526,2165,1020,1145
7,70,12,Khaptad Chhanna Gaunpalika,6,Ward - 6,490,1962,838,1124
7,70,12,Khaptad Chhanna Gaunpalika,7,Ward - 7,542,2620,1204,1416
7,71,1,Byas Gaunpalika,1,Ward - 1,110,237,122,115
7,71,1,Byas Gaunpalika,2,Ward - 2,247,1023,536,487
7,71,1,Byas Gaunpalika,3,Ward - 3,291,1464,703,761
7,71,1,Byas Gaunpalika,4,Ward - 4,576,2631,1190,1441
7,71,1,Byas Gaunpalika,5,Ward - 5,398,1937,887,1050
7,71,1,Byas Gaunpalika,6,Ward - 6,521,2376,1140,1236
7,71,2,Duhun Gaunpalika,1,Ward - 1,397,1686,791,895
7,71,2,Duhun Gaunpalika,2,Ward - 2,599,2586,1203,1383
7,71,2,Duhun Gaunpalika,3,Ward - 3,374,1630,726,904
7,71,2,Duhun Gaunpalika,4,Ward - 4,423,2089,945,1144
7,71,2,Duhun Gaunpalika,5,Ward - 5,403,1851,882,969
7,71,3,Mahakali Municipality,1,Ward - 1,585,2519,1165,1354
7,71,3,Mahakali Municipality,2,Ward - 2,394,1759,812,947
7,71,3,Mahakali Municipality,3,Ward - 3,395,1692,759,933
7,71,3,Mahakali Municipality,4,Ward - 4,1614,6020,2961,3059
7,71,3,Mahakali Municipality,5,Ward - 5,1475,5336,2637,2699
7,71,3,Mahakali Municipality,6,Ward - 6,277,1204,557,647
7,71,3,Mahakali Municipality,7,Ward - 7,325,1443,703,740
7,71,3,Mahakali Municipality,8,Ward - 8,420,2077,929,1148
7,71,3,Mahakali Municipality,9,Ward - 9,497,2031,934,1097
7,71,4,Naugad  Gaunpalika,1,Ward - 1,446,2306,1095,1211
7,71,4,Naugad  Gaunpalika,2,Ward - 2,475,2563,1231,1332
7,71,4,Naugad  Gaunpalika,3,Ward - 3,456,2232,1091,1141
7,71,4,Naugad  Gaunpalika,4,Ward - 4,628,3197,1480,1717
7,71,4,Naugad  Gaunpalika,5,Ward - 5,324,1642,795,847
7,71,4,Naugad  Gaunpalika,6,Ward - 6,646,3588,1806,1782
7,71,5,Apihimal Gaunpalika,1,Ward - 1,111,583,286,297
7,71,5,Apihimal Gaunpalika,2,Ward - 2,178,848,426,422
7,71,5,Apihimal Gaunpalika,3,Ward - 3,338,1676,829,847
7,71,5,Apihimal Gaunpalika,4,Ward - 4,315,1443,711,732
7,71,5,Apihimal Gaunpalika,5,Ward - 5,172,955,480,475
7,71,5,Apihimal Gaunpalika,6,Ward - 6,241,1293,654,639
7,71,6,Marma Gaunpalika,1,Ward - 1,704,3591,1727,1864
7,71,6,Marma Gaunpalika,2,Ward - 2,505,2267,1090,1177
7,71,6,Marma Gaunpalika,3,Ward - 3,474,2360,1149,1211
7,71,6,Marma Gaunpalika,4,Ward - 4,519,2571,1211,1360
7,71,6,Marma Gaunpalika,5,Ward - 5,356,1764,816,948
7,71,6,Marma Gaunpalika,6,Ward - 6,467,2571,1239,1332
7,71,7,Shailyashikhar Municipality,1,Ward - 1,551,2486,1206,1280
7,71,7,Shailyashikhar Municipality,2,Ward - 2,404,2023,970,1053
7,71,7,Shailyashikhar Municipality,3,Ward - 3,342,1661,760,901
7,71,7,Shailyashikhar Municipality,4,Ward - 4,478,2638,1260,1378
7,71,7,Shailyashikhar Municipality,5,Ward - 5,424,2189,1073,1116
7,71,7,Shailyashikhar Municipality,6,Ward - 6,579,2890,1393,1497
7,71,7,Shailyashikhar Municipality,7,Ward - 7,401,1951,938,1013
7,71,7,Shailyashikhar Municipality,8,Ward - 8,417,2046,988,1058
7,71,7,Shailyashikhar Municipality,9,Ward - 9,905,3923,1977,1946
7,71,8,Malikarjun Gaunpalika,1,Ward - 1,222,1176,554,622
7,71,8,Malikarjun Gaunpalika,2,Ward - 2,402,1887,910,977
7,71,8,Malikarjun Gaunpalika,3,Ward - 3,473,2875,1464,1411
7,71,8,Malikarjun Gaunpalika,4,Ward - 4,349,1557,739,818
7,71,8,Malikarjun Gaunpalika,5,Ward - 5,375,1753,848,905
7,71,8,Malikarjun Gaunpalika,6,Ward - 6,391,1764,814,950
7,71,8,Malikarjun Gaunpalika,7,Ward - 7,317,1510,746,764
7,71,8,Malikarjun Gaunpalika,8,Ward - 8,645,3113,1506,1607
7,71,9,Lekam Gaunpalika,1,Ward - 1,524,2342,1092,1250
7,71,9,Lekam Gaunpalika,2,Ward - 2,504,2305,1116,1189
7,71,9,Lekam Gaunpalika,3,Ward - 3,409,1775,878,897
7,71,9,Lekam Gaunpalika,4,Ward - 4,571,2678,1276,1402
7,71,9,Lekam Gaunpalika,5,Ward - 5,564,2540,1238,1302
7,71,9,Lekam Gaunpalika,6,Ward - 6,458,2103,930,1173
7,72,1,Dilasaini Gaunpalika,1,Ward - 1,620,3514,1786,1728
7,72,1,Dilasaini Gaunpalika,2,Ward - 2,618,3135,1536,1599
7,72,1,Dilasaini Gaunpalika,3,Ward - 3,758,3846,1887,1959
7,72,1,Dilasaini Gaunpalika,4,Ward - 4,519,2700,1278,1422
7,72,1,Dilasaini Gaunpalika,5,Ward - 5,672,3714,1756,1958
7,72,1,Dilasaini Gaunpalika,6,Ward - 6,600,2696,1270,1426
7,72,1,Dilasaini Gaunpalika,7,Ward - 7,722,3361,1622,1739
7,72,2,Dogada Kedar Gaunpalika,1,Ward - 1,727,3800,1797,2003
7,72,2,Dogada Kedar Gaunpalika,2,Ward - 2,536,2597,1206,1391
7,72,2,Dogada Kedar Gaunpalika,3,Ward - 3,677,3417,1611,1806
7,72,2,Dogada Kedar Gaunpalika,4,Ward - 4,696,3095,1423,1672
7,72,2,Dogada Kedar Gaunpalika,5,Ward - 5,575,2848,1345,1503
7,72,2,Dogada Kedar Gaunpalika,6,Ward - 6,757,3758,1811,1947
7,72,2,Dogada Kedar Gaunpalika,7,Ward - 7,309,1576,696,880
7,72,2,Dogada Kedar Gaunpalika,8,Ward - 8,395,2013,938,1075
7,72,3,Puchaundi Municipality,1,Ward - 1,440,2197,1067,1130
7,72,3,Puchaundi Municipality,2,Ward - 2,575,3071,1483,1588
7,72,3,Puchaundi Municipality,3,Ward - 3,806,4369,2100,2269
7,72,3,Puchaundi Municipality,4,Ward - 4,696,3850,1877,1973
7,72,3,Puchaundi Municipality,5,Ward - 5,976,5807,2837,2970
7,72,3,Puchaundi Municipality,6,Ward - 6,872,4706,2293,2413
7,72,3,Puchaundi Municipality,7,Ward - 7,682,3402,1611,1791
7,72,3,Puchaundi Municipality,8,Ward - 8,739,3912,1862,2050
7,72,3,Puchaundi Municipality,9,Ward - 9,608,3061,1489,1572
7,72,3,Puchaundi Municipality,10,Ward - 10,751,3906,1811,2095
7,72,4,Surnaya Gaunpalika,1,Ward - 1,215,1077,502,575
7,72,4,Surnaya Gaunpalika,2,Ward - 2,560,2546,1160,1386
7,72,4,Surnaya Gaunpalika,3,Ward - 3,403,2006,920,1086
7,72,4,Surnaya Gaunpalika,4,Ward - 4,677,3156,1428,1728
7,72,4,Surnaya Gaunpalika,5,Ward - 5,568,2526,1165,1361
7,72,4,Surnaya Gaunpalika,6,Ward - 6,383,1830,888,942
7,72,4,Surnaya Gaunpalika,7,Ward - 7,522,2467,1121,1346
7,72,4,Surnaya Gaunpalika,8,Ward - 8,455,2337,1101,1236
7,72,5,Dasharathchand Municipality,1,Ward - 1,844,4223,1947,2276
7,72,5,Dasharathchand Municipality,2,Ward - 2,962,4343,1970,2373
7,72,5,Dasharathchand Municipality,3,Ward - 3,459,1971,917,1054
7,72,5,Dasharathchand Municipality,4,Ward - 4,1305,5213,2517,2696
7,72,5,Dasharathchand Municipality,5,Ward - 5,539,2326,1122,1204
7,72,5,Dasharathchand Municipality,6,Ward - 6,738,3011,1376,1635
7,72,5,Dasharathchand Municipality,7,Ward - 7,342,1475,666,809
7,72,5,Dasharathchand Municipality,8,Ward - 8,449,1795,837,958
7,72,5,Dasharathchand Municipality,9,Ward - 9,799,4021,1844,2177
7,72,5,Dasharathchand Municipality,10,Ward - 10,374,1571,701,870
7,72,5,Dasharathchand Municipality,11,Ward - 11,387,1618,718,900
7,72,6,Pancheshwor Gaunpalika,1,Ward - 1,693,3826,1726,2100
7,72,6,Pancheshwor Gaunpalika,2,Ward - 2,368,2020,931,1089
7,72,6,Pancheshwor Gaunpalika,3,Ward - 3,546,2569,1227,1342
7,72,6,Pancheshwor Gaunpalika,4,Ward - 4,941,4652,2119,2533
7,72,6,Pancheshwor Gaunpalika,5,Ward - 5,611,2887,1306,1581
7,72,6,Pancheshwor Gaunpalika,6,Ward - 6,415,1842,851,991
7,72,7,Shivanath Gaunpalika,1,Ward - 1,689,3843,1741,2102
7,72,7,Shivanath Gaunpalika,2,Ward - 2,822,4516,2136,2380
7,72,7,Shivanath Gaunpalika,3,Ward - 3,338,1976,917,1059
7,72,7,Shivanath Gaunpalika,4,Ward - 4,570,2872,1300,1572
7,72,7,Shivanath Gaunpalika,5,Ward - 5,640,2985,1346,1639
7,72,7,Shivanath Gaunpalika,6,Ward - 6,375,1872,859,1013
7,72,8,Melauli Municipality,1,Ward - 1,791,3822,1755,2067
7,72,8,Melauli Municipality,2,Ward - 2,640,2936,1338,1598
7,72,8,Melauli Municipality,3,Ward - 3,501,1913,838,1075
7,72,8,Melauli Municipality,4,Ward - 4,343,1239,561,678
7,72,8,Melauli Municipality,5,Ward - 5,462,2162,962,1200
7,72,8,Melauli Municipality,6,Ward - 6,377,1727,828,899
7,72,8,Melauli Municipality,7,Ward - 7,699,3240,1495,1745
7,72,8,Melauli Municipality,8,Ward - 8,323,1688,805,883
7,72,8,Melauli Municipality,9,Ward - 9,400,1931,919,1012
7,72,9,Patan Municipality,1,Ward - 1,726,3555,1635,1920
7,72,9,Patan Municipality,2,Ward - 2,503,2458,1171,1287
7,72,9,Patan Municipality,3,Ward - 3,594,2503,1141,1362
7,72,9,Patan Municipality,4,Ward - 4,685,3286,1507,1779
7,72,9,Patan Municipality,5,Ward - 5,571,2441,1066,1375
7,72,9,Patan Municipality,6,Ward - 6,1327,5621,2657,2964
7,72,9,Patan Municipality,7,Ward - 7,399,2051,980,1071
7,72,9,Patan Municipality,8,Ward - 8,670,2853,1350,1503
7,72,9,Patan Municipality,9,Ward - 9,443,2011,904,1107
7,72,9,Patan Municipality,10,Ward - 10,524,2451,1147,1304
7,72,10,Sigas Gaunpalika,1,Ward - 1,505,2589,1166,1423
7,72,10,Sigas Gaunpalika,2,Ward - 2,623,3378,1634,1744
7,72,10,Sigas Gaunpalika,3,Ward - 3,396,2406,1139,1267
7,72,10,Sigas Gaunpalika,4,Ward - 4,284,1785,890,895
7,72,10,Sigas Gaunpalika,5,Ward - 5,372,1825,844,981
7,72,10,Sigas Gaunpalika,6,Ward - 6,583,2829,1335,1494
7,72,10,Sigas Gaunpalika,7,Ward - 7,425,2213,1029,1184
7,72,10,Sigas Gaunpalika,8,Ward - 8,374,2030,970,1060
7,72,10,Sigas Gaunpalika,9,Ward - 9,552,2759,1343,1416
7,73,1,Nawadurga Gaunpalika,1,Ward - 1,1024,4065,1746,2319
7,73,1,Nawadurga Gaunpalika,2,Ward - 2,1047,4351,1835,2516
7,73,1,Nawadurga Gaunpalika,3,Ward - 3,761,3060,1314,1746
7,73,1,Nawadurga Gaunpalika,4,Ward - 4,919,4446,2038,2408
7,73,1,Nawadurga Gaunpalika,5,Ward - 5,567,2750,1263,1487
7,73,2,Amargadhi Municipality,1,Ward - 1,674,2661,1215,1446
7,73,2,Amargadhi Municipality,2,Ward - 2,478,2125,1014,1111
7,73,2,Amargadhi Municipality,3,Ward - 3,384,1755,891,864
7,73,2,Amargadhi Municipality,4,Ward - 4,472,1734,873,861
7,73,2,Amargadhi Municipality,5,Ward - 5,1842,6372,3481,2891
7,73,2,Amargadhi Municipality,6,Ward - 6,340,1553,763,790
7,73,2,Amargadhi Municipality,7,Ward - 7,528,2193,1045,1148
7,73,2,Amargadhi Municipality,8,Ward - 8,434,1912,929,983
7,73,2,Amargadhi Municipality,9,Ward - 9,322,1276,542,734
7,73,2,Amargadhi Municipality,10,Ward - 10,322,1212,531,681
7,73,2,Amargadhi Municipality,11,Ward - 11,386,1356,526,830
7,73,3,Ajayameru Gaunpalika,1,Ward - 1,517,2256,1004,1252
7,73,3,Ajayameru Gaunpalika,2,Ward - 2,799,3490,1600,1890
7,73,3,Ajayameru Gaunpalika,3,Ward - 3,480,1910,882,1028
7,73,3,Ajayameru Gaunpalika,4,Ward - 4,569,2366,1119,1247
7,73,3,Ajayameru Gaunpalika,5,Ward - 5,580,2649,1220,1429
7,73,3,Ajayameru Gaunpalika,6,Ward - 6,508,2490,1196,1294
7,73,4,Bhageshwor Gaunpalika,1,Ward - 1,585,3124,1507,1617
7,73,4,Bhageshwor Gaunpalika,2,Ward - 2,376,1908,943,965
7,73,4,Bhageshwor Gaunpalika,3,Ward - 3,782,3539,1661,1878
7,73,4,Bhageshwor Gaunpalika,4,Ward - 4,690,2899,1367,1532
7,73,4,Bhageshwor Gaunpalika,5,Ward - 5,361,1662,826,836
7,73,5,Parashuram Municipality,1,Ward - 1,524,2601,1162,1439
7,73,5,Parashuram Municipality,2,Ward - 2,227,1104,584,520
7,73,5,Parashuram Municipality,3,Ward - 3,406,2061,982,1079
7,73,5,Parashuram Municipality,4,Ward - 4,967,4633,2189,2444
7,73,5,Parashuram Municipality,5,Ward - 5,703,3183,1475,1708
7,73,5,Parashuram Municipality,6,Ward - 6,515,2289,1092,1197
7,73,5,Parashuram Municipality,7,Ward - 7,636,3163,1561,1602
7,73,5,Parashuram Municipality,8,Ward - 8,391,2038,938,1100
7,73,5,Parashuram Municipality,9,Ward - 9,775,3726,1680,2046
7,73,5,Parashuram Municipality,10,Ward - 10,813,4051,1864,2187
7,73,5,Parashuram Municipality,11,Ward - 11,542,2614,1261,1353
7,73,5,Parashuram Municipality,12,Ward - 12,935,4127,1953,2174
7,73,6,Aalital Gaunpalika,1,Ward - 1,449,2084,1030,1054
7,73,6,Aalital Gaunpalika,2,Ward - 2,330,1468,706,762
7,73,6,Aalital Gaunpalika,3,Ward - 3,606,3016,1461,1555
7,73,6,Aalital Gaunpalika,4,Ward - 4,419,2048,996,1052
7,73,6,Aalital Gaunpalika,5,Ward - 5,373,1902,914,988
7,73,6,Aalital Gaunpalika,6,Ward - 6,483,2312,1087,1225
7,73,6,Aalital Gaunpalika,7,Ward - 7,396,2041,949,1092
7,73,6,Aalital Gaunpalika,8,Ward - 8,654,3241,1613,1628
7,73,7,Ganyapdhura Gaunpalika,1,Ward - 1,686,3125,1493,1632
7,73,7,Ganyapdhura Gaunpalika,2,Ward - 2,795,3150,1398,1752
7,73,7,Ganyapdhura Gaunpalika,3,Ward - 3,847,3365,1377,1988
7,73,7,Ganyapdhura Gaunpalika,4,Ward - 4,476,2069,888,1181
7,73,7,Ganyapdhura Gaunpalika,5,Ward - 5,477,2013,908,1105
7,74,1,Purbichouki Gaunpalika,1,Ward - 1,633,2620,1137,1483
7,74,1,Purbichouki Gaunpalika,2,Ward - 2,807,3461,1510,1951
7,74,1,Purbichouki Gaunpalika,3,Ward - 3,762,3204,1358,1846
7,74,1,Purbichouki Gaunpalika,4,Ward - 4,629,2277,1021,1256
7,74,1,Purbichouki Gaunpalika,5,Ward - 5,842,3563,1512,2051
7,74,1,Purbichouki Gaunpalika,6,Ward - 6,602,2481,1013,1468
7,74,1,Purbichouki Gaunpalika,7,Ward - 7,873,3888,1687,2201
7,74,2,Sayal Gaunpalika,1,Ward - 1,664,3613,1734,1879
7,74,2,Sayal Gaunpalika,2,Ward - 2,553,2619,1186,1433
7,74,2,Sayal Gaunpalika,3,Ward - 3,687,3347,1518,1829
7,74,2,Sayal Gaunpalika,4,Ward - 4,693,3220,1430,1790
7,74,2,Sayal Gaunpalika,5,Ward - 5,589,3063,1432,1631
7,74,2,Sayal Gaunpalika,6,Ward - 6,1021,4594,1906,2688
7,74,3,Aadarsha Gaunpalika,1,Ward - 1,902,3871,1511,2360
7,74,3,Aadarsha Gaunpalika,2,Ward - 2,949,4384,1823,2561
7,74,3,Aadarsha Gaunpalika,3,Ward - 3,625,2983,1282,1701
7,74,3,Aadarsha Gaunpalika,4,Ward - 4,738,3330,1431,1899
7,74,3,Aadarsha Gaunpalika,5,Ward - 5,797,3592,1546,2046
7,74,3,Aadarsha Gaunpalika,6,Ward - 6,870,4121,1819,2302
7,74,3,Aadarsha Gaunpalika,7,Ward - 7,436,2214,988,1226
7,74,4,Shikhar Municipality,1,Ward - 1,901,3786,1538,2248
7,74,4,Shikhar Municipality,2,Ward - 2,536,2116,865,1251
7,74,4,Shikhar Municipality,3,Ward - 3,377,1610,716,894
7,74,4,Shikhar Municipality,4,Ward - 4,637,3078,1467,1611
7,74,4,Shikhar Municipality,5,Ward - 5,441,2261,1112,1149
7,74,4,Shikhar Municipality,6,Ward - 6,683,2831,1242,1589
7,74,4,Shikhar Municipality,7,Ward - 7,556,2179,918,1261
7,74,4,Shikhar Municipality,8,Ward - 8,608,2505,1118,1387
7,74,4,Shikhar Municipality,9,Ward - 9,346,1594,695,899
7,74,4,Shikhar Municipality,10,Ward - 10,1035,4650,2045,2605
7,74,4,Shikhar Municipality,11,Ward - 11,896,3789,1596,2193
7,74,5,Dipayal Silgadhi Municipality,1,Ward - 1,891,3836,1558,2278
7,74,5,Dipayal Silgadhi Municipality,2,Ward - 2,845,3717,1650,2067
7,74,5,Dipayal Silgadhi Municipality,3,Ward - 3,824,3455,1457,1998
7,74,5,Dipayal Silgadhi Municipality,4,Ward - 4,1416,4796,2658,2138
7,74,5,Dipayal Silgadhi Municipality,5,Ward - 5,937,3745,1628,2117
7,74,5,Dipayal Silgadhi Municipality,6,Ward - 6,935,3241,1717,1524
7,74,5,Dipayal Silgadhi Municipality,7,Ward - 7,854,3507,1443,2064
7,74,5,Dipayal Silgadhi Municipality,8,Ward - 8,903,3814,1644,2170
7,74,5,Dipayal Silgadhi Municipality,9,Ward - 9,780,3857,1714,2143
7,74,6,K.I. Singh Gaunpalika,1,Ward - 1,533,2318,999,1319
7,74,6,K.I. Singh Gaunpalika,2,Ward - 2,642,3128,1369,1759
7,74,6,K.I. Singh Gaunpalika,3,Ward - 3,753,3530,1545,1985
7,74,6,K.I. Singh Gaunpalika,4,Ward - 4,1017,4115,1771,2344
7,74,6,K.I. Singh Gaunpalika,5,Ward - 5,656,2996,1252,1744
7,74,6,K.I. Singh Gaunpalika,6,Ward - 6,583,2351,993,1358
7,74,6,K.I. Singh Gaunpalika,7,Ward - 7,496,2298,1061,1237
7,74,7,Bogatan Phudsil Gaunpalika,1,Ward - 1,547,2882,1438,1444
7,74,7,Bogatan Phudsil Gaunpalika,2,Ward - 2,289,1505,713,792
7,74,7,Bogatan Phudsil Gaunpalika,3,Ward - 3,349,1693,775,918
7,74,7,Bogatan Phudsil Gaunpalika,4,Ward - 4,578,2897,1343,1554
7,74,7,Bogatan Phudsil Gaunpalika,5,Ward - 5,355,1816,839,977
7,74,7,Bogatan Phudsil Gaunpalika,6,Ward - 6,556,2439,1040,1399
7,74,7,Bogatan Phudsil Gaunpalika,7,Ward - 7,488,2308,1111,1197
7,74,8,Badi Kedar Gaunpalika,1,Ward - 1,522,2566,1244,1322
7,74,8,Badi Kedar Gaunpalika,2,Ward - 2,505,2520,1255,1265
7,74,8,Badi Kedar Gaunpalika,3,Ward - 3,660,3305,1631,1674
7,74,8,Badi Kedar Gaunpalika,4,Ward - 4,616,3234,1618,1616
7,74,8,Badi Kedar Gaunpalika,5,Ward - 5,602,3277,1629,1648
7,74,9,Jorayal Gaunpalika,1,Ward - 1,618,2925,1453,1472
7,74,9,Jorayal Gaunpalika,2,Ward - 2,883,4148,2038,2110
7,74,9,Jorayal Gaunpalika,3,Ward - 3,642,2750,1318,1432
7,74,9,Jorayal Gaunpalika,4,Ward - 4,1092,4979,2478,2501
7,74,9,Jorayal Gaunpalika,5,Ward - 5,511,2253,1077,1176
7,74,9,Jorayal Gaunpalika,6,Ward - 6,574,2733,1354,1379
7,75,1,Panchdebal Binayak Municipality,1,Ward - 1,313,1356,590,766
7,75,1,Panchdebal Binayak Municipality,2,Ward - 2,554,2628,1178,1450
7,75,1,Panchdebal Binayak Municipality,3,Ward - 3,632,2900,1328,1572
7,75,1,Panchdebal Binayak Municipality,4,Ward - 4,683,3123,1361,1762
7,75,1,Panchdebal Binayak Municipality,5,Ward - 5,537,2435,1070,1365
7,75,1,Panchdebal Binayak Municipality,6,Ward - 6,748,3569,1587,1982
7,75,1,Panchdebal Binayak Municipality,7,Ward - 7,638,3028,1442,1586
7,75,1,Panchdebal Binayak Municipality,8,Ward - 8,705,3780,1802,1978
7,75,1,Panchdebal Binayak Municipality,9,Ward - 9,602,3269,1535,1734
7,75,2,Ramaroshan Gaunpalika,1,Ward - 1,472,2243,1039,1204
7,75,2,Ramaroshan Gaunpalika,2,Ward - 2,259,1214,561,653
7,75,2,Ramaroshan Gaunpalika,3,Ward - 3,599,2728,1296,1432
7,75,2,Ramaroshan Gaunpalika,4,Ward - 4,762,3732,1760,1972
7,75,2,Ramaroshan Gaunpalika,5,Ward - 5,1210,5966,2839,3127
7,75,2,Ramaroshan Gaunpalika,6,Ward - 6,892,4318,1976,2342
7,75,2,Ramaroshan Gaunpalika,7,Ward - 7,638,3399,1614,1785
7,75,3,Mellekh Gaunpalika,1,Ward - 1,532,2340,1062,1278
7,75,3,Mellekh Gaunpalika,2,Ward - 2,457,2220,1067,1153
7,75,3,Mellekh Gaunpalika,3,Ward - 3,506,2500,1176,1324
7,75,3,Mellekh Gaunpalika,4,Ward - 4,814,4267,1926,2341
7,75,3,Mellekh Gaunpalika,5,Ward - 5,684,3090,1413,1677
7,75,3,Mellekh Gaunpalika,6,Ward - 6,718,3416,1603,1813
7,75,3,Mellekh Gaunpalika,7,Ward - 7,683,3457,1535,1922
7,75,3,Mellekh Gaunpalika,8,Ward - 8,328,1495,640,855
7,75,4,Sanphebagar Municipality,1,Ward - 1,283,1088,502,586
7,75,4,Sanphebagar Municipality,2,Ward - 2,433,1666,726,940
7,75,4,Sanphebagar Municipality,3,Ward - 3,847,3111,1508,1603
7,75,4,Sanphebagar Municipality,4,Ward - 4,945,3553,1766,1787
7,75,4,Sanphebagar Municipality,5,Ward - 5,317,1357,579,778
7,75,4,Sanphebagar Municipality,6,Ward - 6,193,753,317,436
7,75,4,Sanphebagar Municipality,7,Ward - 7,353,1363,621,742
7,75,4,Sanphebagar Municipality,8,Ward - 8,367,1409,620,789
7,75,4,Sanphebagar Municipality,9,Ward - 9,403,1725,728,997
7,75,4,Sanphebagar Municipality,10,Ward - 10,521,2263,997,1266
7,75,4,Sanphebagar Municipality,11,Ward - 11,330,1639,737,902
7,75,4,Sanphebagar Municipality,12,Ward - 12,293,1379,679,700
7,75,4,Sanphebagar Municipality,13,Ward - 13,551,2367,1026,1341
7,75,4,Sanphebagar Municipality,14,Ward - 14,475,2218,983,1235
7,75,5,Chaurpati Gaunpalika,1,Ward - 1,1002,4970,2270,2700
7,75,5,Chaurpati Gaunpalika,2,Ward - 2,814,3766,1556,2210
7,75,5,Chaurpati Gaunpalika,3,Ward - 3,581,2792,1222,1570
7,75,5,Chaurpati Gaunpalika,4,Ward - 4,870,3612,1522,2090
7,75,5,Chaurpati Gaunpalika,5,Ward - 5,626,2704,1206,1498
7,75,5,Chaurpati Gaunpalika,6,Ward - 6,491,2133,935,1198
7,75,5,Chaurpati Gaunpalika,7,Ward - 7,427,1704,773,931
7,75,6,Mangalsen Municipality,1,Ward - 1,477,2285,1001,1284
7,75,6,Mangalsen Municipality,2,Ward - 2,95,453,224,229
7,75,6,Mangalsen Municipality,3,Ward - 3,619,2827,1300,1527
7,75,6,Mangalsen Municipality,4,Ward - 4,470,1962,877,1085
7,75,6,Mangalsen Municipality,5,Ward - 5,1193,4384,2257,2127
7,75,6,Mangalsen Municipality,6,Ward - 6,257,1162,514,648
7,75,6,Mangalsen Municipality,7,Ward - 7,333,1544,668,876
7,75,6,Mangalsen Municipality,8,Ward - 8,282,1179,539,640
7,75,6,Mangalsen Municipality,9,Ward - 9,319,1265,549,716
7,75,6,Mangalsen Municipality,10,Ward - 10,262,1169,524,645
7,75,6,Mangalsen Municipality,11,Ward - 11,231,961,410,551
7,75,6,Mangalsen Municipality,12,Ward - 12,548,2437,1068,1369
7,75,6,Mangalsen Municipality,13,Ward - 13,618,2755,1242,1513
7,75,6,Mangalsen Municipality,14,Ward - 14,518,2174,909,1265
7,75,7,Bannigadhi Jayagadh Gaunpalika,1,Ward - 1,296,1151,496,655
7,75,7,Bannigadhi Jayagadh Gaunpalika,2,Ward - 2,335,1383,572,811
7,75,7,Bannigadhi Jayagadh Gaunpalika,3,Ward - 3,849,3994,1759,2235
7,75,7,Bannigadhi Jayagadh Gaunpalika,4,Ward - 4,362,1537,661,876
7,75,7,Bannigadhi Jayagadh Gaunpalika,5,Ward - 5,543,2186,911,1275
7,75,7,Bannigadhi Jayagadh Gaunpalika,6,Ward - 6,749,3268,1420,1848
7,75,8,Kamal bazar Municipality,1,Ward - 1,558,2577,1173,1404
7,75,8,Kamal bazar Municipality,2,Ward - 2,342,1497,739,758
7,75,8,Kamal bazar Municipality,3,Ward - 3,418,1834,789,1045
7,75,8,Kamal bazar Municipality,4,Ward - 4,564,2349,1057,1292
7,75,8,Kamal bazar Municipality,5,Ward - 5,530,2508,1078,1430
7,75,8,Kamal bazar Municipality,6,Ward - 6,549,2623,1215,1408
7,75,8,Kamal bazar Municipality,7,Ward - 7,476,2366,1039,1327
7,75,8,Kamal bazar Municipality,8,Ward - 8,327,1576,724,852
7,75,8,Kamal bazar Municipality,9,Ward - 9,375,1704,773,931
7,75,8,Kamal bazar Municipality,10,Ward - 10,430,1998,867,1131
7,75,9,Dhakari Gaunpalika,1,Ward - 1,838,4314,2132,2182
7,75,9,Dhakari Gaunpalika,2,Ward - 2,452,2062,952,1110
7,75,9,Dhakari Gaunpalika,3,Ward - 3,636,3302,1619,1683
7,75,9,Dhakari Gaunpalika,4,Ward - 4,460,2282,1015,1267
7,75,9,Dhakari Gaunpalika,5,Ward - 5,364,1988,989,999
7,75,9,Dhakari Gaunpalika,6,Ward - 6,637,3279,1569,1710
7,75,9,Dhakari Gaunpalika,7,Ward - 7,513,2733,1361,1372
7,75,9,Dhakari Gaunpalika,8,Ward - 8,405,2038,948,1090
7,75,10,Turmakhand Gaunpalika,1,Ward - 1,774,3588,1688,1900
7,75,10,Turmakhand Gaunpalika,2,Ward - 2,258,1364,700,664
7,75,10,Turmakhand Gaunpalika,3,Ward - 3,994,4739,2286,2453
7,75,10,Turmakhand Gaunpalika,4,Ward - 4,996,4317,2055,2262
7,75,10,Turmakhand Gaunpalika,5,Ward - 5,533,2599,1278,1321
7,75,10,Turmakhand Gaunpalika,6,Ward - 6,565,2664,1246,1418
7,75,10,Turmakhand Gaunpalika,7,Ward - 7,417,2059,983,1076
7,75,10,Turmakhand Gaunpalika,8,Ward - 8,712,3244,1423,1821
7,76,1,Mohanyal Gaunpalika,1,Ward - 1,408,1994,1010,984
7,76,1,Mohanyal Gaunpalika,2,Ward - 2,462,2326,1190,1136
7,76,1,Mohanyal Gaunpalika,3,Ward - 3,987,4901,2382,2519
7,76,1,Mohanyal Gaunpalika,4,Ward - 4,376,1855,938,917
7,76,1,Mohanyal Gaunpalika,5,Ward - 5,549,2891,1419,1472
7,76,1,Mohanyal Gaunpalika,6,Ward - 6,801,3459,1522,1937
7,76,1,Mohanyal Gaunpalika,7,Ward - 7,764,3656,1819,1837
7,76,2,Chure Gaunpalika,1,Ward - 1,979,5086,2567,2519
7,76,2,Chure Gaunpalika,2,Ward - 2,402,2258,1128,1130
7,76,2,Chure Gaunpalika,3,Ward - 3,685,3324,1616,1708
7,76,2,Chure Gaunpalika,4,Ward - 4,808,4133,2070,2063
7,76,2,Chure Gaunpalika,5,Ward - 5,560,2832,1436,1396
7,76,2,Chure Gaunpalika,6,Ward - 6,805,3767,1912,1855
7,76,3,Godawari Municipality,1,Ward - 1,2960,13496,6719,6777
7,76,3,Godawari Municipality,2,Ward - 2,2978,12653,6168,6485
7,76,3,Godawari Municipality,3,Ward - 3,2177,10111,4652,5459
7,76,3,Godawari Municipality,4,Ward - 4,2262,10584,5159,5425
7,76,3,Godawari Municipality,5,Ward - 5,1567,7486,3632,3854
7,76,3,Godawari Municipality,6,Ward - 6,1656,7764,3672,4092
7,76,3,Godawari Municipality,7,Ward - 7,1098,5070,2279,2791
7,76,3,Godawari Municipality,8,Ward - 8,1717,8502,3975,4527
7,76,3,Godawari Municipality,9,Ward - 9,1647,8062,3722,4340
7,76,3,Godawari Municipality,10,Ward - 10,1041,4840,2252,2588
7,76,3,Godawari Municipality,11,Ward - 11,981,4552,1940,2612
7,76,3,Godawari Municipality,12,Ward - 12,1166,5626,2522,3104
7,76,4,Gauriganga Municipality,1,Ward - 1,1794,8607,4112,4495
7,76,4,Gauriganga Municipality,2,Ward - 2,1002,4588,2011,2577
7,76,4,Gauriganga Municipality,3,Ward - 3,1171,5482,2467,3015
7,76,4,Gauriganga Municipality,4,Ward - 4,1724,8208,3834,4374
7,76,4,Gauriganga Municipality,5,Ward - 5,967,4674,2123,2551
7,76,4,Gauriganga Municipality,6,Ward - 6,1460,6638,2928,3710
7,76,4,Gauriganga Municipality,7,Ward - 7,1367,6576,2986,3590
7,76,4,Gauriganga Municipality,8,Ward - 8,1520,6858,3251,3607
7,76,4,Gauriganga Municipality,9,Ward - 9,1116,5094,2394,2700
7,76,4,Gauriganga Municipality,10,Ward - 10,867,4108,1883,2225
7,76,4,Gauriganga Municipality,11,Ward - 11,793,3725,1702,2023
7,76,5,Ghodaghodi Municipality,1,Ward - 1,3026,13125,6256,6869
7,76,5,Ghodaghodi Municipality,2,Ward - 2,1379,6539,3042,3497
7,76,5,Ghodaghodi Municipality,3,Ward - 3,1429,6767,3103,3664
7,76,5,Ghodaghodi Municipality,4,Ward - 4,2109,10077,4708,5369
7,76,5,Ghodaghodi Municipality,5,Ward - 5,1620,7793,3638,4155
7,76,5,Ghodaghodi Municipality,6,Ward - 6,1052,5042,2257,2785
7,76,5,Ghodaghodi Municipality,7,Ward - 7,876,3945,1779,2166
7,76,5,Ghodaghodi Municipality,8,Ward - 8,2139,10500,4980,5520
7,76,5,Ghodaghodi Municipality,9,Ward - 9,1089,5015,2266,2749
7,76,5,Ghodaghodi Municipality,10,Ward - 10,1957,8666,4082,4584
7,76,5,Ghodaghodi Municipality,11,Ward - 11,960,4876,2296,2580
7,76,5,Ghodaghodi Municipality,12,Ward - 12,747,3689,1768,1921
7,76,6,Bardagoriya Gaunpalika,1,Ward - 1,1649,8043,3807,4236
7,76,6,Bardagoriya Gaunpalika,2,Ward - 2,1627,7755,3713,4042
7,76,6,Bardagoriya Gaunpalika,3,Ward - 3,1095,5042,2338,2704
7,76,6,Bardagoriya Gaunpalika,4,Ward - 4,1425,6327,2919,3408
7,76,6,Bardagoriya Gaunpalika,5,Ward - 5,1205,5855,2807,3048
7,76,6,Bardagoriya Gaunpalika,6,Ward - 6,939,4660,2190,2470
7,76,7,Lamki Chuha Municipality,1,Ward - 1,4402,19334,9233,10101
7,76,7,Lamki Chuha Municipality,2,Ward - 2,2051,8847,4108,4739
7,76,7,Lamki Chuha Municipality,3,Ward - 3,1579,6616,3134,3482
7,76,7,Lamki Chuha Municipality,4,Ward - 4,2730,12165,5646,6519
7,76,7,Lamki Chuha Municipality,5,Ward - 5,1349,5807,2626,3181
7,76,7,Lamki Chuha Municipality,6,Ward - 6,2375,10945,5052,5893
7,76,7,Lamki Chuha Municipality,7,Ward - 7,1546,6995,3313,3682
7,76,7,Lamki Chuha Municipality,8,Ward - 8,1463,6757,3054,3703
7,76,7,Lamki Chuha Municipality,9,Ward - 9,1777,7700,3526,4174
7,76,7,Lamki Chuha Municipality,10,Ward - 10,1140,5805,2749,3056
7,76,8,Janaki Gaunpalika,1,Ward - 1,1256,5328,2477,2851
7,76,8,Janaki Gaunpalika,2,Ward - 2,1172,5503,2595,2908
7,76,8,Janaki Gaunpalika,3,Ward - 3,1211,5327,2506,2821
7,76,8,Janaki Gaunpalika,4,Ward - 4,1185,5521,2530,2991
7,76,8,Janaki Gaunpalika,5,Ward - 5,1066,4685,2227,2458
7,76,8,Janaki Gaunpalika,6,Ward - 6,933,4417,2089,2328
7,76,8,Janaki Gaunpalika,7,Ward - 7,1313,6391,3057,3334
7,76,8,Janaki Gaunpalika,8,Ward - 8,1467,6592,2958,3634
7,76,8,Janaki Gaunpalika,9,Ward - 9,1438,6096,2759,3337
7,76,9,Joshipur Gaunpalika,1,Ward - 1,1270,5756,2776,2980
7,76,9,Joshipur Gaunpalika,2,Ward - 2,992,4866,2332,2534
7,76,9,Joshipur Gaunpalika,3,Ward - 3,1429,6423,2992,3431
7,76,9,Joshipur Gaunpalika,4,Ward - 4,978,5076,2432,2644
7,76,9,Joshipur Gaunpalika,5,Ward - 5,1154,5578,2671,2907
7,76,9,Joshipur Gaunpalika,6,Ward - 6,970,4947,2416,2531
7,76,9,Joshipur Gaunpalika,7,Ward - 7,958,4541,2135,2406
7,76,10,Tikapur Municipality,1,Ward - 1,11607,46697,21977,24720
7,76,10,Tikapur Municipality,2,Ward - 2,1687,7553,3473,4080
7,76,10,Tikapur Municipality,3,Ward - 3,1106,5182,2443,2739
7,76,10,Tikapur Municipality,4,Ward - 4,1079,4776,2223,2553
7,76,10,Tikapur Municipality,5,Ward - 5,1085,4933,2369,2564
7,76,10,Tikapur Municipality,6,Ward - 6,1061,4918,2293,2625
7,76,10,Tikapur Municipality,7,Ward - 7,1482,7082,3420,3662
7,76,10,Tikapur Municipality,8,Ward - 8,1099,5068,2350,2718
7,76,10,Tikapur Municipality,9,Ward - 9,724,3626,1746,1880
7,76,11,Bhajani Municipality,1,Ward - 1,1400,6182,2862,3320
7,76,11,Bhajani Municipality,2,Ward - 2,946,4546,2238,2308
7,76,11,Bhajani Municipality,3,Ward - 3,1222,6150,2921,3229
7,76,11,Bhajani Municipality,4,Ward - 4,1339,6388,2940,3448
7,76,11,Bhajani Municipality,5,Ward - 5,1143,5962,2801,3161
7,76,11,Bhajani Municipality,6,Ward - 6,1198,6047,3031,3016
7,76,11,Bhajani Municipality,7,Ward - 7,978,5542,2776,2766
7,76,11,Bhajani Municipality,8,Ward - 8,1277,6166,2989,3177
7,76,11,Bhajani Municipality,9,Ward - 9,1342,6511,3053,3458
7,76,12,Kailari Gaunpalika,1,Ward - 1,1212,6176,2956,3220
7,76,12,Kailari Gaunpalika,2,Ward - 2,1013,5064,2400,2664
7,76,12,Kailari Gaunpalika,3,Ward - 3,939,4426,2150,2276
7,76,12,Kailari Gaunpalika,4,Ward - 4,1005,4919,2361,2558
7,76,12,Kailari Gaunpalika,5,Ward - 5,1256,5631,2725,2906
7,76,12,Kailari Gaunpalika,6,Ward - 6,1215,6071,2920,3151
7,76,12,Kailari Gaunpalika,7,Ward - 7,1496,7234,3535,3699
7,76,12,Kailari Gaunpalika,8,Ward - 8,1041,5379,2610,2769
7,76,12,Kailari Gaunpalika,9,Ward - 9,997,5017,2423,2594
7,76,13,Dhangadhi Sub-Metropolitian City,1,Ward - 1,4611,18819,9437,9382
7,76,13,Dhangadhi Sub-Metropolitian City,2,Ward - 2,4030,16736,8582,8154
7,76,13,Dhangadhi Sub-Metropolitian City,3,Ward - 3,5002,21258,10738,10520
7,76,13,Dhangadhi Sub-Metropolitian City,4,Ward - 4,2827,11840,6147,5693
7,76,13,Dhangadhi Sub-Metropolitian City,5,Ward - 5,4338,17856,9122,8734
7,76,13,Dhangadhi Sub-Metropolitian City,6,Ward - 6,1569,7435,3626,3809
7,76,13,Dhangadhi Sub-Metropolitian City,7,Ward - 7,2957,12806,6388,6418
7,76,13,Dhangadhi Sub-Metropolitian City,8,Ward - 8,2719,11620,5844,5776
7,76,13,Dhangadhi Sub-Metropolitian City,9,Ward - 9,830,4112,1882,2230
7,76,13,Dhangadhi Sub-Metropolitian City,10,Ward - 10,768,4548,2261,2287
7,76,13,Dhangadhi Sub-Metropolitian City,11,Ward - 11,1255,6373,3128,3245
7,76,13,Dhangadhi Sub-Metropolitian City,12,Ward - 12,2691,12319,5724,6595
7,76,13,Dhangadhi Sub-Metropolitian City,13,Ward - 13,2596,12104,6017,6087
7,76,13,Dhangadhi Sub-Metropolitian City,14,Ward - 14,2013,9018,4131,4887
7,76,13,Dhangadhi Sub-Metropolitian City,15,Ward - 15,1088,5742,2809,2933
7,76,13,Dhangadhi Sub-Metropolitian City,16,Ward - 16,1214,5691,2675,3016
7,76,13,Dhangadhi Sub-Metropolitian City,17,Ward - 17,1288,6173,2931,3242
7,76,13,Dhangadhi Sub-Metropolitian City,18,Ward - 18,1273,6176,2904,3272
7,76,13,Dhangadhi Sub-Metropolitian City,19,Ward - 19,1710,8166,3838,4328
7,77,1,Krishnapur Municipality,1,Ward - 1,1996,9240,4271,4969
7,77,1,Krishnapur Municipality,2,Ward - 2,2770,12362,5899,6463
7,77,1,Krishnapur Municipality,3,Ward - 3,708,3466,1644,1822
7,77,1,Krishnapur Municipality,4,Ward - 4,2425,11241,5317,5924
7,77,1,Krishnapur Municipality,5,Ward - 5,2007,9492,4593,4899
7,77,1,Krishnapur Municipality,6,Ward - 6,1283,5978,2749,3229
7,77,1,Krishnapur Municipality,7,Ward - 7,1677,8560,3991,4569
7,77,1,Krishnapur Municipality,8,Ward - 8,912,4438,2184,2254
7,77,1,Krishnapur Municipality,9,Ward - 9,1333,6723,3182,3541
7,77,2,Shuklaphanta Municipality,1,Ward - 1,1251,5559,2478,3081
7,77,2,Shuklaphanta Municipality,2,Ward - 2,512,2189,966,1223
7,77,2,Shuklaphanta Municipality,3,Ward - 3,506,2374,1059,1315
7,77,2,Shuklaphanta Municipality,4,Ward - 4,785,3725,1768,1957
7,77,2,Shuklaphanta Municipality,5,Ward - 5,1227,5575,2474,3101
7,77,2,Shuklaphanta Municipality,6,Ward - 6,492,2191,1010,1181
7,77,2,Shuklaphanta Municipality,7,Ward - 7,1328,5762,2581,3181
7,77,2,Shuklaphanta Municipality,8,Ward - 8,1372,6176,2864,3312
7,77,2,Shuklaphanta Municipality,9,Ward - 9,655,2748,1191,1557
7,77,2,Shuklaphanta Municipality,10,Ward - 10,1183,5118,2422,2696
7,77,2,Shuklaphanta Municipality,11,Ward - 11,1692,7292,3361,3931
7,77,2,Shuklaphanta Municipality,12,Ward - 12,1055,5260,2410,2850
7,77,3,Bedkot Municipality,1,Ward - 1,944,4119,1870,2249
7,77,3,Bedkot Municipality,2,Ward - 2,995,4516,2107,2409
7,77,3,Bedkot Municipality,3,Ward - 3,1575,7712,3654,4058
7,77,3,Bedkot Municipality,4,Ward - 4,1184,5399,2475,2924
7,77,3,Bedkot Municipality,5,Ward - 5,1339,6190,2937,3253
7,77,3,Bedkot Municipality,6,Ward - 6,1004,4774,2305,2469
7,77,3,Bedkot Municipality,7,Ward - 7,1885,8385,3944,4441
7,77,3,Bedkot Municipality,8,Ward - 8,898,4140,1946,2194
7,77,3,Bedkot Municipality,9,Ward - 9,1121,4973,2337,2636
7,77,3,Bedkot Municipality,10,Ward - 10,1650,7472,3458,4014
7,77,4,Bhimdatta Municipality,1,Ward - 1,935,3965,1888,2077
7,77,4,Bhimdatta Municipality,2,Ward - 2,1778,7982,3827,4155
7,77,4,Bhimdatta Municipality,3,Ward - 3,1820,7484,3612,3872
7,77,4,Bhimdatta Municipality,4,Ward - 4,1501,6282,3139,3143
7,77,4,Bhimdatta Municipality,5,Ward - 5,1255,5594,2679,2915
7,77,4,Bhimdatta Municipality,6,Ward - 6,2238,10263,5045,5218
7,77,4,Bhimdatta Municipality,7,Ward - 7,1255,5551,2575,2976
7,77,4,Bhimdatta Municipality,8,Ward - 8,1116,5228,2452,2776
7,77,4,Bhimdatta Municipality,9,Ward - 9,1738,8198,3809,4389
7,77,4,Bhimdatta Municipality,10,Ward - 10,2550,11202,5170,6032
7,77,4,Bhimdatta Municipality,11,Ward - 11,845,4250,2063,2187
7,77,4,Bhimdatta Municipality,12,Ward - 12,765,3580,1673,1907
7,77,4,Bhimdatta Municipality,13,Ward - 13,1177,5391,2399,2992
7,77,4,Bhimdatta Municipality,14,Ward - 14,678,3133,1400,1733
7,77,4,Bhimdatta Municipality,15,Ward - 15,1010,4635,2171,2464
7,77,4,Bhimdatta Municipality,16,Ward - 16,735,3228,1530,1698
7,77,4,Bhimdatta Municipality,17,Ward - 17,462,2184,1041,1143
7,77,4,Bhimdatta Municipality,18,Ward - 18,4624,19169,9441,9728
7,77,4,Bhimdatta Municipality,19,Ward - 19,1088,5001,2318,2683
7,77,5,Mahakali Municipality,1,Ward - 1,1078,5118,2333,2785
7,77,5,Mahakali Municipality,2,Ward - 2,935,4174,1876,2298
7,77,5,Mahakali Municipality,3,Ward - 3,1200,5054,2131,2923
7,77,5,Mahakali Municipality,4,Ward - 4,1091,4718,2136,2582
7,77,5,Mahakali Municipality,5,Ward - 5,571,2530,1133,1397
7,77,5,Mahakali Municipality,6,Ward - 6,880,3973,1712,2261
7,77,5,Mahakali Municipality,7,Ward - 7,1290,5749,2469,3280
7,77,5,Mahakali Municipality,8,Ward - 8,771,3559,1603,1956
7,77,5,Mahakali Municipality,9,Ward - 9,883,3985,1766,2219
7,77,5,Mahakali Municipality,10,Ward - 10,911,4114,1769,2345
7,77,6,Laljhadi Gaunpalika,1,Ward - 1,842,5036,2490,2546
7,77,6,Laljhadi Gaunpalika,2,Ward - 2,653,3786,1847,1939
7,77,6,Laljhadi Gaunpalika,3,Ward - 3,710,4060,2011,2049
7,77,6,Laljhadi Gaunpalika,4,Ward - 4,1114,5781,2839,2942
7,77,6,Laljhadi Gaunpalika,5,Ward - 5,703,3237,1475,1762
7,77,6,Laljhadi Gaunpalika,6,Ward - 6,723,3137,1482,1655
7,77,7,Punarbas Municipality,1,Ward - 1,1659,7623,3551,4072
7,77,7,Punarbas Municipality,2,Ward - 2,1464,6643,3069,3574
7,77,7,Punarbas Municipality,3,Ward - 3,567,2338,1103,1235
7,77,7,Punarbas Municipality,4,Ward - 4,1031,4439,1982,2457
7,77,7,Punarbas Municipality,5,Ward - 5,1478,7048,3181,3867
7,77,7,Punarbas Municipality,6,Ward - 6,1345,5484,2518,2966
7,77,7,Punarbas Municipality,7,Ward - 7,658,3304,1545,1759
7,77,7,Punarbas Municipality,8,Ward - 8,1107,4923,2222,2701
7,77,7,Punarbas Municipality,9,Ward - 9,1601,7289,3137,4152
7,77,7,Punarbas Municipality,10,Ward - 10,1356,6527,3021,3506
7,77,7,Punarbas Municipality,11,Ward - 11,1360,6130,2826,3304
7,77,8,Belouri Municipality,1,Ward - 1,663,3125,1431,1694
7,77,8,Belouri Municipality,2,Ward - 2,1054,5628,2684,2944
7,77,8,Belouri Municipality,3,Ward - 3,968,4501,2072,2429
7,77,8,Belouri Municipality,4,Ward - 4,1293,5570,2677,2893
7,77,8,Belouri Municipality,5,Ward - 5,1169,6215,2991,3224
7,77,8,Belouri Municipality,6,Ward - 6,1430,6794,3237,3557
7,77,8,Belouri Municipality,7,Ward - 7,718,3565,1703,1862
7,77,8,Belouri Municipality,8,Ward - 8,1171,5927,2773,3154
7,77,8,Belouri Municipality,9,Ward - 9,1256,5823,2632,3191
7,77,8,Belouri Municipality,10,Ward - 10,1429,6762,3175,3587
7,77,9,Beldandi Gaunpalika,1,Ward - 1,1026,4699,2063,2636
7,77,9,Beldandi Gaunpalika,2,Ward - 2,1496,6802,3065,3737
7,77,9,Beldandi Gaunpalika,3,Ward - 3,966,4609,2092,2517
7,77,9,Beldandi Gaunpalika,4,Ward - 4,382,1880,881,999
7,77,9,Beldandi Gaunpalika,5,Ward - 5,831,3898,1758,2140
